--
-- PostgreSQL database dump
--

-- Dumped from database version 14.3 (Debian 14.3-1.pgdg110+1)
-- Dumped by pg_dump version 14.3 (Debian 14.3-1.pgdg110+1)

SET statement_timeout = 0;
SET lock_timeout = 0;
SET idle_in_transaction_session_timeout = 0;
SET client_encoding = 'UTF8';
SET standard_conforming_strings = on;
SELECT pg_catalog.set_config('search_path', '', false);
SET check_function_bodies = false;
SET xmloption = content;
SET client_min_messages = warning;
SET row_security = off;

SET default_tablespace = '';

SET default_table_access_method = heap;

--
-- Name: auth_group; Type: TABLE; Schema: public; Owner: db_user
--

CREATE TABLE public.auth_group (
    id integer NOT NULL,
    name character varying(150) NOT NULL
);


ALTER TABLE public.auth_group OWNER TO db_user;

--
-- Name: auth_group_id_seq; Type: SEQUENCE; Schema: public; Owner: db_user
--

ALTER TABLE public.auth_group ALTER COLUMN id ADD GENERATED BY DEFAULT AS IDENTITY (
    SEQUENCE NAME public.auth_group_id_seq
    START WITH 1
    INCREMENT BY 1
    NO MINVALUE
    NO MAXVALUE
    CACHE 1
);


--
-- Name: auth_group_permissions; Type: TABLE; Schema: public; Owner: db_user
--

CREATE TABLE public.auth_group_permissions (
    id bigint NOT NULL,
    group_id integer NOT NULL,
    permission_id integer NOT NULL
);


ALTER TABLE public.auth_group_permissions OWNER TO db_user;

--
-- Name: auth_group_permissions_id_seq; Type: SEQUENCE; Schema: public; Owner: db_user
--

ALTER TABLE public.auth_group_permissions ALTER COLUMN id ADD GENERATED BY DEFAULT AS IDENTITY (
    SEQUENCE NAME public.auth_group_permissions_id_seq
    START WITH 1
    INCREMENT BY 1
    NO MINVALUE
    NO MAXVALUE
    CACHE 1
);


--
-- Name: auth_permission; Type: TABLE; Schema: public; Owner: db_user
--

CREATE TABLE public.auth_permission (
    id integer NOT NULL,
    name character varying(255) NOT NULL,
    content_type_id integer NOT NULL,
    codename character varying(100) NOT NULL
);


ALTER TABLE public.auth_permission OWNER TO db_user;

--
-- Name: auth_permission_id_seq; Type: SEQUENCE; Schema: public; Owner: db_user
--

ALTER TABLE public.auth_permission ALTER COLUMN id ADD GENERATED BY DEFAULT AS IDENTITY (
    SEQUENCE NAME public.auth_permission_id_seq
    START WITH 1
    INCREMENT BY 1
    NO MINVALUE
    NO MAXVALUE
    CACHE 1
);


--
-- Name: django_admin_log; Type: TABLE; Schema: public; Owner: db_user
--

CREATE TABLE public.django_admin_log (
    id integer NOT NULL,
    action_time timestamp with time zone NOT NULL,
    object_id text,
    object_repr character varying(200) NOT NULL,
    action_flag smallint NOT NULL,
    change_message text NOT NULL,
    content_type_id integer,
    user_id bigint NOT NULL,
    CONSTRAINT django_admin_log_action_flag_check CHECK ((action_flag >= 0))
);


ALTER TABLE public.django_admin_log OWNER TO db_user;

--
-- Name: django_admin_log_id_seq; Type: SEQUENCE; Schema: public; Owner: db_user
--

ALTER TABLE public.django_admin_log ALTER COLUMN id ADD GENERATED BY DEFAULT AS IDENTITY (
    SEQUENCE NAME public.django_admin_log_id_seq
    START WITH 1
    INCREMENT BY 1
    NO MINVALUE
    NO MAXVALUE
    CACHE 1
);


--
-- Name: django_content_type; Type: TABLE; Schema: public; Owner: db_user
--

CREATE TABLE public.django_content_type (
    id integer NOT NULL,
    app_label character varying(100) NOT NULL,
    model character varying(100) NOT NULL
);


ALTER TABLE public.django_content_type OWNER TO db_user;

--
-- Name: django_content_type_id_seq; Type: SEQUENCE; Schema: public; Owner: db_user
--

ALTER TABLE public.django_content_type ALTER COLUMN id ADD GENERATED BY DEFAULT AS IDENTITY (
    SEQUENCE NAME public.django_content_type_id_seq
    START WITH 1
    INCREMENT BY 1
    NO MINVALUE
    NO MAXVALUE
    CACHE 1
);


--
-- Name: django_migrations; Type: TABLE; Schema: public; Owner: db_user
--

CREATE TABLE public.django_migrations (
    id bigint NOT NULL,
    app character varying(255) NOT NULL,
    name character varying(255) NOT NULL,
    applied timestamp with time zone NOT NULL
);


ALTER TABLE public.django_migrations OWNER TO db_user;

--
-- Name: django_migrations_id_seq; Type: SEQUENCE; Schema: public; Owner: db_user
--

ALTER TABLE public.django_migrations ALTER COLUMN id ADD GENERATED BY DEFAULT AS IDENTITY (
    SEQUENCE NAME public.django_migrations_id_seq
    START WITH 1
    INCREMENT BY 1
    NO MINVALUE
    NO MAXVALUE
    CACHE 1
);


--
-- Name: django_session; Type: TABLE; Schema: public; Owner: db_user
--

CREATE TABLE public.django_session (
    session_key character varying(40) NOT NULL,
    session_data text NOT NULL,
    expire_date timestamp with time zone NOT NULL
);


ALTER TABLE public.django_session OWNER TO db_user;

--
-- Name: token_blacklist_blacklistedtoken; Type: TABLE; Schema: public; Owner: db_user
--

CREATE TABLE public.token_blacklist_blacklistedtoken (
    id bigint NOT NULL,
    blacklisted_at timestamp with time zone NOT NULL,
    token_id bigint NOT NULL
);


ALTER TABLE public.token_blacklist_blacklistedtoken OWNER TO db_user;

--
-- Name: token_blacklist_blacklistedtoken_id_seq; Type: SEQUENCE; Schema: public; Owner: db_user
--

ALTER TABLE public.token_blacklist_blacklistedtoken ALTER COLUMN id ADD GENERATED BY DEFAULT AS IDENTITY (
    SEQUENCE NAME public.token_blacklist_blacklistedtoken_id_seq
    START WITH 1
    INCREMENT BY 1
    NO MINVALUE
    NO MAXVALUE
    CACHE 1
);


--
-- Name: token_blacklist_outstandingtoken; Type: TABLE; Schema: public; Owner: db_user
--

CREATE TABLE public.token_blacklist_outstandingtoken (
    id bigint NOT NULL,
    token text NOT NULL,
    created_at timestamp with time zone,
    expires_at timestamp with time zone NOT NULL,
    user_id bigint,
    jti character varying(255) NOT NULL
);


ALTER TABLE public.token_blacklist_outstandingtoken OWNER TO db_user;

--
-- Name: token_blacklist_outstandingtoken_id_seq; Type: SEQUENCE; Schema: public; Owner: db_user
--

ALTER TABLE public.token_blacklist_outstandingtoken ALTER COLUMN id ADD GENERATED BY DEFAULT AS IDENTITY (
    SEQUENCE NAME public.token_blacklist_outstandingtoken_id_seq
    START WITH 1
    INCREMENT BY 1
    NO MINVALUE
    NO MAXVALUE
    CACHE 1
);


--
-- Name: user_profiles; Type: TABLE; Schema: public; Owner: db_user
--

CREATE TABLE public.user_profiles (
    id bigint NOT NULL,
    last_login timestamp with time zone,
    username character varying(30),
    email character varying(254),
    first_name character varying(150) NOT NULL,
    last_name character varying(150) NOT NULL,
    password character varying(100),
    is_staff boolean NOT NULL,
    is_superuser boolean NOT NULL,
    is_active boolean NOT NULL,
    bio text,
    avatar character varying(100),
    score integer NOT NULL,
    date_joined timestamp with time zone NOT NULL
);


ALTER TABLE public.user_profiles OWNER TO db_user;

--
-- Name: user_profiles_friends; Type: TABLE; Schema: public; Owner: db_user
--

CREATE TABLE public.user_profiles_friends (
    id bigint NOT NULL,
    from_userprofile_id bigint NOT NULL,
    to_userprofile_id bigint NOT NULL
);


ALTER TABLE public.user_profiles_friends OWNER TO db_user;

--
-- Name: user_profiles_friends_id_seq; Type: SEQUENCE; Schema: public; Owner: db_user
--

ALTER TABLE public.user_profiles_friends ALTER COLUMN id ADD GENERATED BY DEFAULT AS IDENTITY (
    SEQUENCE NAME public.user_profiles_friends_id_seq
    START WITH 1
    INCREMENT BY 1
    NO MINVALUE
    NO MAXVALUE
    CACHE 1
);


--
-- Name: user_profiles_groups; Type: TABLE; Schema: public; Owner: db_user
--

CREATE TABLE public.user_profiles_groups (
    id bigint NOT NULL,
    userprofile_id bigint NOT NULL,
    group_id integer NOT NULL
);


ALTER TABLE public.user_profiles_groups OWNER TO db_user;

--
-- Name: user_profiles_groups_id_seq; Type: SEQUENCE; Schema: public; Owner: db_user
--

ALTER TABLE public.user_profiles_groups ALTER COLUMN id ADD GENERATED BY DEFAULT AS IDENTITY (
    SEQUENCE NAME public.user_profiles_groups_id_seq
    START WITH 1
    INCREMENT BY 1
    NO MINVALUE
    NO MAXVALUE
    CACHE 1
);


--
-- Name: user_profiles_id_seq; Type: SEQUENCE; Schema: public; Owner: db_user
--

ALTER TABLE public.user_profiles ALTER COLUMN id ADD GENERATED BY DEFAULT AS IDENTITY (
    SEQUENCE NAME public.user_profiles_id_seq
    START WITH 1
    INCREMENT BY 1
    NO MINVALUE
    NO MAXVALUE
    CACHE 1
);


--
-- Name: user_profiles_user_permissions; Type: TABLE; Schema: public; Owner: db_user
--

CREATE TABLE public.user_profiles_user_permissions (
    id bigint NOT NULL,
    userprofile_id bigint NOT NULL,
    permission_id integer NOT NULL
);


ALTER TABLE public.user_profiles_user_permissions OWNER TO db_user;

--
-- Name: user_profiles_user_permissions_id_seq; Type: SEQUENCE; Schema: public; Owner: db_user
--

ALTER TABLE public.user_profiles_user_permissions ALTER COLUMN id ADD GENERATED BY DEFAULT AS IDENTITY (
    SEQUENCE NAME public.user_profiles_user_permissions_id_seq
    START WITH 1
    INCREMENT BY 1
    NO MINVALUE
    NO MAXVALUE
    CACHE 1
);


--
-- Data for Name: auth_group; Type: TABLE DATA; Schema: public; Owner: db_user
--

COPY public.auth_group (id, name) FROM stdin;
\.


--
-- Data for Name: auth_group_permissions; Type: TABLE DATA; Schema: public; Owner: db_user
--

COPY public.auth_group_permissions (id, group_id, permission_id) FROM stdin;
\.


--
-- Data for Name: auth_permission; Type: TABLE DATA; Schema: public; Owner: db_user
--

COPY public.auth_permission (id, name, content_type_id, codename) FROM stdin;
1	Can add log entry	1	add_logentry
2	Can change log entry	1	change_logentry
3	Can delete log entry	1	delete_logentry
4	Can view log entry	1	view_logentry
5	Can add permission	2	add_permission
6	Can change permission	2	change_permission
7	Can delete permission	2	delete_permission
8	Can view permission	2	view_permission
9	Can add group	3	add_group
10	Can change group	3	change_group
11	Can delete group	3	delete_group
12	Can view group	3	view_group
13	Can add content type	4	add_contenttype
14	Can change content type	4	change_contenttype
15	Can delete content type	4	delete_contenttype
16	Can view content type	4	view_contenttype
17	Can add session	5	add_session
18	Can change session	5	change_session
19	Can delete session	5	delete_session
20	Can view session	5	view_session
21	Can add blacklisted token	6	add_blacklistedtoken
22	Can change blacklisted token	6	change_blacklistedtoken
23	Can delete blacklisted token	6	delete_blacklistedtoken
24	Can view blacklisted token	6	view_blacklistedtoken
25	Can add outstanding token	7	add_outstandingtoken
26	Can change outstanding token	7	change_outstandingtoken
27	Can delete outstanding token	7	delete_outstandingtoken
28	Can view outstanding token	7	view_outstandingtoken
29	Can add user profile	8	add_userprofile
30	Can change user profile	8	change_userprofile
31	Can delete user profile	8	delete_userprofile
32	Can view user profile	8	view_userprofile
\.


--
-- Data for Name: django_admin_log; Type: TABLE DATA; Schema: public; Owner: db_user
--

COPY public.django_admin_log (id, action_time, object_id, object_repr, action_flag, change_message, content_type_id, user_id) FROM stdin;
\.


--
-- Data for Name: django_content_type; Type: TABLE DATA; Schema: public; Owner: db_user
--

COPY public.django_content_type (id, app_label, model) FROM stdin;
1	admin	logentry
2	auth	permission
3	auth	group
4	contenttypes	contenttype
5	sessions	session
6	token_blacklist	blacklistedtoken
7	token_blacklist	outstandingtoken
8	authentication	userprofile
\.


--
-- Data for Name: django_migrations; Type: TABLE DATA; Schema: public; Owner: db_user
--

COPY public.django_migrations (id, app, name, applied) FROM stdin;
1	contenttypes	0001_initial	2024-12-01 15:08:43.989591+00
2	contenttypes	0002_remove_content_type_name	2024-12-01 17:44:43.045648+00
3	auth	0001_initial	2024-12-01 17:44:43.086669+00
4	auth	0002_alter_permission_name_max_length	2024-12-01 17:44:43.090214+00
5	auth	0003_alter_user_email_max_length	2024-12-01 17:44:43.093795+00
6	auth	0004_alter_user_username_opts	2024-12-01 17:44:43.097287+00
7	auth	0005_alter_user_last_login_null	2024-12-01 17:44:43.100733+00
8	auth	0006_require_contenttypes_0002	2024-12-01 17:44:43.1023+00
9	auth	0007_alter_validators_add_error_messages	2024-12-01 17:44:43.105684+00
10	auth	0008_alter_user_username_max_length	2024-12-01 17:44:43.109114+00
11	auth	0009_alter_user_last_name_max_length	2024-12-01 17:44:43.112526+00
12	auth	0010_alter_group_name_max_length	2024-12-01 17:44:43.116448+00
13	auth	0011_update_proxy_permissions	2024-12-01 17:44:43.120435+00
14	auth	0012_alter_user_first_name_max_length	2024-12-01 17:44:43.124194+00
15	authentication	0001_initial	2024-12-01 17:44:43.183142+00
16	admin	0001_initial	2024-12-01 17:44:43.202164+00
17	admin	0002_logentry_remove_auto_add	2024-12-01 17:44:43.207416+00
18	admin	0003_logentry_add_action_flag_choices	2024-12-01 17:44:43.21244+00
19	sessions	0001_initial	2024-12-01 17:44:43.226016+00
20	token_blacklist	0001_initial	2024-12-01 17:44:43.256332+00
21	token_blacklist	0002_outstandingtoken_jti_hex	2024-12-01 17:44:43.262454+00
22	token_blacklist	0003_auto_20171017_2007	2024-12-01 17:44:43.27091+00
23	token_blacklist	0004_auto_20171017_2013	2024-12-01 17:44:43.282192+00
24	token_blacklist	0005_remove_outstandingtoken_jti	2024-12-01 17:44:43.288461+00
25	token_blacklist	0006_auto_20171017_2113	2024-12-01 17:44:43.294425+00
26	token_blacklist	0007_auto_20171017_2214	2024-12-01 17:44:43.308373+00
27	token_blacklist	0008_migrate_to_bigautofield	2024-12-01 17:44:43.347467+00
28	token_blacklist	0010_fix_migrate_to_bigautofield	2024-12-01 17:44:43.357044+00
29	token_blacklist	0011_linearizes_history	2024-12-01 17:44:43.358479+00
30	token_blacklist	0012_alter_outstandingtoken_user	2024-12-01 17:44:43.364416+00
\.


--
-- Data for Name: django_session; Type: TABLE DATA; Schema: public; Owner: db_user
--

COPY public.django_session (session_key, session_data, expire_date) FROM stdin;
\.


--
-- Data for Name: token_blacklist_blacklistedtoken; Type: TABLE DATA; Schema: public; Owner: db_user
--

COPY public.token_blacklist_blacklistedtoken (id, blacklisted_at, token_id) FROM stdin;
\.


--
-- Data for Name: token_blacklist_outstandingtoken; Type: TABLE DATA; Schema: public; Owner: db_user
--

COPY public.token_blacklist_outstandingtoken (id, token, created_at, expires_at, user_id, jti) FROM stdin;
\.


--
-- Data for Name: user_profiles; Type: TABLE DATA; Schema: public; Owner: db_user
--

COPY public.user_profiles (id, last_login, username, email, first_name, last_name, password, is_staff, is_superuser, is_active, bio, avatar, score, date_joined) FROM stdin;
1	\N	admin	admin@admin.com			pbkdf2_sha256$870000$aM3HJQ2BRbF3tPj3fOdjM0$zAyMXHkYWsnFcoBiFY6ByBLTdHzKZYe1juot5VyCbIk=	t	t	t	\N		0	2024-12-01 17:44:44.772915+00
2	\N	sss	lu@gmail.com			pbkdf2_sha256$870000$gdA7GdF5Vq9kdMrJd5gOzj$6sIIJZRxD73IVwP3Hlf3B53x7ToEHAwFyVkv/7DRj98=	f	f	t	\N		0	2024-12-02 11:11:24.846193+00
3	\N	lu	lulu@gmail.com			pbkdf2_sha256$870000$bPF6uebraLJmsWW3phsdcu$XXx64yh7mpTVOiobu4JOdujjicysZqJeYShy2Tb154M=	f	f	t	\N		0	2024-12-02 11:11:48.742295+00
4	\N	lului	lului@gmail.com			pbkdf2_sha256$870000$xFv8rbHUOpeWOk6JJVd1sw$Tb1oOMr0NV69mPBmcohp2kjcuxJJTWTCCrH3vWBebUc=	f	f	t	\N		0	2024-12-02 11:12:25.926781+00
5	\N	igo	igor@gmail.com			pbkdf2_sha256$870000$yrg7NIulhu3L77C6atO6Hn$OWSdDugPDQ+cq/Hfj6p6P3DhqlclxTtSL658ahpoEE8=	f	f	t	\N		0	2024-12-02 11:22:56.038783+00
6	\N	ui	ui@gmail.com			pbkdf2_sha256$870000$ZHOHrmVBE0952uECy1YhfC$R8wvVq8q2MkzgxSx8XOxrqI8NyAo3F3Fm+ImZ1EsYkI=	f	f	t	\N		0	2024-12-02 11:23:42.470884+00
7	\N	uu	uu@gmail.com			pbkdf2_sha256$870000$kVbNPDMcYe5nJQshRDNYcT$/IoTAQ78tvNrtf9WIz+V012MQjjn1TGgUw77a8eHTtQ=	f	f	t	\N		0	2024-12-02 11:43:55.978691+00
8	\N	uul	uul@gmail.com			pbkdf2_sha256$870000$tumKD998c0pTi9KUEySpJU$ABX/PRPzXkdxWHdzJIGnLRiCDA+qdy54QKQrEGfkfEU=	f	f	t	\N		0	2024-12-02 11:45:09.24467+00
9	\N	oi	oi@gmail.com			pbkdf2_sha256$870000$toZl7hiBEL7QRBpzx7lozV$1ubudIKvq/AcJd7WIFyw189AZqAIwUIXQyvsRTceLWg=	f	f	t	\N		0	2024-12-02 11:47:39.775458+00
10	\N	yu	yu@gmail.com			pbkdf2_sha256$870000$h183PYclluI6lPvbjirblM$IO8zBMtbSJJJSD/6fJD+pBmdF8lQ6Ws3oS4XimI61sI=	f	f	t	\N		0	2024-12-02 11:55:43.84059+00
11	\N	ff	ff@gmail.com			pbkdf2_sha256$870000$c8yONO0xpF1UpQVMTSDjAE$ijI5z+Q/LHO3oGl82BjFFp8pthtwgDFtGmTF0i3R9po=	f	f	t	\N		0	2024-12-02 12:02:10.247462+00
12	\N	r	r@gmail.com			pbkdf2_sha256$870000$UEvfyKk2BfFZ4hzyD3Vilf$FcXzd8d3upMkuUuy2G6Y4WfrQNd88tnkCegSiR8BAXY=	f	f	t	\N		0	2024-12-02 12:11:03.093731+00
\.


--
-- Data for Name: user_profiles_friends; Type: TABLE DATA; Schema: public; Owner: db_user
--

COPY public.user_profiles_friends (id, from_userprofile_id, to_userprofile_id) FROM stdin;
\.


--
-- Data for Name: user_profiles_groups; Type: TABLE DATA; Schema: public; Owner: db_user
--

COPY public.user_profiles_groups (id, userprofile_id, group_id) FROM stdin;
\.


--
-- Data for Name: user_profiles_user_permissions; Type: TABLE DATA; Schema: public; Owner: db_user
--

COPY public.user_profiles_user_permissions (id, userprofile_id, permission_id) FROM stdin;
\.


--
-- Name: auth_group_id_seq; Type: SEQUENCE SET; Schema: public; Owner: db_user
--

SELECT pg_catalog.setval('public.auth_group_id_seq', 1, false);


--
-- Name: auth_group_permissions_id_seq; Type: SEQUENCE SET; Schema: public; Owner: db_user
--

SELECT pg_catalog.setval('public.auth_group_permissions_id_seq', 1, false);


--
-- Name: auth_permission_id_seq; Type: SEQUENCE SET; Schema: public; Owner: db_user
--

SELECT pg_catalog.setval('public.auth_permission_id_seq', 32, true);


--
-- Name: django_admin_log_id_seq; Type: SEQUENCE SET; Schema: public; Owner: db_user
--

SELECT pg_catalog.setval('public.django_admin_log_id_seq', 1, false);


--
-- Name: django_content_type_id_seq; Type: SEQUENCE SET; Schema: public; Owner: db_user
--

SELECT pg_catalog.setval('public.django_content_type_id_seq', 8, true);


--
-- Name: django_migrations_id_seq; Type: SEQUENCE SET; Schema: public; Owner: db_user
--

SELECT pg_catalog.setval('public.django_migrations_id_seq', 30, true);


--
-- Name: token_blacklist_blacklistedtoken_id_seq; Type: SEQUENCE SET; Schema: public; Owner: db_user
--

SELECT pg_catalog.setval('public.token_blacklist_blacklistedtoken_id_seq', 1, false);


--
-- Name: token_blacklist_outstandingtoken_id_seq; Type: SEQUENCE SET; Schema: public; Owner: db_user
--

SELECT pg_catalog.setval('public.token_blacklist_outstandingtoken_id_seq', 1, false);


--
-- Name: user_profiles_friends_id_seq; Type: SEQUENCE SET; Schema: public; Owner: db_user
--

SELECT pg_catalog.setval('public.user_profiles_friends_id_seq', 1, false);


--
-- Name: user_profiles_groups_id_seq; Type: SEQUENCE SET; Schema: public; Owner: db_user
--

SELECT pg_catalog.setval('public.user_profiles_groups_id_seq', 1, false);


--
-- Name: user_profiles_id_seq; Type: SEQUENCE SET; Schema: public; Owner: db_user
--

SELECT pg_catalog.setval('public.user_profiles_id_seq', 12, true);


--
-- Name: user_profiles_user_permissions_id_seq; Type: SEQUENCE SET; Schema: public; Owner: db_user
--

SELECT pg_catalog.setval('public.user_profiles_user_permissions_id_seq', 1, false);


--
-- Name: auth_group auth_group_name_key; Type: CONSTRAINT; Schema: public; Owner: db_user
--

ALTER TABLE ONLY public.auth_group
    ADD CONSTRAINT auth_group_name_key UNIQUE (name);


--
-- Name: auth_group_permissions auth_group_permissions_group_id_permission_id_0cd325b0_uniq; Type: CONSTRAINT; Schema: public; Owner: db_user
--

ALTER TABLE ONLY public.auth_group_permissions
    ADD CONSTRAINT auth_group_permissions_group_id_permission_id_0cd325b0_uniq UNIQUE (group_id, permission_id);


--
-- Name: auth_group_permissions auth_group_permissions_pkey; Type: CONSTRAINT; Schema: public; Owner: db_user
--

ALTER TABLE ONLY public.auth_group_permissions
    ADD CONSTRAINT auth_group_permissions_pkey PRIMARY KEY (id);


--
-- Name: auth_group auth_group_pkey; Type: CONSTRAINT; Schema: public; Owner: db_user
--

ALTER TABLE ONLY public.auth_group
    ADD CONSTRAINT auth_group_pkey PRIMARY KEY (id);


--
-- Name: auth_permission auth_permission_content_type_id_codename_01ab375a_uniq; Type: CONSTRAINT; Schema: public; Owner: db_user
--

ALTER TABLE ONLY public.auth_permission
    ADD CONSTRAINT auth_permission_content_type_id_codename_01ab375a_uniq UNIQUE (content_type_id, codename);


--
-- Name: auth_permission auth_permission_pkey; Type: CONSTRAINT; Schema: public; Owner: db_user
--

ALTER TABLE ONLY public.auth_permission
    ADD CONSTRAINT auth_permission_pkey PRIMARY KEY (id);


--
-- Name: django_admin_log django_admin_log_pkey; Type: CONSTRAINT; Schema: public; Owner: db_user
--

ALTER TABLE ONLY public.django_admin_log
    ADD CONSTRAINT django_admin_log_pkey PRIMARY KEY (id);


--
-- Name: django_content_type django_content_type_app_label_model_76bd3d3b_uniq; Type: CONSTRAINT; Schema: public; Owner: db_user
--

ALTER TABLE ONLY public.django_content_type
    ADD CONSTRAINT django_content_type_app_label_model_76bd3d3b_uniq UNIQUE (app_label, model);


--
-- Name: django_content_type django_content_type_pkey; Type: CONSTRAINT; Schema: public; Owner: db_user
--

ALTER TABLE ONLY public.django_content_type
    ADD CONSTRAINT django_content_type_pkey PRIMARY KEY (id);


--
-- Name: django_migrations django_migrations_pkey; Type: CONSTRAINT; Schema: public; Owner: db_user
--

ALTER TABLE ONLY public.django_migrations
    ADD CONSTRAINT django_migrations_pkey PRIMARY KEY (id);


--
-- Name: django_session django_session_pkey; Type: CONSTRAINT; Schema: public; Owner: db_user
--

ALTER TABLE ONLY public.django_session
    ADD CONSTRAINT django_session_pkey PRIMARY KEY (session_key);


--
-- Name: token_blacklist_blacklistedtoken token_blacklist_blacklistedtoken_pkey; Type: CONSTRAINT; Schema: public; Owner: db_user
--

ALTER TABLE ONLY public.token_blacklist_blacklistedtoken
    ADD CONSTRAINT token_blacklist_blacklistedtoken_pkey PRIMARY KEY (id);


--
-- Name: token_blacklist_blacklistedtoken token_blacklist_blacklistedtoken_token_id_key; Type: CONSTRAINT; Schema: public; Owner: db_user
--

ALTER TABLE ONLY public.token_blacklist_blacklistedtoken
    ADD CONSTRAINT token_blacklist_blacklistedtoken_token_id_key UNIQUE (token_id);


--
-- Name: token_blacklist_outstandingtoken token_blacklist_outstandingtoken_jti_hex_d9bdf6f7_uniq; Type: CONSTRAINT; Schema: public; Owner: db_user
--

ALTER TABLE ONLY public.token_blacklist_outstandingtoken
    ADD CONSTRAINT token_blacklist_outstandingtoken_jti_hex_d9bdf6f7_uniq UNIQUE (jti);


--
-- Name: token_blacklist_outstandingtoken token_blacklist_outstandingtoken_pkey; Type: CONSTRAINT; Schema: public; Owner: db_user
--

ALTER TABLE ONLY public.token_blacklist_outstandingtoken
    ADD CONSTRAINT token_blacklist_outstandingtoken_pkey PRIMARY KEY (id);


--
-- Name: user_profiles user_profiles_email_key; Type: CONSTRAINT; Schema: public; Owner: db_user
--

ALTER TABLE ONLY public.user_profiles
    ADD CONSTRAINT user_profiles_email_key UNIQUE (email);


--
-- Name: user_profiles_friends user_profiles_friends_from_userprofile_id_to_u_750b7c6d_uniq; Type: CONSTRAINT; Schema: public; Owner: db_user
--

ALTER TABLE ONLY public.user_profiles_friends
    ADD CONSTRAINT user_profiles_friends_from_userprofile_id_to_u_750b7c6d_uniq UNIQUE (from_userprofile_id, to_userprofile_id);


--
-- Name: user_profiles_friends user_profiles_friends_pkey; Type: CONSTRAINT; Schema: public; Owner: db_user
--

ALTER TABLE ONLY public.user_profiles_friends
    ADD CONSTRAINT user_profiles_friends_pkey PRIMARY KEY (id);


--
-- Name: user_profiles_groups user_profiles_groups_pkey; Type: CONSTRAINT; Schema: public; Owner: db_user
--

ALTER TABLE ONLY public.user_profiles_groups
    ADD CONSTRAINT user_profiles_groups_pkey PRIMARY KEY (id);


--
-- Name: user_profiles_groups user_profiles_groups_userprofile_id_group_id_ece671ad_uniq; Type: CONSTRAINT; Schema: public; Owner: db_user
--

ALTER TABLE ONLY public.user_profiles_groups
    ADD CONSTRAINT user_profiles_groups_userprofile_id_group_id_ece671ad_uniq UNIQUE (userprofile_id, group_id);


--
-- Name: user_profiles user_profiles_pkey; Type: CONSTRAINT; Schema: public; Owner: db_user
--

ALTER TABLE ONLY public.user_profiles
    ADD CONSTRAINT user_profiles_pkey PRIMARY KEY (id);


--
-- Name: user_profiles_user_permissions user_profiles_user_permi_userprofile_id_permissio_1be244b3_uniq; Type: CONSTRAINT; Schema: public; Owner: db_user
--

ALTER TABLE ONLY public.user_profiles_user_permissions
    ADD CONSTRAINT user_profiles_user_permi_userprofile_id_permissio_1be244b3_uniq UNIQUE (userprofile_id, permission_id);


--
-- Name: user_profiles_user_permissions user_profiles_user_permissions_pkey; Type: CONSTRAINT; Schema: public; Owner: db_user
--

ALTER TABLE ONLY public.user_profiles_user_permissions
    ADD CONSTRAINT user_profiles_user_permissions_pkey PRIMARY KEY (id);


--
-- Name: user_profiles user_profiles_username_key; Type: CONSTRAINT; Schema: public; Owner: db_user
--

ALTER TABLE ONLY public.user_profiles
    ADD CONSTRAINT user_profiles_username_key UNIQUE (username);


--
-- Name: auth_group_name_a6ea08ec_like; Type: INDEX; Schema: public; Owner: db_user
--

CREATE INDEX auth_group_name_a6ea08ec_like ON public.auth_group USING btree (name varchar_pattern_ops);


--
-- Name: auth_group_permissions_group_id_b120cbf9; Type: INDEX; Schema: public; Owner: db_user
--

CREATE INDEX auth_group_permissions_group_id_b120cbf9 ON public.auth_group_permissions USING btree (group_id);


--
-- Name: auth_group_permissions_permission_id_84c5c92e; Type: INDEX; Schema: public; Owner: db_user
--

CREATE INDEX auth_group_permissions_permission_id_84c5c92e ON public.auth_group_permissions USING btree (permission_id);


--
-- Name: auth_permission_content_type_id_2f476e4b; Type: INDEX; Schema: public; Owner: db_user
--

CREATE INDEX auth_permission_content_type_id_2f476e4b ON public.auth_permission USING btree (content_type_id);


--
-- Name: django_admin_log_content_type_id_c4bce8eb; Type: INDEX; Schema: public; Owner: db_user
--

CREATE INDEX django_admin_log_content_type_id_c4bce8eb ON public.django_admin_log USING btree (content_type_id);


--
-- Name: django_admin_log_user_id_c564eba6; Type: INDEX; Schema: public; Owner: db_user
--

CREATE INDEX django_admin_log_user_id_c564eba6 ON public.django_admin_log USING btree (user_id);


--
-- Name: django_session_expire_date_a5c62663; Type: INDEX; Schema: public; Owner: db_user
--

CREATE INDEX django_session_expire_date_a5c62663 ON public.django_session USING btree (expire_date);


--
-- Name: django_session_session_key_c0390e0f_like; Type: INDEX; Schema: public; Owner: db_user
--

CREATE INDEX django_session_session_key_c0390e0f_like ON public.django_session USING btree (session_key varchar_pattern_ops);


--
-- Name: token_blacklist_outstandingtoken_jti_hex_d9bdf6f7_like; Type: INDEX; Schema: public; Owner: db_user
--

CREATE INDEX token_blacklist_outstandingtoken_jti_hex_d9bdf6f7_like ON public.token_blacklist_outstandingtoken USING btree (jti varchar_pattern_ops);


--
-- Name: token_blacklist_outstandingtoken_user_id_83bc629a; Type: INDEX; Schema: public; Owner: db_user
--

CREATE INDEX token_blacklist_outstandingtoken_user_id_83bc629a ON public.token_blacklist_outstandingtoken USING btree (user_id);


--
-- Name: user_profiles_email_4fd97605_like; Type: INDEX; Schema: public; Owner: db_user
--

CREATE INDEX user_profiles_email_4fd97605_like ON public.user_profiles USING btree (email varchar_pattern_ops);


--
-- Name: user_profiles_friends_from_userprofile_id_d041e6a2; Type: INDEX; Schema: public; Owner: db_user
--

CREATE INDEX user_profiles_friends_from_userprofile_id_d041e6a2 ON public.user_profiles_friends USING btree (from_userprofile_id);


--
-- Name: user_profiles_friends_to_userprofile_id_f5fe0bbc; Type: INDEX; Schema: public; Owner: db_user
--

CREATE INDEX user_profiles_friends_to_userprofile_id_f5fe0bbc ON public.user_profiles_friends USING btree (to_userprofile_id);


--
-- Name: user_profiles_groups_group_id_afb464fe; Type: INDEX; Schema: public; Owner: db_user
--

CREATE INDEX user_profiles_groups_group_id_afb464fe ON public.user_profiles_groups USING btree (group_id);


--
-- Name: user_profiles_groups_userprofile_id_0b2da12a; Type: INDEX; Schema: public; Owner: db_user
--

CREATE INDEX user_profiles_groups_userprofile_id_0b2da12a ON public.user_profiles_groups USING btree (userprofile_id);


--
-- Name: user_profiles_user_permissions_permission_id_9b866494; Type: INDEX; Schema: public; Owner: db_user
--

CREATE INDEX user_profiles_user_permissions_permission_id_9b866494 ON public.user_profiles_user_permissions USING btree (permission_id);


--
-- Name: user_profiles_user_permissions_userprofile_id_d73c7ed0; Type: INDEX; Schema: public; Owner: db_user
--

CREATE INDEX user_profiles_user_permissions_userprofile_id_d73c7ed0 ON public.user_profiles_user_permissions USING btree (userprofile_id);


--
-- Name: user_profiles_username_356fa919_like; Type: INDEX; Schema: public; Owner: db_user
--

CREATE INDEX user_profiles_username_356fa919_like ON public.user_profiles USING btree (username varchar_pattern_ops);


--
-- Name: auth_group_permissions auth_group_permissio_permission_id_84c5c92e_fk_auth_perm; Type: FK CONSTRAINT; Schema: public; Owner: db_user
--

ALTER TABLE ONLY public.auth_group_permissions
    ADD CONSTRAINT auth_group_permissio_permission_id_84c5c92e_fk_auth_perm FOREIGN KEY (permission_id) REFERENCES public.auth_permission(id) DEFERRABLE INITIALLY DEFERRED;


--
-- Name: auth_group_permissions auth_group_permissions_group_id_b120cbf9_fk_auth_group_id; Type: FK CONSTRAINT; Schema: public; Owner: db_user
--

ALTER TABLE ONLY public.auth_group_permissions
    ADD CONSTRAINT auth_group_permissions_group_id_b120cbf9_fk_auth_group_id FOREIGN KEY (group_id) REFERENCES public.auth_group(id) DEFERRABLE INITIALLY DEFERRED;


--
-- Name: auth_permission auth_permission_content_type_id_2f476e4b_fk_django_co; Type: FK CONSTRAINT; Schema: public; Owner: db_user
--

ALTER TABLE ONLY public.auth_permission
    ADD CONSTRAINT auth_permission_content_type_id_2f476e4b_fk_django_co FOREIGN KEY (content_type_id) REFERENCES public.django_content_type(id) DEFERRABLE INITIALLY DEFERRED;


--
-- Name: django_admin_log django_admin_log_content_type_id_c4bce8eb_fk_django_co; Type: FK CONSTRAINT; Schema: public; Owner: db_user
--

ALTER TABLE ONLY public.django_admin_log
    ADD CONSTRAINT django_admin_log_content_type_id_c4bce8eb_fk_django_co FOREIGN KEY (content_type_id) REFERENCES public.django_content_type(id) DEFERRABLE INITIALLY DEFERRED;


--
-- Name: django_admin_log django_admin_log_user_id_c564eba6_fk_user_profiles_id; Type: FK CONSTRAINT; Schema: public; Owner: db_user
--

ALTER TABLE ONLY public.django_admin_log
    ADD CONSTRAINT django_admin_log_user_id_c564eba6_fk_user_profiles_id FOREIGN KEY (user_id) REFERENCES public.user_profiles(id) DEFERRABLE INITIALLY DEFERRED;


--
-- Name: token_blacklist_blacklistedtoken token_blacklist_blacklistedtoken_token_id_3cc7fe56_fk; Type: FK CONSTRAINT; Schema: public; Owner: db_user
--

ALTER TABLE ONLY public.token_blacklist_blacklistedtoken
    ADD CONSTRAINT token_blacklist_blacklistedtoken_token_id_3cc7fe56_fk FOREIGN KEY (token_id) REFERENCES public.token_blacklist_outstandingtoken(id) DEFERRABLE INITIALLY DEFERRED;


--
-- Name: token_blacklist_outstandingtoken token_blacklist_outs_user_id_83bc629a_fk_user_prof; Type: FK CONSTRAINT; Schema: public; Owner: db_user
--

ALTER TABLE ONLY public.token_blacklist_outstandingtoken
    ADD CONSTRAINT token_blacklist_outs_user_id_83bc629a_fk_user_prof FOREIGN KEY (user_id) REFERENCES public.user_profiles(id) DEFERRABLE INITIALLY DEFERRED;


--
-- Name: user_profiles_friends user_profiles_friend_from_userprofile_id_d041e6a2_fk_user_prof; Type: FK CONSTRAINT; Schema: public; Owner: db_user
--

ALTER TABLE ONLY public.user_profiles_friends
    ADD CONSTRAINT user_profiles_friend_from_userprofile_id_d041e6a2_fk_user_prof FOREIGN KEY (from_userprofile_id) REFERENCES public.user_profiles(id) DEFERRABLE INITIALLY DEFERRED;


--
-- Name: user_profiles_friends user_profiles_friend_to_userprofile_id_f5fe0bbc_fk_user_prof; Type: FK CONSTRAINT; Schema: public; Owner: db_user
--

ALTER TABLE ONLY public.user_profiles_friends
    ADD CONSTRAINT user_profiles_friend_to_userprofile_id_f5fe0bbc_fk_user_prof FOREIGN KEY (to_userprofile_id) REFERENCES public.user_profiles(id) DEFERRABLE INITIALLY DEFERRED;


--
-- Name: user_profiles_groups user_profiles_groups_group_id_afb464fe_fk_auth_group_id; Type: FK CONSTRAINT; Schema: public; Owner: db_user
--

ALTER TABLE ONLY public.user_profiles_groups
    ADD CONSTRAINT user_profiles_groups_group_id_afb464fe_fk_auth_group_id FOREIGN KEY (group_id) REFERENCES public.auth_group(id) DEFERRABLE INITIALLY DEFERRED;


--
-- Name: user_profiles_groups user_profiles_groups_userprofile_id_0b2da12a_fk_user_prof; Type: FK CONSTRAINT; Schema: public; Owner: db_user
--

ALTER TABLE ONLY public.user_profiles_groups
    ADD CONSTRAINT user_profiles_groups_userprofile_id_0b2da12a_fk_user_prof FOREIGN KEY (userprofile_id) REFERENCES public.user_profiles(id) DEFERRABLE INITIALLY DEFERRED;


--
-- Name: user_profiles_user_permissions user_profiles_user_p_permission_id_9b866494_fk_auth_perm; Type: FK CONSTRAINT; Schema: public; Owner: db_user
--

ALTER TABLE ONLY public.user_profiles_user_permissions
    ADD CONSTRAINT user_profiles_user_p_permission_id_9b866494_fk_auth_perm FOREIGN KEY (permission_id) REFERENCES public.auth_permission(id) DEFERRABLE INITIALLY DEFERRED;


--
-- Name: user_profiles_user_permissions user_profiles_user_p_userprofile_id_d73c7ed0_fk_user_prof; Type: FK CONSTRAINT; Schema: public; Owner: db_user
--

ALTER TABLE ONLY public.user_profiles_user_permissions
    ADD CONSTRAINT user_profiles_user_p_userprofile_id_d73c7ed0_fk_user_prof FOREIGN KEY (userprofile_id) REFERENCES public.user_profiles(id) DEFERRABLE INITIALLY DEFERRED;


--
-- PostgreSQL database dump complete
--

