--
-- PostgreSQL database dump
--

-- Dumped from database version 14.3 (Debian 14.3-1.pgdg110+1)
-- Dumped by pg_dump version 14.3 (Debian 14.3-1.pgdg110+1)

SET statement_timeout = 0;
SET lock_timeout = 0;
SET idle_in_transaction_session_timeout = 0;
SET client_encoding = 'UTF8';
SET standard_conforming_strings = on;
SELECT pg_catalog.set_config('search_path', '', false);
SET check_function_bodies = false;
SET xmloption = content;
SET client_min_messages = warning;
SET row_security = off;

SET default_tablespace = '';

SET default_table_access_method = heap;

--
-- Name: auth_group; Type: TABLE; Schema: public; Owner: db_user
--

CREATE TABLE public.auth_group (
    id integer NOT NULL,
    name character varying(150) NOT NULL
);


ALTER TABLE public.auth_group OWNER TO db_user;

--
-- Name: auth_group_id_seq; Type: SEQUENCE; Schema: public; Owner: db_user
--

ALTER TABLE public.auth_group ALTER COLUMN id ADD GENERATED BY DEFAULT AS IDENTITY (
    SEQUENCE NAME public.auth_group_id_seq
    START WITH 1
    INCREMENT BY 1
    NO MINVALUE
    NO MAXVALUE
    CACHE 1
);


--
-- Name: auth_group_permissions; Type: TABLE; Schema: public; Owner: db_user
--

CREATE TABLE public.auth_group_permissions (
    id bigint NOT NULL,
    group_id integer NOT NULL,
    permission_id integer NOT NULL
);


ALTER TABLE public.auth_group_permissions OWNER TO db_user;

--
-- Name: auth_group_permissions_id_seq; Type: SEQUENCE; Schema: public; Owner: db_user
--

ALTER TABLE public.auth_group_permissions ALTER COLUMN id ADD GENERATED BY DEFAULT AS IDENTITY (
    SEQUENCE NAME public.auth_group_permissions_id_seq
    START WITH 1
    INCREMENT BY 1
    NO MINVALUE
    NO MAXVALUE
    CACHE 1
);


--
-- Name: auth_permission; Type: TABLE; Schema: public; Owner: db_user
--

CREATE TABLE public.auth_permission (
    id integer NOT NULL,
    name character varying(255) NOT NULL,
    content_type_id integer NOT NULL,
    codename character varying(100) NOT NULL
);


ALTER TABLE public.auth_permission OWNER TO db_user;

--
-- Name: auth_permission_id_seq; Type: SEQUENCE; Schema: public; Owner: db_user
--

ALTER TABLE public.auth_permission ALTER COLUMN id ADD GENERATED BY DEFAULT AS IDENTITY (
    SEQUENCE NAME public.auth_permission_id_seq
    START WITH 1
    INCREMENT BY 1
    NO MINVALUE
    NO MAXVALUE
    CACHE 1
);


--
-- Name: django_admin_log; Type: TABLE; Schema: public; Owner: db_user
--

CREATE TABLE public.django_admin_log (
    id integer NOT NULL,
    action_time timestamp with time zone NOT NULL,
    object_id text,
    object_repr character varying(200) NOT NULL,
    action_flag smallint NOT NULL,
    change_message text NOT NULL,
    content_type_id integer,
    user_id bigint NOT NULL,
    CONSTRAINT django_admin_log_action_flag_check CHECK ((action_flag >= 0))
);


ALTER TABLE public.django_admin_log OWNER TO db_user;

--
-- Name: django_admin_log_id_seq; Type: SEQUENCE; Schema: public; Owner: db_user
--

ALTER TABLE public.django_admin_log ALTER COLUMN id ADD GENERATED BY DEFAULT AS IDENTITY (
    SEQUENCE NAME public.django_admin_log_id_seq
    START WITH 1
    INCREMENT BY 1
    NO MINVALUE
    NO MAXVALUE
    CACHE 1
);


--
-- Name: django_content_type; Type: TABLE; Schema: public; Owner: db_user
--

CREATE TABLE public.django_content_type (
    id integer NOT NULL,
    app_label character varying(100) NOT NULL,
    model character varying(100) NOT NULL
);


ALTER TABLE public.django_content_type OWNER TO db_user;

--
-- Name: django_content_type_id_seq; Type: SEQUENCE; Schema: public; Owner: db_user
--

ALTER TABLE public.django_content_type ALTER COLUMN id ADD GENERATED BY DEFAULT AS IDENTITY (
    SEQUENCE NAME public.django_content_type_id_seq
    START WITH 1
    INCREMENT BY 1
    NO MINVALUE
    NO MAXVALUE
    CACHE 1
);


--
-- Name: django_migrations; Type: TABLE; Schema: public; Owner: db_user
--

CREATE TABLE public.django_migrations (
    id bigint NOT NULL,
    app character varying(255) NOT NULL,
    name character varying(255) NOT NULL,
    applied timestamp with time zone NOT NULL
);


ALTER TABLE public.django_migrations OWNER TO db_user;

--
-- Name: django_migrations_id_seq; Type: SEQUENCE; Schema: public; Owner: db_user
--

ALTER TABLE public.django_migrations ALTER COLUMN id ADD GENERATED BY DEFAULT AS IDENTITY (
    SEQUENCE NAME public.django_migrations_id_seq
    START WITH 1
    INCREMENT BY 1
    NO MINVALUE
    NO MAXVALUE
    CACHE 1
);


--
-- Name: django_session; Type: TABLE; Schema: public; Owner: db_user
--

CREATE TABLE public.django_session (
    session_key character varying(40) NOT NULL,
    session_data text NOT NULL,
    expire_date timestamp with time zone NOT NULL
);


ALTER TABLE public.django_session OWNER TO db_user;

--
-- Name: scores_score; Type: TABLE; Schema: public; Owner: db_user
--

CREATE TABLE public.scores_score (
    id bigint NOT NULL,
    opponent character varying(255) NOT NULL,
    date timestamp with time zone NOT NULL,
    user_id bigint NOT NULL,
    opponent_score integer NOT NULL,
    user_score integer NOT NULL,
    game_type character varying(255) NOT NULL,
    tournament_name character varying(255) NOT NULL
);


ALTER TABLE public.scores_score OWNER TO db_user;

--
-- Name: scores_score_id_seq; Type: SEQUENCE; Schema: public; Owner: db_user
--

ALTER TABLE public.scores_score ALTER COLUMN id ADD GENERATED BY DEFAULT AS IDENTITY (
    SEQUENCE NAME public.scores_score_id_seq
    START WITH 1
    INCREMENT BY 1
    NO MINVALUE
    NO MAXVALUE
    CACHE 1
);


--
-- Name: token_blacklist_blacklistedtoken; Type: TABLE; Schema: public; Owner: db_user
--

CREATE TABLE public.token_blacklist_blacklistedtoken (
    id bigint NOT NULL,
    blacklisted_at timestamp with time zone NOT NULL,
    token_id bigint NOT NULL
);


ALTER TABLE public.token_blacklist_blacklistedtoken OWNER TO db_user;

--
-- Name: token_blacklist_blacklistedtoken_id_seq; Type: SEQUENCE; Schema: public; Owner: db_user
--

ALTER TABLE public.token_blacklist_blacklistedtoken ALTER COLUMN id ADD GENERATED BY DEFAULT AS IDENTITY (
    SEQUENCE NAME public.token_blacklist_blacklistedtoken_id_seq
    START WITH 1
    INCREMENT BY 1
    NO MINVALUE
    NO MAXVALUE
    CACHE 1
);


--
-- Name: token_blacklist_outstandingtoken; Type: TABLE; Schema: public; Owner: db_user
--

CREATE TABLE public.token_blacklist_outstandingtoken (
    id bigint NOT NULL,
    token text NOT NULL,
    created_at timestamp with time zone,
    expires_at timestamp with time zone NOT NULL,
    user_id bigint,
    jti character varying(255) NOT NULL
);


ALTER TABLE public.token_blacklist_outstandingtoken OWNER TO db_user;

--
-- Name: token_blacklist_outstandingtoken_id_seq; Type: SEQUENCE; Schema: public; Owner: db_user
--

ALTER TABLE public.token_blacklist_outstandingtoken ALTER COLUMN id ADD GENERATED BY DEFAULT AS IDENTITY (
    SEQUENCE NAME public.token_blacklist_outstandingtoken_id_seq
    START WITH 1
    INCREMENT BY 1
    NO MINVALUE
    NO MAXVALUE
    CACHE 1
);


--
-- Name: user_login; Type: TABLE; Schema: public; Owner: db_user
--

CREATE TABLE public.user_login (
    id bigint NOT NULL,
    attempts integer NOT NULL,
    last_failed_attempt timestamp with time zone,
    last_successful_attempt timestamp with time zone,
    secret_key character varying(32),
    email character varying(254),
    CONSTRAINT user_login_attempts_check CHECK ((attempts >= 0))
);


ALTER TABLE public.user_login OWNER TO db_user;

--
-- Name: user_login_id_seq; Type: SEQUENCE; Schema: public; Owner: db_user
--

ALTER TABLE public.user_login ALTER COLUMN id ADD GENERATED BY DEFAULT AS IDENTITY (
    SEQUENCE NAME public.user_login_id_seq
    START WITH 1
    INCREMENT BY 1
    NO MINVALUE
    NO MAXVALUE
    CACHE 1
);


--
-- Name: user_profiles; Type: TABLE; Schema: public; Owner: db_user
--

CREATE TABLE public.user_profiles (
    id bigint NOT NULL,
    last_login timestamp with time zone,
    username character varying(30),
    email character varying(254),
    first_name character varying(150) NOT NULL,
    last_name character varying(150) NOT NULL,
    password character varying(100),
    is_staff boolean NOT NULL,
    is_superuser boolean NOT NULL,
    is_active boolean NOT NULL,
    bio text,
    avatar character varying(150) NOT NULL,
    date_joined timestamp with time zone NOT NULL,
    is_online boolean NOT NULL
);


ALTER TABLE public.user_profiles OWNER TO db_user;

--
-- Name: user_profiles_friends; Type: TABLE; Schema: public; Owner: db_user
--

CREATE TABLE public.user_profiles_friends (
    id bigint NOT NULL,
    from_userprofile_id bigint NOT NULL,
    to_userprofile_id bigint NOT NULL
);


ALTER TABLE public.user_profiles_friends OWNER TO db_user;

--
-- Name: user_profiles_friends_id_seq; Type: SEQUENCE; Schema: public; Owner: db_user
--

ALTER TABLE public.user_profiles_friends ALTER COLUMN id ADD GENERATED BY DEFAULT AS IDENTITY (
    SEQUENCE NAME public.user_profiles_friends_id_seq
    START WITH 1
    INCREMENT BY 1
    NO MINVALUE
    NO MAXVALUE
    CACHE 1
);


--
-- Name: user_profiles_groups; Type: TABLE; Schema: public; Owner: db_user
--

CREATE TABLE public.user_profiles_groups (
    id bigint NOT NULL,
    userprofile_id bigint NOT NULL,
    group_id integer NOT NULL
);


ALTER TABLE public.user_profiles_groups OWNER TO db_user;

--
-- Name: user_profiles_groups_id_seq; Type: SEQUENCE; Schema: public; Owner: db_user
--

ALTER TABLE public.user_profiles_groups ALTER COLUMN id ADD GENERATED BY DEFAULT AS IDENTITY (
    SEQUENCE NAME public.user_profiles_groups_id_seq
    START WITH 1
    INCREMENT BY 1
    NO MINVALUE
    NO MAXVALUE
    CACHE 1
);


--
-- Name: user_profiles_id_seq; Type: SEQUENCE; Schema: public; Owner: db_user
--

ALTER TABLE public.user_profiles ALTER COLUMN id ADD GENERATED BY DEFAULT AS IDENTITY (
    SEQUENCE NAME public.user_profiles_id_seq
    START WITH 1
    INCREMENT BY 1
    NO MINVALUE
    NO MAXVALUE
    CACHE 1
);


--
-- Name: user_profiles_user_permissions; Type: TABLE; Schema: public; Owner: db_user
--

CREATE TABLE public.user_profiles_user_permissions (
    id bigint NOT NULL,
    userprofile_id bigint NOT NULL,
    permission_id integer NOT NULL
);


ALTER TABLE public.user_profiles_user_permissions OWNER TO db_user;

--
-- Name: user_profiles_user_permissions_id_seq; Type: SEQUENCE; Schema: public; Owner: db_user
--

ALTER TABLE public.user_profiles_user_permissions ALTER COLUMN id ADD GENERATED BY DEFAULT AS IDENTITY (
    SEQUENCE NAME public.user_profiles_user_permissions_id_seq
    START WITH 1
    INCREMENT BY 1
    NO MINVALUE
    NO MAXVALUE
    CACHE 1
);


--
-- Data for Name: auth_group; Type: TABLE DATA; Schema: public; Owner: db_user
--

COPY public.auth_group (id, name) FROM stdin;
\.


--
-- Data for Name: auth_group_permissions; Type: TABLE DATA; Schema: public; Owner: db_user
--

COPY public.auth_group_permissions (id, group_id, permission_id) FROM stdin;
\.


--
-- Data for Name: auth_permission; Type: TABLE DATA; Schema: public; Owner: db_user
--

COPY public.auth_permission (id, name, content_type_id, codename) FROM stdin;
1	Can add log entry	1	add_logentry
2	Can change log entry	1	change_logentry
3	Can delete log entry	1	delete_logentry
4	Can view log entry	1	view_logentry
5	Can add permission	2	add_permission
6	Can change permission	2	change_permission
7	Can delete permission	2	delete_permission
8	Can view permission	2	view_permission
9	Can add group	3	add_group
10	Can change group	3	change_group
11	Can delete group	3	delete_group
12	Can view group	3	view_group
13	Can add content type	4	add_contenttype
14	Can change content type	4	change_contenttype
15	Can delete content type	4	delete_contenttype
16	Can view content type	4	view_contenttype
17	Can add session	5	add_session
18	Can change session	5	change_session
19	Can delete session	5	delete_session
20	Can view session	5	view_session
21	Can add blacklisted token	6	add_blacklistedtoken
22	Can change blacklisted token	6	change_blacklistedtoken
23	Can delete blacklisted token	6	delete_blacklistedtoken
24	Can view blacklisted token	6	view_blacklistedtoken
25	Can add outstanding token	7	add_outstandingtoken
26	Can change outstanding token	7	change_outstandingtoken
27	Can delete outstanding token	7	delete_outstandingtoken
28	Can view outstanding token	7	view_outstandingtoken
29	Can add user profile	8	add_userprofile
30	Can change user profile	8	change_userprofile
31	Can delete user profile	8	delete_userprofile
32	Can view user profile	8	view_userprofile
33	Can add score	9	add_score
34	Can change score	9	change_score
35	Can delete score	9	delete_score
36	Can view score	9	view_score
37	Can add user login attempt	10	add_userloginattempt
38	Can change user login attempt	10	change_userloginattempt
39	Can delete user login attempt	10	delete_userloginattempt
40	Can view user login attempt	10	view_userloginattempt
\.


--
-- Data for Name: django_admin_log; Type: TABLE DATA; Schema: public; Owner: db_user
--

COPY public.django_admin_log (id, action_time, object_id, object_repr, action_flag, change_message, content_type_id, user_id) FROM stdin;
\.


--
-- Data for Name: django_content_type; Type: TABLE DATA; Schema: public; Owner: db_user
--

COPY public.django_content_type (id, app_label, model) FROM stdin;
1	admin	logentry
2	auth	permission
3	auth	group
4	contenttypes	contenttype
5	sessions	session
6	token_blacklist	blacklistedtoken
7	token_blacklist	outstandingtoken
8	authentication	userprofile
9	scores	score
10	Two_factor_authentication	userloginattempt
\.


--
-- Data for Name: django_migrations; Type: TABLE DATA; Schema: public; Owner: db_user
--

COPY public.django_migrations (id, app, name, applied) FROM stdin;
1	contenttypes	0001_initial	2024-11-25 11:01:12.75067+00
2	contenttypes	0002_remove_content_type_name	2025-03-08 16:30:54.630895+00
3	auth	0001_initial	2025-03-08 16:30:54.677131+00
4	auth	0002_alter_permission_name_max_length	2025-03-08 16:30:54.680745+00
5	auth	0003_alter_user_email_max_length	2025-03-08 16:30:54.684428+00
6	auth	0004_alter_user_username_opts	2025-03-08 16:30:54.687998+00
7	auth	0005_alter_user_last_login_null	2025-03-08 16:30:54.691698+00
8	auth	0006_require_contenttypes_0002	2025-03-08 16:30:54.693253+00
9	auth	0007_alter_validators_add_error_messages	2025-03-08 16:30:54.696756+00
10	auth	0008_alter_user_username_max_length	2025-03-08 16:30:54.700479+00
11	auth	0009_alter_user_last_name_max_length	2025-03-08 16:30:54.705072+00
12	auth	0010_alter_group_name_max_length	2025-03-08 16:30:54.709653+00
13	auth	0011_update_proxy_permissions	2025-03-08 16:30:54.713896+00
14	auth	0012_alter_user_first_name_max_length	2025-03-08 16:30:54.717998+00
15	authentication	0001_initial	2025-03-08 16:30:54.777575+00
16	Two_factor_authentication	0001_initial	2025-03-08 16:30:54.789997+00
17	Two_factor_authentication	0002_remove_userloginattempt_user_and_more	2025-03-08 16:30:54.829865+00
18	Two_factor_authentication	0003_remove_userloginattempt_username_and_more	2025-03-08 16:30:54.839802+00
19	admin	0001_initial	2025-03-08 16:30:54.858981+00
20	admin	0002_logentry_remove_auto_add	2025-03-08 16:30:54.864528+00
21	admin	0003_logentry_add_action_flag_choices	2025-03-08 16:30:54.871015+00
22	authentication	0002_remove_userprofile_score	2025-03-08 16:30:54.876667+00
23	authentication	0003_alter_userprofile_avatar	2025-03-08 16:30:54.883519+00
24	authentication	0004_userprofile_is_online	2025-03-08 16:30:54.889302+00
25	scores	0001_initial	2025-03-08 16:30:54.901873+00
26	scores	0002_remove_score_score_score_opponent_score_and_more	2025-03-08 16:30:54.916441+00
27	scores	0003_score_game_type_score_tournament_name	2025-03-08 16:30:54.930403+00
28	sessions	0001_initial	2025-03-08 16:30:54.944867+00
29	token_blacklist	0001_initial	2025-03-08 16:30:54.977483+00
30	token_blacklist	0002_outstandingtoken_jti_hex	2025-03-08 16:30:54.984424+00
31	token_blacklist	0003_auto_20171017_2007	2025-03-08 16:30:54.992994+00
32	token_blacklist	0004_auto_20171017_2013	2025-03-08 16:30:55.006727+00
33	token_blacklist	0005_remove_outstandingtoken_jti	2025-03-08 16:30:55.013858+00
34	token_blacklist	0006_auto_20171017_2113	2025-03-08 16:30:55.020863+00
35	token_blacklist	0007_auto_20171017_2214	2025-03-08 16:30:55.036273+00
36	token_blacklist	0008_migrate_to_bigautofield	2025-03-08 16:30:55.072168+00
37	token_blacklist	0010_fix_migrate_to_bigautofield	2025-03-08 16:30:55.101306+00
38	token_blacklist	0011_linearizes_history	2025-03-08 16:30:55.10309+00
39	token_blacklist	0012_alter_outstandingtoken_user	2025-03-08 16:30:55.110046+00
\.


--
-- Data for Name: django_session; Type: TABLE DATA; Schema: public; Owner: db_user
--

COPY public.django_session (session_key, session_data, expire_date) FROM stdin;
\.


--
-- Data for Name: scores_score; Type: TABLE DATA; Schema: public; Owner: db_user
--

COPY public.scores_score (id, opponent, date, user_id, opponent_score, user_score, game_type, tournament_name) FROM stdin;
1	ana	2025-03-08 16:58:43.359451+00	2	5	4	MULTIPLAYER	42
2	ana	2025-03-08 16:59:00.027315+00	2	4	5	MULTIPLAYER	42
3	LUIZA	2025-03-08 17:07:10.948244+00	2	1	0	TOURNAMENT	42
4	ANA	2025-03-08 17:07:22.964141+00	2	0	1	TOURNAMENT	42
5	MARIA	2025-03-08 17:07:34.980112+00	2	0	1	TOURNAMENT	42
6	maria	2025-03-08 18:39:28.266213+00	2	0	1	TOURNAMENT	42
7	lu	2025-03-08 18:40:01.332395+00	2	0	1	TOURNAMENT	42
8	ana	2025-03-08 18:40:41.449447+00	2	1	0	TOURNAMENT	42
9	maria	2025-03-08 18:45:05.317003+00	2	1	0	TOURNAMENT	42
10	af	2025-03-08 18:45:24.234469+00	2	0	1	TOURNAMENT	42
11	lu	2025-03-08 18:45:36.183688+00	2	0	1	TOURNAMENT	42
12	carol	2025-03-08 18:46:26.984206+00	2	1	0	TOURNAMENT	42
13	ana	2025-03-08 18:46:39.167389+00	2	0	1	TOURNAMENT	42
14	maria	2025-03-08 18:46:52.834815+00	2	1	0	TOURNAMENT	42
15	gg	2025-03-08 18:48:35.001227+00	2	1	0	TOURNAMENT	42
16	ana	2025-03-08 18:49:11.501495+00	2	1	0	TOURNAMENT	42
17	ana	2025-03-08 18:51:03.484846+00	2	1	0	TOURNAMENT	42
18	john	2025-03-08 18:51:15.517753+00	2	0	1	TOURNAMENT	42
19	lu	2025-03-08 18:51:30.717747+00	2	0	1	TOURNAMENT	42
20	ff	2025-03-08 18:52:00.852193+00	2	1	0	TOURNAMENT	42
21	ana	2025-03-08 18:52:13.05213+00	2	1	0	TOURNAMENT	42
22	ana	2025-03-08 18:52:25.018571+00	2	0	1	TOURNAMENT	42
23	julia	2025-03-08 18:52:53.552885+00	2	1	0	TOURNAMENT	42
24	ana	2025-03-08 18:53:05.635196+00	2	1	0	TOURNAMENT	42
25	ana	2025-03-08 18:53:17.853185+00	2	1	0	TOURNAMENT	42
26	oto	2025-03-08 18:54:31.40279+00	2	1	0	TOURNAMENT	42
27	maria	2025-03-08 18:54:43.520429+00	2	0	1	TOURNAMENT	42
28	dd	2025-03-08 18:55:00.968771+00	2	1	0	TOURNAMENT	42
29	gg	2025-03-08 18:55:13.218893+00	2	1	0	TOURNAMENT	42
30	gg	2025-03-08 18:55:25.169063+00	2	1	0	TOURNAMENT	42
31	luana	2025-03-08 19:16:11.405472+00	2	0	1	TOURNAMENT	42
32	luli	2025-03-08 19:16:23.386448+00	2	0	1	TOURNAMENT	42
33	maia	2025-03-08 19:16:35.503599+00	2	1	0	TOURNAMENT	42
\.


--
-- Data for Name: token_blacklist_blacklistedtoken; Type: TABLE DATA; Schema: public; Owner: db_user
--

COPY public.token_blacklist_blacklistedtoken (id, blacklisted_at, token_id) FROM stdin;
\.


--
-- Data for Name: token_blacklist_outstandingtoken; Type: TABLE DATA; Schema: public; Owner: db_user
--

COPY public.token_blacklist_outstandingtoken (id, token, created_at, expires_at, user_id, jti) FROM stdin;
1	eyJhbGciOiJIUzI1NiIsInR5cCI6IkpXVCJ9.eyJ0b2tlbl90eXBlIjoicmVmcmVzaCIsImV4cCI6MTc0MjA1NjM5NiwiaWF0IjoxNzQxNDUxNTk2LCJqdGkiOiI5MTI2MThhM2NkODI0MzFlOWFmMGE0NTcwMWViMDBjMCIsInVzZXJfaWQiOjJ9.dF3moaOqg1xzL1JKRuYiinDfwPkSddKzLDE9HIyYMW0	2025-03-08 16:33:16.169638+00	2025-03-15 16:33:16+00	2	912618a3cd82431e9af0a45701eb00c0
2	eyJhbGciOiJIUzI1NiIsInR5cCI6IkpXVCJ9.eyJ0b2tlbl90eXBlIjoicmVmcmVzaCIsImV4cCI6MTc0MjA1NjQwNCwiaWF0IjoxNzQxNDUxNjA0LCJqdGkiOiJiZTI3MDBlOWJiNzY0OTkzYjgzMzZmNDA4ODk5MmEzNyIsInVzZXJfaWQiOjJ9.y6xpCAKL--ypBXIZKSn76azfaseytiLU6cQq54cFg48	2025-03-08 16:33:24.651567+00	2025-03-15 16:33:24+00	2	be2700e9bb764993b8336f4088992a37
3	eyJhbGciOiJIUzI1NiIsInR5cCI6IkpXVCJ9.eyJ0b2tlbl90eXBlIjoicmVmcmVzaCIsImV4cCI6MTc0MjA1Nzc3NSwiaWF0IjoxNzQxNDUyOTc1LCJqdGkiOiI1MzQ0M2U0ODI3ZjI0NWM3ODQxYzg5ZDkyNmUzMDgzNyIsInVzZXJfaWQiOjJ9.jNOJfwxSGO1bRl4Lk7NwSkPQQhBY9W9WNyYtXbIHys4	2025-03-08 16:56:15.255644+00	2025-03-15 16:56:15+00	2	53443e4827f245c7841c89d926e30837
4	eyJhbGciOiJIUzI1NiIsInR5cCI6IkpXVCJ9.eyJ0b2tlbl90eXBlIjoicmVmcmVzaCIsImV4cCI6MTc0MjA1NzgwMCwiaWF0IjoxNzQxNDUzMDAwLCJqdGkiOiI4NTY3ZTZmNmQyOTQ0NTUxYjZlMGE2MDc2NjkwYWJiZCIsInVzZXJfaWQiOjJ9.lcwdHrB1zVsqY2PyG20oAx6zzw41BTwwcqq9_pYGARY	2025-03-08 16:56:40.252481+00	2025-03-15 16:56:40+00	2	8567e6f6d2944551b6e0a6076690abbd
5	eyJhbGciOiJIUzI1NiIsInR5cCI6IkpXVCJ9.eyJ0b2tlbl90eXBlIjoicmVmcmVzaCIsImV4cCI6MTc0MjA1OTE0OSwiaWF0IjoxNzQxNDU0MzQ5LCJqdGkiOiJkNjJmZWFkNzkwYTM0NGJlYWQyMzMwZWZjZWNlNmFhMyIsInVzZXJfaWQiOjJ9.sj1y8c-ATkcxV_5rwDWQzUdevqHgAwg4CEvRRoVJcGI	2025-03-08 17:19:09.890829+00	2025-03-15 17:19:09+00	2	d62fead790a344bead2330efcece6aa3
6	eyJhbGciOiJIUzI1NiIsInR5cCI6IkpXVCJ9.eyJ0b2tlbl90eXBlIjoicmVmcmVzaCIsImV4cCI6MTc0MjA1OTE4MiwiaWF0IjoxNzQxNDU0MzgyLCJqdGkiOiJmNmVkOTM3MDA5NmE0ZTIyODBlNDJhNzllYTkzZTQ4OCIsInVzZXJfaWQiOjJ9.JFqDOjdtmlZcC9bNu0beryYZmWnWHdVaTM-F_Mzkf8A	2025-03-08 17:19:42.522606+00	2025-03-15 17:19:42+00	2	f6ed9370096a4e2280e42a79ea93e488
7	eyJhbGciOiJIUzI1NiIsInR5cCI6IkpXVCJ9.eyJ0b2tlbl90eXBlIjoicmVmcmVzaCIsImV4cCI6MTc0MjA2MDM0MiwiaWF0IjoxNzQxNDU1NTQyLCJqdGkiOiI1MDAyNzAxM2Y3M2E0YjYxYTFhN2M3MjQyMzg1NDZlZSIsInVzZXJfaWQiOjJ9.B-dG9Btn4Wm3rR2lb4ahcdhw1r74uX2ESYTw532g2Qc	2025-03-08 17:39:02.204311+00	2025-03-15 17:39:02+00	2	50027013f73a4b61a1a7c724238546ee
8	eyJhbGciOiJIUzI1NiIsInR5cCI6IkpXVCJ9.eyJ0b2tlbl90eXBlIjoicmVmcmVzaCIsImV4cCI6MTc0MjA2MDM1OCwiaWF0IjoxNzQxNDU1NTU4LCJqdGkiOiI5ZDU4OTVkNGU5ODc0NmVhYjBlZmFlYzMxOTJkZTViMCIsInVzZXJfaWQiOjJ9.FyhNp0qtf6KqsmNlCV41WJlbJHGUQXUNMlTuk5s05fg	2025-03-08 17:39:18.83172+00	2025-03-15 17:39:18+00	2	9d5895d4e98746eab0efaec3192de5b0
9	eyJhbGciOiJIUzI1NiIsInR5cCI6IkpXVCJ9.eyJ0b2tlbl90eXBlIjoicmVmcmVzaCIsImV4cCI6MTc0MjA2Mzg4MiwiaWF0IjoxNzQxNDU5MDgyLCJqdGkiOiI1NDhjMjQxYzQ2Yzk0ZjI5YjMyYzdlMDZmNjg5Mzg2NCIsInVzZXJfaWQiOjJ9.6eM4ZzhYHdUfJThA3WAd2LGO4qdjfIh7C2BJDioHS08	2025-03-08 18:38:02.246806+00	2025-03-15 18:38:02+00	2	548c241c46c94f29b32c7e06f6893864
10	eyJhbGciOiJIUzI1NiIsInR5cCI6IkpXVCJ9.eyJ0b2tlbl90eXBlIjoicmVmcmVzaCIsImV4cCI6MTc0MjA2MzkwMSwiaWF0IjoxNzQxNDU5MTAxLCJqdGkiOiJhODUyMDI4OGMzOGU0OWUwYTNmMGEyM2JmZjhiNzk5OCIsInVzZXJfaWQiOjJ9.Jg2Vvxfim3Cqqjtpn7JgMtVY5WzE4a4BFYenRRaYojg	2025-03-08 18:38:21.874557+00	2025-03-15 18:38:21+00	2	a8520288c38e49e0a3f0a23bff8b7998
11	eyJhbGciOiJIUzI1NiIsInR5cCI6IkpXVCJ9.eyJ0b2tlbl90eXBlIjoicmVmcmVzaCIsImV4cCI6MTc0MjA2NDgzNiwiaWF0IjoxNzQxNDYwMDM2LCJqdGkiOiJlZTVjYjRlZmNmYTE0OTU2YjM3M2ExZmU0ZDE1ODAyOSIsInVzZXJfaWQiOjJ9.SdQN_rxeCZtGjDiMoNA9XGHO9imSY1EC6b39AYP33M0	2025-03-08 18:53:56.003026+00	2025-03-15 18:53:56+00	2	ee5cb4efcfa14956b373a1fe4d158029
12	eyJhbGciOiJIUzI1NiIsInR5cCI6IkpXVCJ9.eyJ0b2tlbl90eXBlIjoicmVmcmVzaCIsImV4cCI6MTc0MjA2NDg1MSwiaWF0IjoxNzQxNDYwMDUxLCJqdGkiOiIwY2Q3ODIxNWJlY2I0OWIyYmIxNTZlOTE2MTIzMWNhNiIsInVzZXJfaWQiOjJ9.LQ0Px68YE9hM5GSK1ysWo_CLre-dPy5NNx4x6tki6gM	2025-03-08 18:54:11.400615+00	2025-03-15 18:54:11+00	2	0cd78215becb49b2bb156e9161231ca6
13	eyJhbGciOiJIUzI1NiIsInR5cCI6IkpXVCJ9.eyJ0b2tlbl90eXBlIjoicmVmcmVzaCIsImV4cCI6MTc0MjA2NjEyNywiaWF0IjoxNzQxNDYxMzI3LCJqdGkiOiJhM2M0MWMyZGM1MDE0ZTMzOTBkYjkxMjAwNjk0MDY0ZSIsInVzZXJfaWQiOjJ9.HkjITjv3UOWKKsZDm190XE_AVHvPvdE-xySiJ48ryX0	2025-03-08 19:15:27.564977+00	2025-03-15 19:15:27+00	2	a3c41c2dc5014e3390db91200694064e
14	eyJhbGciOiJIUzI1NiIsInR5cCI6IkpXVCJ9.eyJ0b2tlbl90eXBlIjoicmVmcmVzaCIsImV4cCI6MTc0MjA2NjE0NCwiaWF0IjoxNzQxNDYxMzQ0LCJqdGkiOiJiMGEzNjBjMmFhOTM0NGRkYjg5Yjk0YTBjZGEyM2M5ZSIsInVzZXJfaWQiOjJ9.8ttX91VrrQUzxyAJ3wVsrf65Cw5V3n4tpU88DEnXKbE	2025-03-08 19:15:44.107732+00	2025-03-15 19:15:44+00	2	b0a360c2aa9344ddb89b94a0cda23c9e
15	eyJhbGciOiJIUzI1NiIsInR5cCI6IkpXVCJ9.eyJ0b2tlbl90eXBlIjoicmVmcmVzaCIsImV4cCI6MTc0MjA2NzE5MSwiaWF0IjoxNzQxNDYyMzkxLCJqdGkiOiI3ZTdiNDU5MTVjMTU0ZDdlYjM0ODhkOTI2ZWUwM2RiYSIsInVzZXJfaWQiOjJ9.-XLmyosHL8FFDAbAzrOe9yogcvT5ZxBYIVVNBl8yIkg	2025-03-08 19:33:11.330819+00	2025-03-15 19:33:11+00	2	7e7b45915c154d7eb3488d926ee03dba
16	eyJhbGciOiJIUzI1NiIsInR5cCI6IkpXVCJ9.eyJ0b2tlbl90eXBlIjoicmVmcmVzaCIsImV4cCI6MTc0MjA2NzIwNiwiaWF0IjoxNzQxNDYyNDA2LCJqdGkiOiI5MzVjMDE5ZWRjYjY0NGE4OWZjYTE5YTRmMGEzNzJmNiIsInVzZXJfaWQiOjJ9.rw2x-TW2jDkGkg1ySIcqlRKX4n7uqtFDBoubpoMW1xg	2025-03-08 19:33:26.525547+00	2025-03-15 19:33:26+00	2	935c019edcb644a89fca19a4f0a372f6
17	eyJhbGciOiJIUzI1NiIsInR5cCI6IkpXVCJ9.eyJ0b2tlbl90eXBlIjoicmVmcmVzaCIsImV4cCI6MTc0MjA2NzU0NywiaWF0IjoxNzQxNDYyNzQ3LCJqdGkiOiJlMmI2ZjcwMTJhOWY0MDY4YjJlM2RkMDFmNjliNTIyNCIsInVzZXJfaWQiOjJ9.BIGZydad7gUMskohPC8txJR4WN2bBx6a8TyUXjercb8	2025-03-08 19:39:07.91258+00	2025-03-15 19:39:07+00	2	e2b6f7012a9f4068b2e3dd01f69b5224
18	eyJhbGciOiJIUzI1NiIsInR5cCI6IkpXVCJ9.eyJ0b2tlbl90eXBlIjoicmVmcmVzaCIsImV4cCI6MTc0MjA2NzU2MywiaWF0IjoxNzQxNDYyNzYzLCJqdGkiOiI4ZjQ1ZTgyYTkwZmE0OGMxYTI5NjFiZGEyMTgxN2ZkZiIsInVzZXJfaWQiOjJ9.4k0w2gWFsGJpF9V0RcSEeAzzXbb59p1ooVlkGkITy4A	2025-03-08 19:39:23.61514+00	2025-03-15 19:39:23+00	2	8f45e82a90fa48c1a2961bda21817fdf
19	eyJhbGciOiJIUzI1NiIsInR5cCI6IkpXVCJ9.eyJ0b2tlbl90eXBlIjoicmVmcmVzaCIsImV4cCI6MTc0MjA2NzU2NiwiaWF0IjoxNzQxNDYyNzY2LCJqdGkiOiI0Zjc3YTIxNDljNTY0NjIyYjg0ZjM3ZDBjNTk4MmZkNyIsInVzZXJfaWQiOjJ9.Aa1aiJHpvquceXztfq5ata7YJB6L03-vtOjZ7-mxKyI	2025-03-08 19:39:26.87476+00	2025-03-15 19:39:26+00	2	4f77a2149c564622b84f37d0c5982fd7
20	eyJhbGciOiJIUzI1NiIsInR5cCI6IkpXVCJ9.eyJ0b2tlbl90eXBlIjoicmVmcmVzaCIsImV4cCI6MTc0MjA2NzU4NiwiaWF0IjoxNzQxNDYyNzg2LCJqdGkiOiI0N2FiNzc5NmY0MjU0NjQwOTc3M2VkMDgyNjk0ZTMwMCIsInVzZXJfaWQiOjJ9.BKI6EYJShvj0PDOnvyB-V1ImHE4CljVCrHY4VVzoBL0	2025-03-08 19:39:46.46158+00	2025-03-15 19:39:46+00	2	47ab7796f42546409773ed082694e300
21	eyJhbGciOiJIUzI1NiIsInR5cCI6IkpXVCJ9.eyJ0b2tlbl90eXBlIjoicmVmcmVzaCIsImV4cCI6MTc0MjA2NzYwMywiaWF0IjoxNzQxNDYyODAzLCJqdGkiOiI2YmY1YTUxNDdjZTM0ODIyYmUxMzcwZTFjZDgzYTY1MiIsInVzZXJfaWQiOjJ9.bfqUpXzfaDHuIyHMWVUPsjCgsYaWPoPSdM7f6-_CFx8	2025-03-08 19:40:03.122032+00	2025-03-15 19:40:03+00	2	6bf5a5147ce34822be1370e1cd83a652
22	eyJhbGciOiJIUzI1NiIsInR5cCI6IkpXVCJ9.eyJ0b2tlbl90eXBlIjoicmVmcmVzaCIsImV4cCI6MTc0MjA2NzY2NywiaWF0IjoxNzQxNDYyODY3LCJqdGkiOiIzNjNkYzRjMWUxY2Y0NDUwYWY2YTg5ZWIyNWVjNDA5YiIsInVzZXJfaWQiOjJ9.8KZ1V524eh4-e3uVU5ZIodQztL2QDbc1oW4wJeLMg7g	2025-03-08 19:41:07.789859+00	2025-03-15 19:41:07+00	2	363dc4c1e1cf4450af6a89eb25ec409b
23	eyJhbGciOiJIUzI1NiIsInR5cCI6IkpXVCJ9.eyJ0b2tlbl90eXBlIjoicmVmcmVzaCIsImV4cCI6MTc0MjA2NzcyOSwiaWF0IjoxNzQxNDYyOTI5LCJqdGkiOiI2NDJmZWVmMjA3ODA0NjY2OWYwMGIwYjc2NzY0OTFhNSIsInVzZXJfaWQiOjJ9.071bsUTwwL_coaWv9XVENHq3xugpHS4s_JHsN4UGIig	2025-03-08 19:42:09.480684+00	2025-03-15 19:42:09+00	2	642feef2078046669f00b0b7676491a5
24	eyJhbGciOiJIUzI1NiIsInR5cCI6IkpXVCJ9.eyJ0b2tlbl90eXBlIjoicmVmcmVzaCIsImV4cCI6MTc0MjA2NzgwMCwiaWF0IjoxNzQxNDYzMDAwLCJqdGkiOiJiNmZjNTJlOWU2NjY0NTIyYmRjYWU3NWRjN2Y4MDI4YSIsInVzZXJfaWQiOjJ9.qylhZn7eY46FU7WblFcnQriACpgO0j-MuJjkl1kzPZY	2025-03-08 19:43:20.715347+00	2025-03-15 19:43:20+00	2	b6fc52e9e6664522bdcae75dc7f8028a
25	eyJhbGciOiJIUzI1NiIsInR5cCI6IkpXVCJ9.eyJ0b2tlbl90eXBlIjoicmVmcmVzaCIsImV4cCI6MTc0MjA2Nzk2NSwiaWF0IjoxNzQxNDYzMTY1LCJqdGkiOiJlNjljYzAyYzE1ZDA0MWViODIxMWIxZjIzZDM5YWUwMyIsInVzZXJfaWQiOjJ9.fbcpPEwIQ3DhDx6M4G7kA8CjexhbILvK6AaxSd8FcsU	2025-03-08 19:46:05.321868+00	2025-03-15 19:46:05+00	2	e69cc02c15d041eb8211b1f23d39ae03
26	eyJhbGciOiJIUzI1NiIsInR5cCI6IkpXVCJ9.eyJ0b2tlbl90eXBlIjoicmVmcmVzaCIsImV4cCI6MTc0MjA2Nzk4MSwiaWF0IjoxNzQxNDYzMTgxLCJqdGkiOiJiZWZlNDE0NTBiZTk0MmNhODYyYTI2NDdmZDY2ZDRmZCIsInVzZXJfaWQiOjJ9.QXUSpHjKu9SFvHPeY_pQPf-LU1DtA66NFfrh69PXqQ8	2025-03-08 19:46:21.732333+00	2025-03-15 19:46:21+00	2	befe41450be942ca862a2647fd66d4fd
27	eyJhbGciOiJIUzI1NiIsInR5cCI6IkpXVCJ9.eyJ0b2tlbl90eXBlIjoicmVmcmVzaCIsImV4cCI6MTc0MjA2Nzk4NSwiaWF0IjoxNzQxNDYzMTg1LCJqdGkiOiI5NzVkZjQwMDZhYjg0Mjg2YWRiMjMyODc0NTZjMzc5NyIsInVzZXJfaWQiOjJ9.DyNv72MMlT29Qvl85W6_wVBw25S11_yWL1e5pPAefTA	2025-03-08 19:46:25.662601+00	2025-03-15 19:46:25+00	2	975df4006ab84286adb23287456c3797
28	eyJhbGciOiJIUzI1NiIsInR5cCI6IkpXVCJ9.eyJ0b2tlbl90eXBlIjoicmVmcmVzaCIsImV4cCI6MTc0MjA2ODA3NiwiaWF0IjoxNzQxNDYzMjc2LCJqdGkiOiI4YmI1Y2Q0MWM5OWQ0ODA1YjFkMDg3ZjcxMGEzMDgzYSIsInVzZXJfaWQiOjN9.lsDKsWZtyszjmLSEpsa-vZky7b8WCNtBgkg1N2sn-ZQ	2025-03-08 19:47:56.721698+00	2025-03-15 19:47:56+00	3	8bb5cd41c99d4805b1d087f710a3083a
29	eyJhbGciOiJIUzI1NiIsInR5cCI6IkpXVCJ9.eyJ0b2tlbl90eXBlIjoicmVmcmVzaCIsImV4cCI6MTc0MjA2ODA5NywiaWF0IjoxNzQxNDYzMjk3LCJqdGkiOiJmNzhiYzUyNGNlN2Y0ZjQyYTJjYWM4MjRmYTkyMzFhMCIsInVzZXJfaWQiOjN9.oS7OmuIOH7JEKv_TU9P4AhlVvMwaptEqYIKye7__oHQ	2025-03-08 19:48:17.569628+00	2025-03-15 19:48:17+00	3	f78bc524ce7f4f42a2cac824fa9231a0
30	eyJhbGciOiJIUzI1NiIsInR5cCI6IkpXVCJ9.eyJ0b2tlbl90eXBlIjoicmVmcmVzaCIsImV4cCI6MTc0MjA2ODEwMywiaWF0IjoxNzQxNDYzMzAzLCJqdGkiOiJiNTg3M2VkOTUyNTU0ZjI4OTFkOTJjOGVlN2E5YTEzMSIsInVzZXJfaWQiOjN9.1JRta64Ec2KGzqIGPexqRnxD5EdoEgwCrB9faylD_TI	2025-03-08 19:48:23.601556+00	2025-03-15 19:48:23+00	3	b5873ed952554f2891d92c8ee7a9a131
31	eyJhbGciOiJIUzI1NiIsInR5cCI6IkpXVCJ9.eyJ0b2tlbl90eXBlIjoicmVmcmVzaCIsImV4cCI6MTc0MjA2ODEyMywiaWF0IjoxNzQxNDYzMzIzLCJqdGkiOiI0MDk0NDkxYTRkMjI0NjkwYTc1OWM0YThjYTI5YWQ2NSIsInVzZXJfaWQiOjN9.gwFG-k4xHlnonPwE-WFuAa-yogKAH22D-m5ww0ivK8Q	2025-03-08 19:48:43.128275+00	2025-03-15 19:48:43+00	3	4094491a4d224690a759c4a8ca29ad65
32	eyJhbGciOiJIUzI1NiIsInR5cCI6IkpXVCJ9.eyJ0b2tlbl90eXBlIjoicmVmcmVzaCIsImV4cCI6MTc0MjA2ODE0OCwiaWF0IjoxNzQxNDYzMzQ4LCJqdGkiOiJjMWQ5YmQxYzM1NDA0ZWUwYjE0YzNhMDQ3ZTM3YWY3MyIsInVzZXJfaWQiOjN9.hNkgM_5Ksc-Q_fBTVlgRNYZTv4WeiB8ZSqNDqUYYHdk	2025-03-08 19:49:08.364613+00	2025-03-15 19:49:08+00	3	c1d9bd1c35404ee0b14c3a047e37af73
33	eyJhbGciOiJIUzI1NiIsInR5cCI6IkpXVCJ9.eyJ0b2tlbl90eXBlIjoicmVmcmVzaCIsImV4cCI6MTc0MjA2ODE2NywiaWF0IjoxNzQxNDYzMzY3LCJqdGkiOiI3ZDBkZmUzZWZlZjU0YTIyOWY0MzNmYmYzMmE0ZTQ1MCIsInVzZXJfaWQiOjN9.6Hyi39EE78m2qGc1cJq5jDvKOGPEgZMbwRY1Tvaes8k	2025-03-08 19:49:27.914335+00	2025-03-15 19:49:27+00	3	7d0dfe3efef54a229f433fbf32a4e450
34	eyJhbGciOiJIUzI1NiIsInR5cCI6IkpXVCJ9.eyJ0b2tlbl90eXBlIjoicmVmcmVzaCIsImV4cCI6MTc0MjA2ODI2NywiaWF0IjoxNzQxNDYzNDY3LCJqdGkiOiI0ZDMzOWY3MWRlNGM0ZmIyYTBjMTk3ODRkZDc5NWM0ZiIsInVzZXJfaWQiOjN9.6dt5f6oeYPz5QbqozONQ4Jf7EJ_hf1lNlvJ5UedNYPE	2025-03-08 19:51:07.743554+00	2025-03-15 19:51:07+00	3	4d339f71de4c4fb2a0c19784dd795c4f
35	eyJhbGciOiJIUzI1NiIsInR5cCI6IkpXVCJ9.eyJ0b2tlbl90eXBlIjoicmVmcmVzaCIsImV4cCI6MTc0MjA2ODI4NSwiaWF0IjoxNzQxNDYzNDg1LCJqdGkiOiI1ZjNkNzE0MjNkZGM0MGE4OGViNGU3M2YwMzFmNmE5NCIsInVzZXJfaWQiOjN9.11GNdf0uXDsV7jS4DFEyyyKISyQwUoMtsnaSypKOms4	2025-03-08 19:51:25.903876+00	2025-03-15 19:51:25+00	3	5f3d71423ddc40a88eb4e73f031f6a94
36	eyJhbGciOiJIUzI1NiIsInR5cCI6IkpXVCJ9.eyJ0b2tlbl90eXBlIjoicmVmcmVzaCIsImV4cCI6MTc0MjA2ODMxMSwiaWF0IjoxNzQxNDYzNTExLCJqdGkiOiI0NzJmZDU4ZTc2OWI0MmYyOTQ4YzY0ZmFlYWI1NWIyNCIsInVzZXJfaWQiOjN9.hHDXDbezOpmLvkOguU_6VzK8YQotp9ophs94MmSC1Vo	2025-03-08 19:51:51.874849+00	2025-03-15 19:51:51+00	3	472fd58e769b42f2948c64faeab55b24
37	eyJhbGciOiJIUzI1NiIsInR5cCI6IkpXVCJ9.eyJ0b2tlbl90eXBlIjoicmVmcmVzaCIsImV4cCI6MTc0MjA2ODMzNCwiaWF0IjoxNzQxNDYzNTM0LCJqdGkiOiIxMmQ0ZmE1YTM0NTk0OWY5OTkzY2YzMGZiZGQ0N2FlOCIsInVzZXJfaWQiOjN9.K__Zqofx4FsE59IMz3CAzNqBqocBphaJojUMd8R2eLU	2025-03-08 19:52:14.82646+00	2025-03-15 19:52:14+00	3	12d4fa5a345949f9993cf30fbdd47ae8
38	eyJhbGciOiJIUzI1NiIsInR5cCI6IkpXVCJ9.eyJ0b2tlbl90eXBlIjoicmVmcmVzaCIsImV4cCI6MTc0MjA2ODU2MCwiaWF0IjoxNzQxNDYzNzYwLCJqdGkiOiI5YjZlMzNkNzExMGU0MGE2OWZkMmQyYmI4YjZiOGMzMiIsInVzZXJfaWQiOjN9.xTTaH6yAKOCv28YrCvCx8-MdqJE8PTRCN5-JCSopOuk	2025-03-08 19:56:00.938401+00	2025-03-15 19:56:00+00	3	9b6e33d7110e40a69fd2d2bb8b6b8c32
39	eyJhbGciOiJIUzI1NiIsInR5cCI6IkpXVCJ9.eyJ0b2tlbl90eXBlIjoicmVmcmVzaCIsImV4cCI6MTc0MjA2ODU3OCwiaWF0IjoxNzQxNDYzNzc4LCJqdGkiOiJkYTJlYTg5MTg3NGU0OWJkOTZiY2M4ZjI1NmIyNmY4MCIsInVzZXJfaWQiOjN9.DVQoBSSO2QcEyDrdXOCN0dpDwlt_PyrejWKv_kXuMIU	2025-03-08 19:56:18.369195+00	2025-03-15 19:56:18+00	3	da2ea891874e49bd96bcc8f256b26f80
40	eyJhbGciOiJIUzI1NiIsInR5cCI6IkpXVCJ9.eyJ0b2tlbl90eXBlIjoicmVmcmVzaCIsImV4cCI6MTc0MjA2ODU5NiwiaWF0IjoxNzQxNDYzNzk2LCJqdGkiOiI4NDA0ZmEyMWY4MjY0NDU1YTVkY2YxNDhmZTkwYTY1MiIsInVzZXJfaWQiOjN9.n7iMhAMKkUVMpc0g0dOhWfPyqJmZF10Gy-bNlT_WJ0M	2025-03-08 19:56:36.09222+00	2025-03-15 19:56:36+00	3	8404fa21f8264455a5dcf148fe90a652
41	eyJhbGciOiJIUzI1NiIsInR5cCI6IkpXVCJ9.eyJ0b2tlbl90eXBlIjoicmVmcmVzaCIsImV4cCI6MTc0MjA2ODYxNSwiaWF0IjoxNzQxNDYzODE1LCJqdGkiOiIxZTIyMmJhODZmYWQ0ZjgyODFmNTgwYjQxNGM1NDEzNiIsInVzZXJfaWQiOjN9.9VkcdaWpCMZPPkLgE66CbnC2Eoprn9ZKifijX6560dQ	2025-03-08 19:56:55.142532+00	2025-03-15 19:56:55+00	3	1e222ba86fad4f8281f580b414c54136
42	eyJhbGciOiJIUzI1NiIsInR5cCI6IkpXVCJ9.eyJ0b2tlbl90eXBlIjoicmVmcmVzaCIsImV4cCI6MTc0MjA2ODY0MiwiaWF0IjoxNzQxNDYzODQyLCJqdGkiOiJjYTg5NzE1YjBjZTk0NjAyYWE4ZTNiZmJiYzk2YjAwZiIsInVzZXJfaWQiOjN9.5hKE42KTNMgIL3q-Kl2vDnsnFE69rmGgkgpNY7QS7q4	2025-03-08 19:57:22.025496+00	2025-03-15 19:57:22+00	3	ca89715b0ce94602aa8e3bfbbc96b00f
43	eyJhbGciOiJIUzI1NiIsInR5cCI6IkpXVCJ9.eyJ0b2tlbl90eXBlIjoicmVmcmVzaCIsImV4cCI6MTc0MjA2ODc1OCwiaWF0IjoxNzQxNDYzOTU4LCJqdGkiOiI2Yjg2NzdkMmYxZTY0Yjg5YTcwYmE3MDk1ODA0YzgzYyIsInVzZXJfaWQiOjN9.e0j3l7Nxi246L0ZyA_5kPx1apLivpk_m_goOw9i7LoU	2025-03-08 19:59:18.847258+00	2025-03-15 19:59:18+00	3	6b8677d2f1e64b89a70ba7095804c83c
44	eyJhbGciOiJIUzI1NiIsInR5cCI6IkpXVCJ9.eyJ0b2tlbl90eXBlIjoicmVmcmVzaCIsImV4cCI6MTc0MjA2ODc3NywiaWF0IjoxNzQxNDYzOTc3LCJqdGkiOiJhNzAzNTQ0YzMwYTg0ZjQxODBiNjA1OTUxNWUxMWUwYiIsInVzZXJfaWQiOjN9.96XcngKO1DKWtRttBgf2chsM6fwS9U44V_lz5IkDxjE	2025-03-08 19:59:37.497551+00	2025-03-15 19:59:37+00	3	a703544c30a84f4180b6059515e11e0b
45	eyJhbGciOiJIUzI1NiIsInR5cCI6IkpXVCJ9.eyJ0b2tlbl90eXBlIjoicmVmcmVzaCIsImV4cCI6MTc0MjA2ODc5NiwiaWF0IjoxNzQxNDYzOTk2LCJqdGkiOiIwZWMzMmVlYmRiNTI0YzY2YWI1YTI2MzYwZGQ0MWM2MSIsInVzZXJfaWQiOjN9.GMqbd36qsLEtVvK6iRj-rD4tVTX2kyyLZT0FQJ5Ple4	2025-03-08 19:59:56.166391+00	2025-03-15 19:59:56+00	3	0ec32eebdb524c66ab5a26360dd41c61
46	eyJhbGciOiJIUzI1NiIsInR5cCI6IkpXVCJ9.eyJ0b2tlbl90eXBlIjoicmVmcmVzaCIsImV4cCI6MTc0MjA2ODgxOCwiaWF0IjoxNzQxNDY0MDE4LCJqdGkiOiIzNjk0NmEyYTBhMDI0MjQ1YWRhODQ0YTZjODQ1NzRmOSIsInVzZXJfaWQiOjN9.5TipRJJJynwDmykfGLmlIfaj2UliRhpelQwZFg2uo-0	2025-03-08 20:00:18.436913+00	2025-03-15 20:00:18+00	3	36946a2a0a024245ada844a6c84574f9
47	eyJhbGciOiJIUzI1NiIsInR5cCI6IkpXVCJ9.eyJ0b2tlbl90eXBlIjoicmVmcmVzaCIsImV4cCI6MTc0MjA2ODgyNywiaWF0IjoxNzQxNDY0MDI3LCJqdGkiOiI1YmM1ZTRkM2Q4MjY0MWIxYjM0ZTlhMTRjMWQ0NmEyMCIsInVzZXJfaWQiOjN9.S1aMkwH80OkhMaQHTMXApdMhZZvHevwljIyd_IjMBOs	2025-03-08 20:00:27.658458+00	2025-03-15 20:00:27+00	3	5bc5e4d3d82641b1b34e9a14c1d46a20
48	eyJhbGciOiJIUzI1NiIsInR5cCI6IkpXVCJ9.eyJ0b2tlbl90eXBlIjoicmVmcmVzaCIsImV4cCI6MTc0MjA2OTMxNiwiaWF0IjoxNzQxNDY0NTE2LCJqdGkiOiJlNzcxYTNlYmE5MmU0MzUyOTE4NTQ5MDYzMjcwMTNlYiIsInVzZXJfaWQiOjN9.LM_VUH9Nw0r3dJkGmiRR2E3BtnklRA4WYOew6ukNJ7I	2025-03-08 20:08:36.941887+00	2025-03-15 20:08:36+00	3	e771a3eba92e435291854906327013eb
49	eyJhbGciOiJIUzI1NiIsInR5cCI6IkpXVCJ9.eyJ0b2tlbl90eXBlIjoicmVmcmVzaCIsImV4cCI6MTc0MjA2OTMyOCwiaWF0IjoxNzQxNDY0NTI4LCJqdGkiOiIwN2ExNjQ0MmIxMmQ0M2NmYTI1Zjk1MWI2MGVhMjJmMSIsInVzZXJfaWQiOjN9.KGEdkKS4XniQ9YFEGbVEm9ZWiq818vxIDU2fOG-YNtQ	2025-03-08 20:08:48.617868+00	2025-03-15 20:08:48+00	3	07a16442b12d43cfa25f951b60ea22f1
50	eyJhbGciOiJIUzI1NiIsInR5cCI6IkpXVCJ9.eyJ0b2tlbl90eXBlIjoicmVmcmVzaCIsImV4cCI6MTc0MjA2OTMzNywiaWF0IjoxNzQxNDY0NTM3LCJqdGkiOiI3YjhmMzFiZTEyY2Q0MTk1OTU2NjJmMjQxY2VhNmMzMiIsInVzZXJfaWQiOjN9.7041dj3q7kfhfrVc5ugK4-LqpQ2Czo_hx7shKGrjP0A	2025-03-08 20:08:57.039777+00	2025-03-15 20:08:57+00	3	7b8f31be12cd419595662f241cea6c32
51	eyJhbGciOiJIUzI1NiIsInR5cCI6IkpXVCJ9.eyJ0b2tlbl90eXBlIjoicmVmcmVzaCIsImV4cCI6MTc0MjA2OTM5NSwiaWF0IjoxNzQxNDY0NTk1LCJqdGkiOiJkYmEyMmIyMjJhNWE0MWI2YTMxOWE5MzEzZTJjNjE2MCIsInVzZXJfaWQiOjN9.nfcOZ2ZLsaaE181hpCSRzUV0-4nJq6WaUSbuf070JK8	2025-03-08 20:09:55.958897+00	2025-03-15 20:09:55+00	3	dba22b222a5a41b6a319a9313e2c6160
52	eyJhbGciOiJIUzI1NiIsInR5cCI6IkpXVCJ9.eyJ0b2tlbl90eXBlIjoicmVmcmVzaCIsImV4cCI6MTc0MjA2OTQxOSwiaWF0IjoxNzQxNDY0NjE5LCJqdGkiOiJjOGI5ZjBkYWYxZDQ0NzhmYTkzYzQyZmJiZDJhMWU1MyIsInVzZXJfaWQiOjN9.11Ql2sswMZUlvG30YAIS08tf5aYsruqcE59nkDRIM_0	2025-03-08 20:10:19.194146+00	2025-03-15 20:10:19+00	3	c8b9f0daf1d4478fa93c42fbbd2a1e53
\.


--
-- Data for Name: user_login; Type: TABLE DATA; Schema: public; Owner: db_user
--

COPY public.user_login (id, attempts, last_failed_attempt, last_successful_attempt, secret_key, email) FROM stdin;
1	0	2025-03-08 19:43:22.147145+00	2025-03-08 19:46:21.729965+00	4EP4J5PHNC6JTCQYWY4KLPQIC6MFWMUQ	luiz@gmail.com
2	0	2024-03-08 19:47:28.272232+00	2025-03-08 20:10:19.17358+00	EDI4ZGRCW2AUEE57MGVOHC5CKLR4MQPX	jubi@gmail.com
\.


--
-- Data for Name: user_profiles; Type: TABLE DATA; Schema: public; Owner: db_user
--

COPY public.user_profiles (id, last_login, username, email, first_name, last_name, password, is_staff, is_superuser, is_active, bio, avatar, date_joined, is_online) FROM stdin;
1	\N	admin	admin@admin.com			pbkdf2_sha256$870000$e9gtyuUxLKaDOLSKhZGgrU$IoZ+qPDzpuxbqlc1S2fTOnSrxYZZ8AFEB6F5sPolBd8=	t	t	t	\N		2025-03-08 16:30:56.612245+00	f
3	\N	jubi	jubi@gmail.com			pbkdf2_sha256$870000$mv6CffFP3kVNIe3cnhKoYx$W0iwcVefr6/i0nUPRTGa6qTExM+gHkKiLnX2089z+vc=	f	f	t	\N	https://mdbcdn.b-cdn.net/img/Photos/new-templates/bootstrap-chat/ava2-bg.webp	2025-03-08 19:47:27.870691+00	t
2	\N	luiz	luiz@gmail.com			pbkdf2_sha256$870000$wu7FZF8CzfDMdQeVFirOwB$D3aqOU7WRHOVffI2F0rYNsqYHv3RbLG34PgMNQhb+DQ=	f	f	t	\N	https://i.ibb.co/JWrp7zhz/78e5b93c892c.png	2025-03-08 16:31:59.458124+00	t
\.


--
-- Data for Name: user_profiles_friends; Type: TABLE DATA; Schema: public; Owner: db_user
--

COPY public.user_profiles_friends (id, from_userprofile_id, to_userprofile_id) FROM stdin;
\.


--
-- Data for Name: user_profiles_groups; Type: TABLE DATA; Schema: public; Owner: db_user
--

COPY public.user_profiles_groups (id, userprofile_id, group_id) FROM stdin;
\.


--
-- Data for Name: user_profiles_user_permissions; Type: TABLE DATA; Schema: public; Owner: db_user
--

COPY public.user_profiles_user_permissions (id, userprofile_id, permission_id) FROM stdin;
\.


--
-- Name: auth_group_id_seq; Type: SEQUENCE SET; Schema: public; Owner: db_user
--

SELECT pg_catalog.setval('public.auth_group_id_seq', 1, false);


--
-- Name: auth_group_permissions_id_seq; Type: SEQUENCE SET; Schema: public; Owner: db_user
--

SELECT pg_catalog.setval('public.auth_group_permissions_id_seq', 1, false);


--
-- Name: auth_permission_id_seq; Type: SEQUENCE SET; Schema: public; Owner: db_user
--

SELECT pg_catalog.setval('public.auth_permission_id_seq', 40, true);


--
-- Name: django_admin_log_id_seq; Type: SEQUENCE SET; Schema: public; Owner: db_user
--

SELECT pg_catalog.setval('public.django_admin_log_id_seq', 1, false);


--
-- Name: django_content_type_id_seq; Type: SEQUENCE SET; Schema: public; Owner: db_user
--

SELECT pg_catalog.setval('public.django_content_type_id_seq', 10, true);


--
-- Name: django_migrations_id_seq; Type: SEQUENCE SET; Schema: public; Owner: db_user
--

SELECT pg_catalog.setval('public.django_migrations_id_seq', 39, true);


--
-- Name: scores_score_id_seq; Type: SEQUENCE SET; Schema: public; Owner: db_user
--

SELECT pg_catalog.setval('public.scores_score_id_seq', 33, true);


--
-- Name: token_blacklist_blacklistedtoken_id_seq; Type: SEQUENCE SET; Schema: public; Owner: db_user
--

SELECT pg_catalog.setval('public.token_blacklist_blacklistedtoken_id_seq', 1, false);


--
-- Name: token_blacklist_outstandingtoken_id_seq; Type: SEQUENCE SET; Schema: public; Owner: db_user
--

SELECT pg_catalog.setval('public.token_blacklist_outstandingtoken_id_seq', 52, true);


--
-- Name: user_login_id_seq; Type: SEQUENCE SET; Schema: public; Owner: db_user
--

SELECT pg_catalog.setval('public.user_login_id_seq', 2, true);


--
-- Name: user_profiles_friends_id_seq; Type: SEQUENCE SET; Schema: public; Owner: db_user
--

SELECT pg_catalog.setval('public.user_profiles_friends_id_seq', 1, false);


--
-- Name: user_profiles_groups_id_seq; Type: SEQUENCE SET; Schema: public; Owner: db_user
--

SELECT pg_catalog.setval('public.user_profiles_groups_id_seq', 1, false);


--
-- Name: user_profiles_id_seq; Type: SEQUENCE SET; Schema: public; Owner: db_user
--

SELECT pg_catalog.setval('public.user_profiles_id_seq', 3, true);


--
-- Name: user_profiles_user_permissions_id_seq; Type: SEQUENCE SET; Schema: public; Owner: db_user
--

SELECT pg_catalog.setval('public.user_profiles_user_permissions_id_seq', 1, false);


--
-- Name: auth_group auth_group_name_key; Type: CONSTRAINT; Schema: public; Owner: db_user
--

ALTER TABLE ONLY public.auth_group
    ADD CONSTRAINT auth_group_name_key UNIQUE (name);


--
-- Name: auth_group_permissions auth_group_permissions_group_id_permission_id_0cd325b0_uniq; Type: CONSTRAINT; Schema: public; Owner: db_user
--

ALTER TABLE ONLY public.auth_group_permissions
    ADD CONSTRAINT auth_group_permissions_group_id_permission_id_0cd325b0_uniq UNIQUE (group_id, permission_id);


--
-- Name: auth_group_permissions auth_group_permissions_pkey; Type: CONSTRAINT; Schema: public; Owner: db_user
--

ALTER TABLE ONLY public.auth_group_permissions
    ADD CONSTRAINT auth_group_permissions_pkey PRIMARY KEY (id);


--
-- Name: auth_group auth_group_pkey; Type: CONSTRAINT; Schema: public; Owner: db_user
--

ALTER TABLE ONLY public.auth_group
    ADD CONSTRAINT auth_group_pkey PRIMARY KEY (id);


--
-- Name: auth_permission auth_permission_content_type_id_codename_01ab375a_uniq; Type: CONSTRAINT; Schema: public; Owner: db_user
--

ALTER TABLE ONLY public.auth_permission
    ADD CONSTRAINT auth_permission_content_type_id_codename_01ab375a_uniq UNIQUE (content_type_id, codename);


--
-- Name: auth_permission auth_permission_pkey; Type: CONSTRAINT; Schema: public; Owner: db_user
--

ALTER TABLE ONLY public.auth_permission
    ADD CONSTRAINT auth_permission_pkey PRIMARY KEY (id);


--
-- Name: django_admin_log django_admin_log_pkey; Type: CONSTRAINT; Schema: public; Owner: db_user
--

ALTER TABLE ONLY public.django_admin_log
    ADD CONSTRAINT django_admin_log_pkey PRIMARY KEY (id);


--
-- Name: django_content_type django_content_type_app_label_model_76bd3d3b_uniq; Type: CONSTRAINT; Schema: public; Owner: db_user
--

ALTER TABLE ONLY public.django_content_type
    ADD CONSTRAINT django_content_type_app_label_model_76bd3d3b_uniq UNIQUE (app_label, model);


--
-- Name: django_content_type django_content_type_pkey; Type: CONSTRAINT; Schema: public; Owner: db_user
--

ALTER TABLE ONLY public.django_content_type
    ADD CONSTRAINT django_content_type_pkey PRIMARY KEY (id);


--
-- Name: django_migrations django_migrations_pkey; Type: CONSTRAINT; Schema: public; Owner: db_user
--

ALTER TABLE ONLY public.django_migrations
    ADD CONSTRAINT django_migrations_pkey PRIMARY KEY (id);


--
-- Name: django_session django_session_pkey; Type: CONSTRAINT; Schema: public; Owner: db_user
--

ALTER TABLE ONLY public.django_session
    ADD CONSTRAINT django_session_pkey PRIMARY KEY (session_key);


--
-- Name: scores_score scores_score_pkey; Type: CONSTRAINT; Schema: public; Owner: db_user
--

ALTER TABLE ONLY public.scores_score
    ADD CONSTRAINT scores_score_pkey PRIMARY KEY (id);


--
-- Name: token_blacklist_blacklistedtoken token_blacklist_blacklistedtoken_pkey; Type: CONSTRAINT; Schema: public; Owner: db_user
--

ALTER TABLE ONLY public.token_blacklist_blacklistedtoken
    ADD CONSTRAINT token_blacklist_blacklistedtoken_pkey PRIMARY KEY (id);


--
-- Name: token_blacklist_blacklistedtoken token_blacklist_blacklistedtoken_token_id_key; Type: CONSTRAINT; Schema: public; Owner: db_user
--

ALTER TABLE ONLY public.token_blacklist_blacklistedtoken
    ADD CONSTRAINT token_blacklist_blacklistedtoken_token_id_key UNIQUE (token_id);


--
-- Name: token_blacklist_outstandingtoken token_blacklist_outstandingtoken_jti_hex_d9bdf6f7_uniq; Type: CONSTRAINT; Schema: public; Owner: db_user
--

ALTER TABLE ONLY public.token_blacklist_outstandingtoken
    ADD CONSTRAINT token_blacklist_outstandingtoken_jti_hex_d9bdf6f7_uniq UNIQUE (jti);


--
-- Name: token_blacklist_outstandingtoken token_blacklist_outstandingtoken_pkey; Type: CONSTRAINT; Schema: public; Owner: db_user
--

ALTER TABLE ONLY public.token_blacklist_outstandingtoken
    ADD CONSTRAINT token_blacklist_outstandingtoken_pkey PRIMARY KEY (id);


--
-- Name: user_login user_login_email_key; Type: CONSTRAINT; Schema: public; Owner: db_user
--

ALTER TABLE ONLY public.user_login
    ADD CONSTRAINT user_login_email_key UNIQUE (email);


--
-- Name: user_login user_login_pkey; Type: CONSTRAINT; Schema: public; Owner: db_user
--

ALTER TABLE ONLY public.user_login
    ADD CONSTRAINT user_login_pkey PRIMARY KEY (id);


--
-- Name: user_profiles user_profiles_email_key; Type: CONSTRAINT; Schema: public; Owner: db_user
--

ALTER TABLE ONLY public.user_profiles
    ADD CONSTRAINT user_profiles_email_key UNIQUE (email);


--
-- Name: user_profiles_friends user_profiles_friends_from_userprofile_id_to_u_750b7c6d_uniq; Type: CONSTRAINT; Schema: public; Owner: db_user
--

ALTER TABLE ONLY public.user_profiles_friends
    ADD CONSTRAINT user_profiles_friends_from_userprofile_id_to_u_750b7c6d_uniq UNIQUE (from_userprofile_id, to_userprofile_id);


--
-- Name: user_profiles_friends user_profiles_friends_pkey; Type: CONSTRAINT; Schema: public; Owner: db_user
--

ALTER TABLE ONLY public.user_profiles_friends
    ADD CONSTRAINT user_profiles_friends_pkey PRIMARY KEY (id);


--
-- Name: user_profiles_groups user_profiles_groups_pkey; Type: CONSTRAINT; Schema: public; Owner: db_user
--

ALTER TABLE ONLY public.user_profiles_groups
    ADD CONSTRAINT user_profiles_groups_pkey PRIMARY KEY (id);


--
-- Name: user_profiles_groups user_profiles_groups_userprofile_id_group_id_ece671ad_uniq; Type: CONSTRAINT; Schema: public; Owner: db_user
--

ALTER TABLE ONLY public.user_profiles_groups
    ADD CONSTRAINT user_profiles_groups_userprofile_id_group_id_ece671ad_uniq UNIQUE (userprofile_id, group_id);


--
-- Name: user_profiles user_profiles_pkey; Type: CONSTRAINT; Schema: public; Owner: db_user
--

ALTER TABLE ONLY public.user_profiles
    ADD CONSTRAINT user_profiles_pkey PRIMARY KEY (id);


--
-- Name: user_profiles_user_permissions user_profiles_user_permi_userprofile_id_permissio_1be244b3_uniq; Type: CONSTRAINT; Schema: public; Owner: db_user
--

ALTER TABLE ONLY public.user_profiles_user_permissions
    ADD CONSTRAINT user_profiles_user_permi_userprofile_id_permissio_1be244b3_uniq UNIQUE (userprofile_id, permission_id);


--
-- Name: user_profiles_user_permissions user_profiles_user_permissions_pkey; Type: CONSTRAINT; Schema: public; Owner: db_user
--

ALTER TABLE ONLY public.user_profiles_user_permissions
    ADD CONSTRAINT user_profiles_user_permissions_pkey PRIMARY KEY (id);


--
-- Name: user_profiles user_profiles_username_key; Type: CONSTRAINT; Schema: public; Owner: db_user
--

ALTER TABLE ONLY public.user_profiles
    ADD CONSTRAINT user_profiles_username_key UNIQUE (username);


--
-- Name: auth_group_name_a6ea08ec_like; Type: INDEX; Schema: public; Owner: db_user
--

CREATE INDEX auth_group_name_a6ea08ec_like ON public.auth_group USING btree (name varchar_pattern_ops);


--
-- Name: auth_group_permissions_group_id_b120cbf9; Type: INDEX; Schema: public; Owner: db_user
--

CREATE INDEX auth_group_permissions_group_id_b120cbf9 ON public.auth_group_permissions USING btree (group_id);


--
-- Name: auth_group_permissions_permission_id_84c5c92e; Type: INDEX; Schema: public; Owner: db_user
--

CREATE INDEX auth_group_permissions_permission_id_84c5c92e ON public.auth_group_permissions USING btree (permission_id);


--
-- Name: auth_permission_content_type_id_2f476e4b; Type: INDEX; Schema: public; Owner: db_user
--

CREATE INDEX auth_permission_content_type_id_2f476e4b ON public.auth_permission USING btree (content_type_id);


--
-- Name: django_admin_log_content_type_id_c4bce8eb; Type: INDEX; Schema: public; Owner: db_user
--

CREATE INDEX django_admin_log_content_type_id_c4bce8eb ON public.django_admin_log USING btree (content_type_id);


--
-- Name: django_admin_log_user_id_c564eba6; Type: INDEX; Schema: public; Owner: db_user
--

CREATE INDEX django_admin_log_user_id_c564eba6 ON public.django_admin_log USING btree (user_id);


--
-- Name: django_session_expire_date_a5c62663; Type: INDEX; Schema: public; Owner: db_user
--

CREATE INDEX django_session_expire_date_a5c62663 ON public.django_session USING btree (expire_date);


--
-- Name: django_session_session_key_c0390e0f_like; Type: INDEX; Schema: public; Owner: db_user
--

CREATE INDEX django_session_session_key_c0390e0f_like ON public.django_session USING btree (session_key varchar_pattern_ops);


--
-- Name: scores_score_user_id_efcc7268; Type: INDEX; Schema: public; Owner: db_user
--

CREATE INDEX scores_score_user_id_efcc7268 ON public.scores_score USING btree (user_id);


--
-- Name: token_blacklist_outstandingtoken_jti_hex_d9bdf6f7_like; Type: INDEX; Schema: public; Owner: db_user
--

CREATE INDEX token_blacklist_outstandingtoken_jti_hex_d9bdf6f7_like ON public.token_blacklist_outstandingtoken USING btree (jti varchar_pattern_ops);


--
-- Name: token_blacklist_outstandingtoken_user_id_83bc629a; Type: INDEX; Schema: public; Owner: db_user
--

CREATE INDEX token_blacklist_outstandingtoken_user_id_83bc629a ON public.token_blacklist_outstandingtoken USING btree (user_id);


--
-- Name: user_login_email_ed07d861_like; Type: INDEX; Schema: public; Owner: db_user
--

CREATE INDEX user_login_email_ed07d861_like ON public.user_login USING btree (email varchar_pattern_ops);


--
-- Name: user_profiles_email_4fd97605_like; Type: INDEX; Schema: public; Owner: db_user
--

CREATE INDEX user_profiles_email_4fd97605_like ON public.user_profiles USING btree (email varchar_pattern_ops);


--
-- Name: user_profiles_friends_from_userprofile_id_d041e6a2; Type: INDEX; Schema: public; Owner: db_user
--

CREATE INDEX user_profiles_friends_from_userprofile_id_d041e6a2 ON public.user_profiles_friends USING btree (from_userprofile_id);


--
-- Name: user_profiles_friends_to_userprofile_id_f5fe0bbc; Type: INDEX; Schema: public; Owner: db_user
--

CREATE INDEX user_profiles_friends_to_userprofile_id_f5fe0bbc ON public.user_profiles_friends USING btree (to_userprofile_id);


--
-- Name: user_profiles_groups_group_id_afb464fe; Type: INDEX; Schema: public; Owner: db_user
--

CREATE INDEX user_profiles_groups_group_id_afb464fe ON public.user_profiles_groups USING btree (group_id);


--
-- Name: user_profiles_groups_userprofile_id_0b2da12a; Type: INDEX; Schema: public; Owner: db_user
--

CREATE INDEX user_profiles_groups_userprofile_id_0b2da12a ON public.user_profiles_groups USING btree (userprofile_id);


--
-- Name: user_profiles_user_permissions_permission_id_9b866494; Type: INDEX; Schema: public; Owner: db_user
--

CREATE INDEX user_profiles_user_permissions_permission_id_9b866494 ON public.user_profiles_user_permissions USING btree (permission_id);


--
-- Name: user_profiles_user_permissions_userprofile_id_d73c7ed0; Type: INDEX; Schema: public; Owner: db_user
--

CREATE INDEX user_profiles_user_permissions_userprofile_id_d73c7ed0 ON public.user_profiles_user_permissions USING btree (userprofile_id);


--
-- Name: user_profiles_username_356fa919_like; Type: INDEX; Schema: public; Owner: db_user
--

CREATE INDEX user_profiles_username_356fa919_like ON public.user_profiles USING btree (username varchar_pattern_ops);


--
-- Name: auth_group_permissions auth_group_permissio_permission_id_84c5c92e_fk_auth_perm; Type: FK CONSTRAINT; Schema: public; Owner: db_user
--

ALTER TABLE ONLY public.auth_group_permissions
    ADD CONSTRAINT auth_group_permissio_permission_id_84c5c92e_fk_auth_perm FOREIGN KEY (permission_id) REFERENCES public.auth_permission(id) DEFERRABLE INITIALLY DEFERRED;


--
-- Name: auth_group_permissions auth_group_permissions_group_id_b120cbf9_fk_auth_group_id; Type: FK CONSTRAINT; Schema: public; Owner: db_user
--

ALTER TABLE ONLY public.auth_group_permissions
    ADD CONSTRAINT auth_group_permissions_group_id_b120cbf9_fk_auth_group_id FOREIGN KEY (group_id) REFERENCES public.auth_group(id) DEFERRABLE INITIALLY DEFERRED;


--
-- Name: auth_permission auth_permission_content_type_id_2f476e4b_fk_django_co; Type: FK CONSTRAINT; Schema: public; Owner: db_user
--

ALTER TABLE ONLY public.auth_permission
    ADD CONSTRAINT auth_permission_content_type_id_2f476e4b_fk_django_co FOREIGN KEY (content_type_id) REFERENCES public.django_content_type(id) DEFERRABLE INITIALLY DEFERRED;


--
-- Name: django_admin_log django_admin_log_content_type_id_c4bce8eb_fk_django_co; Type: FK CONSTRAINT; Schema: public; Owner: db_user
--

ALTER TABLE ONLY public.django_admin_log
    ADD CONSTRAINT django_admin_log_content_type_id_c4bce8eb_fk_django_co FOREIGN KEY (content_type_id) REFERENCES public.django_content_type(id) DEFERRABLE INITIALLY DEFERRED;


--
-- Name: django_admin_log django_admin_log_user_id_c564eba6_fk_user_profiles_id; Type: FK CONSTRAINT; Schema: public; Owner: db_user
--

ALTER TABLE ONLY public.django_admin_log
    ADD CONSTRAINT django_admin_log_user_id_c564eba6_fk_user_profiles_id FOREIGN KEY (user_id) REFERENCES public.user_profiles(id) DEFERRABLE INITIALLY DEFERRED;


--
-- Name: scores_score scores_score_user_id_efcc7268_fk_user_profiles_id; Type: FK CONSTRAINT; Schema: public; Owner: db_user
--

ALTER TABLE ONLY public.scores_score
    ADD CONSTRAINT scores_score_user_id_efcc7268_fk_user_profiles_id FOREIGN KEY (user_id) REFERENCES public.user_profiles(id) DEFERRABLE INITIALLY DEFERRED;


--
-- Name: token_blacklist_blacklistedtoken token_blacklist_blacklistedtoken_token_id_3cc7fe56_fk; Type: FK CONSTRAINT; Schema: public; Owner: db_user
--

ALTER TABLE ONLY public.token_blacklist_blacklistedtoken
    ADD CONSTRAINT token_blacklist_blacklistedtoken_token_id_3cc7fe56_fk FOREIGN KEY (token_id) REFERENCES public.token_blacklist_outstandingtoken(id) DEFERRABLE INITIALLY DEFERRED;


--
-- Name: token_blacklist_outstandingtoken token_blacklist_outs_user_id_83bc629a_fk_user_prof; Type: FK CONSTRAINT; Schema: public; Owner: db_user
--

ALTER TABLE ONLY public.token_blacklist_outstandingtoken
    ADD CONSTRAINT token_blacklist_outs_user_id_83bc629a_fk_user_prof FOREIGN KEY (user_id) REFERENCES public.user_profiles(id) DEFERRABLE INITIALLY DEFERRED;


--
-- Name: user_profiles_friends user_profiles_friend_from_userprofile_id_d041e6a2_fk_user_prof; Type: FK CONSTRAINT; Schema: public; Owner: db_user
--

ALTER TABLE ONLY public.user_profiles_friends
    ADD CONSTRAINT user_profiles_friend_from_userprofile_id_d041e6a2_fk_user_prof FOREIGN KEY (from_userprofile_id) REFERENCES public.user_profiles(id) DEFERRABLE INITIALLY DEFERRED;


--
-- Name: user_profiles_friends user_profiles_friend_to_userprofile_id_f5fe0bbc_fk_user_prof; Type: FK CONSTRAINT; Schema: public; Owner: db_user
--

ALTER TABLE ONLY public.user_profiles_friends
    ADD CONSTRAINT user_profiles_friend_to_userprofile_id_f5fe0bbc_fk_user_prof FOREIGN KEY (to_userprofile_id) REFERENCES public.user_profiles(id) DEFERRABLE INITIALLY DEFERRED;


--
-- Name: user_profiles_groups user_profiles_groups_group_id_afb464fe_fk_auth_group_id; Type: FK CONSTRAINT; Schema: public; Owner: db_user
--

ALTER TABLE ONLY public.user_profiles_groups
    ADD CONSTRAINT user_profiles_groups_group_id_afb464fe_fk_auth_group_id FOREIGN KEY (group_id) REFERENCES public.auth_group(id) DEFERRABLE INITIALLY DEFERRED;


--
-- Name: user_profiles_groups user_profiles_groups_userprofile_id_0b2da12a_fk_user_prof; Type: FK CONSTRAINT; Schema: public; Owner: db_user
--

ALTER TABLE ONLY public.user_profiles_groups
    ADD CONSTRAINT user_profiles_groups_userprofile_id_0b2da12a_fk_user_prof FOREIGN KEY (userprofile_id) REFERENCES public.user_profiles(id) DEFERRABLE INITIALLY DEFERRED;


--
-- Name: user_profiles_user_permissions user_profiles_user_p_permission_id_9b866494_fk_auth_perm; Type: FK CONSTRAINT; Schema: public; Owner: db_user
--

ALTER TABLE ONLY public.user_profiles_user_permissions
    ADD CONSTRAINT user_profiles_user_p_permission_id_9b866494_fk_auth_perm FOREIGN KEY (permission_id) REFERENCES public.auth_permission(id) DEFERRABLE INITIALLY DEFERRED;


--
-- Name: user_profiles_user_permissions user_profiles_user_p_userprofile_id_d73c7ed0_fk_user_prof; Type: FK CONSTRAINT; Schema: public; Owner: db_user
--

ALTER TABLE ONLY public.user_profiles_user_permissions
    ADD CONSTRAINT user_profiles_user_p_userprofile_id_d73c7ed0_fk_user_prof FOREIGN KEY (userprofile_id) REFERENCES public.user_profiles(id) DEFERRABLE INITIALLY DEFERRED;


--
-- PostgreSQL database dump complete
--

