--
-- PostgreSQL database dump
--

-- Dumped from database version 14.3 (Debian 14.3-1.pgdg110+1)
-- Dumped by pg_dump version 14.3 (Debian 14.3-1.pgdg110+1)

SET statement_timeout = 0;
SET lock_timeout = 0;
SET idle_in_transaction_session_timeout = 0;
SET client_encoding = 'UTF8';
SET standard_conforming_strings = on;
SELECT pg_catalog.set_config('search_path', '', false);
SET check_function_bodies = false;
SET xmloption = content;
SET client_min_messages = warning;
SET row_security = off;

SET default_tablespace = '';

SET default_table_access_method = heap;

--
-- Name: user_profiles_friends; Type: TABLE; Schema: public; Owner: db_user
--

CREATE TABLE public.user_profiles_friends (
    id bigint NOT NULL,
    from_userprofile_id bigint NOT NULL,
    to_userprofile_id bigint NOT NULL
);


ALTER TABLE public.user_profiles_friends OWNER TO db_user;

--
-- Name: api_userprofile_friends_id_seq; Type: SEQUENCE; Schema: public; Owner: db_user
--

ALTER TABLE public.user_profiles_friends ALTER COLUMN id ADD GENERATED BY DEFAULT AS IDENTITY (
    SEQUENCE NAME public.api_userprofile_friends_id_seq
    START WITH 1
    INCREMENT BY 1
    NO MINVALUE
    NO MAXVALUE
    CACHE 1
);


--
-- Name: user_profiles_groups; Type: TABLE; Schema: public; Owner: db_user
--

CREATE TABLE public.user_profiles_groups (
    id bigint NOT NULL,
    userprofile_id bigint NOT NULL,
    group_id integer NOT NULL
);


ALTER TABLE public.user_profiles_groups OWNER TO db_user;

--
-- Name: api_userprofile_groups_id_seq; Type: SEQUENCE; Schema: public; Owner: db_user
--

ALTER TABLE public.user_profiles_groups ALTER COLUMN id ADD GENERATED BY DEFAULT AS IDENTITY (
    SEQUENCE NAME public.api_userprofile_groups_id_seq
    START WITH 1
    INCREMENT BY 1
    NO MINVALUE
    NO MAXVALUE
    CACHE 1
);


--
-- Name: user_profiles; Type: TABLE; Schema: public; Owner: db_user
--

CREATE TABLE public.user_profiles (
    id bigint NOT NULL,
    bio text,
    avatar character varying(150) NOT NULL,
    last_login timestamp with time zone,
    email character varying(254),
    password character varying(100),
    username character varying(30),
    first_name character varying(150) NOT NULL,
    last_name character varying(150) NOT NULL,
    is_active boolean NOT NULL,
    is_staff boolean NOT NULL,
    is_superuser boolean NOT NULL,
    date_joined timestamp with time zone NOT NULL,
    is_online boolean NOT NULL
);


ALTER TABLE public.user_profiles OWNER TO db_user;

--
-- Name: api_userprofile_id_seq; Type: SEQUENCE; Schema: public; Owner: db_user
--

ALTER TABLE public.user_profiles ALTER COLUMN id ADD GENERATED BY DEFAULT AS IDENTITY (
    SEQUENCE NAME public.api_userprofile_id_seq
    START WITH 1
    INCREMENT BY 1
    NO MINVALUE
    NO MAXVALUE
    CACHE 1
);


--
-- Name: user_profiles_user_permissions; Type: TABLE; Schema: public; Owner: db_user
--

CREATE TABLE public.user_profiles_user_permissions (
    id bigint NOT NULL,
    userprofile_id bigint NOT NULL,
    permission_id integer NOT NULL
);


ALTER TABLE public.user_profiles_user_permissions OWNER TO db_user;

--
-- Name: api_userprofile_user_permissions_id_seq; Type: SEQUENCE; Schema: public; Owner: db_user
--

ALTER TABLE public.user_profiles_user_permissions ALTER COLUMN id ADD GENERATED BY DEFAULT AS IDENTITY (
    SEQUENCE NAME public.api_userprofile_user_permissions_id_seq
    START WITH 1
    INCREMENT BY 1
    NO MINVALUE
    NO MAXVALUE
    CACHE 1
);


--
-- Name: auth_group; Type: TABLE; Schema: public; Owner: db_user
--

CREATE TABLE public.auth_group (
    id integer NOT NULL,
    name character varying(150) NOT NULL
);


ALTER TABLE public.auth_group OWNER TO db_user;

--
-- Name: auth_group_id_seq; Type: SEQUENCE; Schema: public; Owner: db_user
--

ALTER TABLE public.auth_group ALTER COLUMN id ADD GENERATED BY DEFAULT AS IDENTITY (
    SEQUENCE NAME public.auth_group_id_seq
    START WITH 1
    INCREMENT BY 1
    NO MINVALUE
    NO MAXVALUE
    CACHE 1
);


--
-- Name: auth_group_permissions; Type: TABLE; Schema: public; Owner: db_user
--

CREATE TABLE public.auth_group_permissions (
    id bigint NOT NULL,
    group_id integer NOT NULL,
    permission_id integer NOT NULL
);


ALTER TABLE public.auth_group_permissions OWNER TO db_user;

--
-- Name: auth_group_permissions_id_seq; Type: SEQUENCE; Schema: public; Owner: db_user
--

ALTER TABLE public.auth_group_permissions ALTER COLUMN id ADD GENERATED BY DEFAULT AS IDENTITY (
    SEQUENCE NAME public.auth_group_permissions_id_seq
    START WITH 1
    INCREMENT BY 1
    NO MINVALUE
    NO MAXVALUE
    CACHE 1
);


--
-- Name: auth_permission; Type: TABLE; Schema: public; Owner: db_user
--

CREATE TABLE public.auth_permission (
    id integer NOT NULL,
    name character varying(255) NOT NULL,
    content_type_id integer NOT NULL,
    codename character varying(100) NOT NULL
);


ALTER TABLE public.auth_permission OWNER TO db_user;

--
-- Name: auth_permission_id_seq; Type: SEQUENCE; Schema: public; Owner: db_user
--

ALTER TABLE public.auth_permission ALTER COLUMN id ADD GENERATED BY DEFAULT AS IDENTITY (
    SEQUENCE NAME public.auth_permission_id_seq
    START WITH 1
    INCREMENT BY 1
    NO MINVALUE
    NO MAXVALUE
    CACHE 1
);


--
-- Name: auth_user; Type: TABLE; Schema: public; Owner: db_user
--

CREATE TABLE public.auth_user (
    id integer NOT NULL,
    password character varying(128) NOT NULL,
    last_login timestamp with time zone,
    is_superuser boolean NOT NULL,
    username character varying(150) NOT NULL,
    first_name character varying(150) NOT NULL,
    last_name character varying(150) NOT NULL,
    email character varying(254) NOT NULL,
    is_staff boolean NOT NULL,
    is_active boolean NOT NULL,
    date_joined timestamp with time zone NOT NULL
);


ALTER TABLE public.auth_user OWNER TO db_user;

--
-- Name: auth_user_groups; Type: TABLE; Schema: public; Owner: db_user
--

CREATE TABLE public.auth_user_groups (
    id bigint NOT NULL,
    user_id integer NOT NULL,
    group_id integer NOT NULL
);


ALTER TABLE public.auth_user_groups OWNER TO db_user;

--
-- Name: auth_user_groups_id_seq; Type: SEQUENCE; Schema: public; Owner: db_user
--

ALTER TABLE public.auth_user_groups ALTER COLUMN id ADD GENERATED BY DEFAULT AS IDENTITY (
    SEQUENCE NAME public.auth_user_groups_id_seq
    START WITH 1
    INCREMENT BY 1
    NO MINVALUE
    NO MAXVALUE
    CACHE 1
);


--
-- Name: auth_user_id_seq; Type: SEQUENCE; Schema: public; Owner: db_user
--

ALTER TABLE public.auth_user ALTER COLUMN id ADD GENERATED BY DEFAULT AS IDENTITY (
    SEQUENCE NAME public.auth_user_id_seq
    START WITH 1
    INCREMENT BY 1
    NO MINVALUE
    NO MAXVALUE
    CACHE 1
);


--
-- Name: auth_user_user_permissions; Type: TABLE; Schema: public; Owner: db_user
--

CREATE TABLE public.auth_user_user_permissions (
    id bigint NOT NULL,
    user_id integer NOT NULL,
    permission_id integer NOT NULL
);


ALTER TABLE public.auth_user_user_permissions OWNER TO db_user;

--
-- Name: auth_user_user_permissions_id_seq; Type: SEQUENCE; Schema: public; Owner: db_user
--

ALTER TABLE public.auth_user_user_permissions ALTER COLUMN id ADD GENERATED BY DEFAULT AS IDENTITY (
    SEQUENCE NAME public.auth_user_user_permissions_id_seq
    START WITH 1
    INCREMENT BY 1
    NO MINVALUE
    NO MAXVALUE
    CACHE 1
);


--
-- Name: django_admin_log; Type: TABLE; Schema: public; Owner: db_user
--

CREATE TABLE public.django_admin_log (
    id integer NOT NULL,
    action_time timestamp with time zone NOT NULL,
    object_id text,
    object_repr character varying(200) NOT NULL,
    action_flag smallint NOT NULL,
    change_message text NOT NULL,
    content_type_id integer,
    user_id integer NOT NULL,
    CONSTRAINT django_admin_log_action_flag_check CHECK ((action_flag >= 0))
);


ALTER TABLE public.django_admin_log OWNER TO db_user;

--
-- Name: django_admin_log_id_seq; Type: SEQUENCE; Schema: public; Owner: db_user
--

ALTER TABLE public.django_admin_log ALTER COLUMN id ADD GENERATED BY DEFAULT AS IDENTITY (
    SEQUENCE NAME public.django_admin_log_id_seq
    START WITH 1
    INCREMENT BY 1
    NO MINVALUE
    NO MAXVALUE
    CACHE 1
);


--
-- Name: django_content_type; Type: TABLE; Schema: public; Owner: db_user
--

CREATE TABLE public.django_content_type (
    id integer NOT NULL,
    app_label character varying(100) NOT NULL,
    model character varying(100) NOT NULL
);


ALTER TABLE public.django_content_type OWNER TO db_user;

--
-- Name: django_content_type_id_seq; Type: SEQUENCE; Schema: public; Owner: db_user
--

ALTER TABLE public.django_content_type ALTER COLUMN id ADD GENERATED BY DEFAULT AS IDENTITY (
    SEQUENCE NAME public.django_content_type_id_seq
    START WITH 1
    INCREMENT BY 1
    NO MINVALUE
    NO MAXVALUE
    CACHE 1
);


--
-- Name: django_migrations; Type: TABLE; Schema: public; Owner: db_user
--

CREATE TABLE public.django_migrations (
    id bigint NOT NULL,
    app character varying(255) NOT NULL,
    name character varying(255) NOT NULL,
    applied timestamp with time zone NOT NULL
);


ALTER TABLE public.django_migrations OWNER TO db_user;

--
-- Name: django_migrations_id_seq; Type: SEQUENCE; Schema: public; Owner: db_user
--

ALTER TABLE public.django_migrations ALTER COLUMN id ADD GENERATED BY DEFAULT AS IDENTITY (
    SEQUENCE NAME public.django_migrations_id_seq
    START WITH 1
    INCREMENT BY 1
    NO MINVALUE
    NO MAXVALUE
    CACHE 1
);


--
-- Name: django_session; Type: TABLE; Schema: public; Owner: db_user
--

CREATE TABLE public.django_session (
    session_key character varying(40) NOT NULL,
    session_data text NOT NULL,
    expire_date timestamp with time zone NOT NULL
);


ALTER TABLE public.django_session OWNER TO db_user;

--
-- Name: scores_score; Type: TABLE; Schema: public; Owner: db_user
--

CREATE TABLE public.scores_score (
    id bigint NOT NULL,
    opponent character varying(255) NOT NULL,
    date timestamp with time zone NOT NULL,
    user_id bigint NOT NULL,
    opponent_score integer NOT NULL,
    user_score integer NOT NULL,
    game_type character varying(255) NOT NULL,
    tournament_name character varying(255) NOT NULL
);


ALTER TABLE public.scores_score OWNER TO db_user;

--
-- Name: scores_score_id_seq; Type: SEQUENCE; Schema: public; Owner: db_user
--

ALTER TABLE public.scores_score ALTER COLUMN id ADD GENERATED BY DEFAULT AS IDENTITY (
    SEQUENCE NAME public.scores_score_id_seq
    START WITH 1
    INCREMENT BY 1
    NO MINVALUE
    NO MAXVALUE
    CACHE 1
);


--
-- Name: token_blacklist_blacklistedtoken; Type: TABLE; Schema: public; Owner: db_user
--

CREATE TABLE public.token_blacklist_blacklistedtoken (
    id bigint NOT NULL,
    blacklisted_at timestamp with time zone NOT NULL,
    token_id bigint NOT NULL
);


ALTER TABLE public.token_blacklist_blacklistedtoken OWNER TO db_user;

--
-- Name: token_blacklist_blacklistedtoken_id_seq; Type: SEQUENCE; Schema: public; Owner: db_user
--

ALTER TABLE public.token_blacklist_blacklistedtoken ALTER COLUMN id ADD GENERATED BY DEFAULT AS IDENTITY (
    SEQUENCE NAME public.token_blacklist_blacklistedtoken_id_seq
    START WITH 1
    INCREMENT BY 1
    NO MINVALUE
    NO MAXVALUE
    CACHE 1
);


--
-- Name: token_blacklist_outstandingtoken; Type: TABLE; Schema: public; Owner: db_user
--

CREATE TABLE public.token_blacklist_outstandingtoken (
    id bigint NOT NULL,
    token text NOT NULL,
    created_at timestamp with time zone,
    expires_at timestamp with time zone NOT NULL,
    user_id bigint,
    jti character varying(255) NOT NULL
);


ALTER TABLE public.token_blacklist_outstandingtoken OWNER TO db_user;

--
-- Name: token_blacklist_outstandingtoken_id_seq; Type: SEQUENCE; Schema: public; Owner: db_user
--

ALTER TABLE public.token_blacklist_outstandingtoken ALTER COLUMN id ADD GENERATED BY DEFAULT AS IDENTITY (
    SEQUENCE NAME public.token_blacklist_outstandingtoken_id_seq
    START WITH 1
    INCREMENT BY 1
    NO MINVALUE
    NO MAXVALUE
    CACHE 1
);


--
-- Data for Name: auth_group; Type: TABLE DATA; Schema: public; Owner: db_user
--

COPY public.auth_group (id, name) FROM stdin;
\.


--
-- Data for Name: auth_group_permissions; Type: TABLE DATA; Schema: public; Owner: db_user
--

COPY public.auth_group_permissions (id, group_id, permission_id) FROM stdin;
\.


--
-- Data for Name: auth_permission; Type: TABLE DATA; Schema: public; Owner: db_user
--

COPY public.auth_permission (id, name, content_type_id, codename) FROM stdin;
1	Can add log entry	1	add_logentry
2	Can change log entry	1	change_logentry
3	Can delete log entry	1	delete_logentry
4	Can view log entry	1	view_logentry
5	Can add permission	2	add_permission
6	Can change permission	2	change_permission
7	Can delete permission	2	delete_permission
8	Can view permission	2	view_permission
9	Can add group	3	add_group
10	Can change group	3	change_group
11	Can delete group	3	delete_group
12	Can view group	3	view_group
13	Can add user	4	add_user
14	Can change user	4	change_user
15	Can delete user	4	delete_user
16	Can view user	4	view_user
17	Can add content type	5	add_contenttype
18	Can change content type	5	change_contenttype
19	Can delete content type	5	delete_contenttype
20	Can view content type	5	view_contenttype
21	Can add session	6	add_session
22	Can change session	6	change_session
23	Can delete session	6	delete_session
24	Can view session	6	view_session
25	Can add user profile	7	add_userprofile
26	Can change user profile	7	change_userprofile
27	Can delete user profile	7	delete_userprofile
28	Can view user profile	7	view_userprofile
29	Can add blacklisted token	8	add_blacklistedtoken
30	Can change blacklisted token	8	change_blacklistedtoken
31	Can delete blacklisted token	8	delete_blacklistedtoken
32	Can view blacklisted token	8	view_blacklistedtoken
33	Can add outstanding token	9	add_outstandingtoken
34	Can change outstanding token	9	change_outstandingtoken
35	Can delete outstanding token	9	delete_outstandingtoken
36	Can view outstanding token	9	view_outstandingtoken
37	Can add score	10	add_score
38	Can change score	10	change_score
39	Can delete score	10	delete_score
40	Can view score	10	view_score
\.


--
-- Data for Name: auth_user; Type: TABLE DATA; Schema: public; Owner: db_user
--

COPY public.auth_user (id, password, last_login, is_superuser, username, first_name, last_name, email, is_staff, is_active, date_joined) FROM stdin;
1	pbkdf2_sha256$870000$fxEYj0WMhKTFTLfA0pJxDq$ubYAl2/ARgXAmCXDGZCqwVGbBShTaXkFkyVJGrrf/vg=	2024-10-19 13:08:36.419181+00	t	chicken			sopadegalinha23@gmail.com	t	t	2024-10-18 16:04:28.908867+00
2	pbkdf2_sha256$870000$EKo7ODGpwobrP9THrG6RSi$GzOYJQdf4dUrebQONW34uM32O2e/DjVBkD/Wto/zZh8=	\N	t	root			admin@admin.com	t	t	2024-10-23 12:12:12.310126+00
4	pbkdf2_sha256$870000$X2e7idaw1SARZjkz2rmAku$8gDvdMK/EaQ1Omiskj6O2QG6ONjpV/q3OzhgAY3WNj4=	\N	t	django_admin			admin@admin.com	t	t	2024-10-29 11:00:53.101692+00
\.


--
-- Data for Name: auth_user_groups; Type: TABLE DATA; Schema: public; Owner: db_user
--

COPY public.auth_user_groups (id, user_id, group_id) FROM stdin;
\.


--
-- Data for Name: auth_user_user_permissions; Type: TABLE DATA; Schema: public; Owner: db_user
--

COPY public.auth_user_user_permissions (id, user_id, permission_id) FROM stdin;
\.


--
-- Data for Name: django_admin_log; Type: TABLE DATA; Schema: public; Owner: db_user
--

COPY public.django_admin_log (id, action_time, object_id, object_repr, action_flag, change_message, content_type_id, user_id) FROM stdin;
\.


--
-- Data for Name: django_content_type; Type: TABLE DATA; Schema: public; Owner: db_user
--

COPY public.django_content_type (id, app_label, model) FROM stdin;
1	admin	logentry
2	auth	permission
3	auth	group
4	auth	user
5	contenttypes	contenttype
6	sessions	session
7	authentication	userprofile
8	token_blacklist	blacklistedtoken
9	token_blacklist	outstandingtoken
10	scores	score
\.


--
-- Data for Name: django_migrations; Type: TABLE DATA; Schema: public; Owner: db_user
--

COPY public.django_migrations (id, app, name, applied) FROM stdin;
1	contenttypes	0001_initial	2024-10-17 14:05:48.639529+00
2	auth	0001_initial	2024-10-17 14:05:48.777803+00
3	admin	0001_initial	2024-10-17 14:05:48.815102+00
4	admin	0002_logentry_remove_auto_add	2024-10-17 14:05:48.824467+00
5	admin	0003_logentry_add_action_flag_choices	2024-10-17 14:05:48.836553+00
6	contenttypes	0002_remove_content_type_name	2024-10-17 14:05:48.854624+00
7	auth	0002_alter_permission_name_max_length	2024-10-17 14:05:48.865632+00
8	auth	0003_alter_user_email_max_length	2024-10-17 14:05:48.87966+00
9	auth	0004_alter_user_username_opts	2024-10-17 14:05:48.889442+00
10	auth	0005_alter_user_last_login_null	2024-10-17 14:05:48.90069+00
11	auth	0006_require_contenttypes_0002	2024-10-17 14:05:48.903866+00
12	auth	0007_alter_validators_add_error_messages	2024-10-17 14:05:48.914181+00
13	auth	0008_alter_user_username_max_length	2024-10-17 14:05:48.933062+00
14	auth	0009_alter_user_last_name_max_length	2024-10-17 14:05:48.943211+00
15	auth	0010_alter_group_name_max_length	2024-10-17 14:05:48.957971+00
16	auth	0011_update_proxy_permissions	2024-10-17 14:05:48.966998+00
17	auth	0012_alter_user_first_name_max_length	2024-10-17 14:05:48.97727+00
18	sessions	0001_initial	2024-10-17 14:05:49.005392+00
19	authentication	0001_initial	2024-10-28 10:32:06.68933+00
20	authentication	0002_remove_userprofile_user_userprofile_email_and_more	2024-10-28 11:23:49.125556+00
21	authentication	0003_alter_userprofile_table	2024-10-28 11:46:47.840092+00
22	authentication	0004_alter_userprofile_friends	2024-10-28 12:15:01.551493+00
23	authentication	0005_alter_userprofile_friends	2024-10-29 08:02:36.372167+00
24	authentication	0006_userprofile_is_staff	2024-10-29 08:02:36.379807+00
25	authentication	0007_userprofile_is_active_alter_userprofile_is_superuser	2024-10-29 09:12:19.877661+00
26	authentication	0008_alter_userprofile_table	2024-10-29 09:12:19.88265+00
27	authentication	0009_alter_userprofile_is_staff_and_more	2024-10-29 11:00:50.610694+00
28	authentication	0010_alter_userprofile_is_staff_and_more	2024-10-29 11:00:50.622054+00
29	authentication	0011_userprofile_first_name_userprofile_last_name	2024-10-29 11:00:50.630302+00
30	authentication	0012_remove_userprofile_is_active_and_more	2024-10-29 11:00:50.651804+00
31	authentication	0013_remove_userprofile_active_remove_userprofile_staff_and_more	2024-10-29 11:00:50.673517+00
32	authentication	0014_alter_userprofile_last_login	2024-10-29 15:03:01.819131+00
33	authentication	0015_userprofile_date_joined	2024-10-30 11:25:55.447351+00
34	token_blacklist	0001_initial	2024-10-31 13:50:08.160793+00
35	token_blacklist	0002_outstandingtoken_jti_hex	2024-10-31 13:50:08.1625+00
36	token_blacklist	0003_auto_20171017_2007	2024-10-31 13:50:08.165725+00
37	token_blacklist	0004_auto_20171017_2013	2024-10-31 13:50:08.169058+00
38	token_blacklist	0005_remove_outstandingtoken_jti	2024-10-31 13:50:08.170745+00
39	token_blacklist	0006_auto_20171017_2113	2024-10-31 13:50:08.17238+00
40	token_blacklist	0007_auto_20171017_2214	2024-10-31 13:50:08.179008+00
41	token_blacklist	0008_migrate_to_bigautofield	2024-10-31 13:50:08.191335+00
42	token_blacklist	0010_fix_migrate_to_bigautofield	2024-10-31 13:50:08.194969+00
43	token_blacklist	0011_linearizes_history	2024-10-31 13:50:08.195422+00
44	token_blacklist	0012_alter_outstandingtoken_user	2024-10-31 13:50:08.197623+00
45	authentication	0002_remove_userprofile_score	2024-12-07 15:17:10.510331+00
46	authentication	0003_userprofile_score	2024-12-07 15:17:10.51601+00
47	authentication	0004_remove_userprofile_score	2024-12-07 15:19:07.561143+00
48	authentication	0005_userprofile_score	2024-12-07 15:54:28.098187+00
49	scores	0001_initial	2024-12-07 16:14:11.713186+00
50	scores	0002_remove_score_score_score_opponent_score_and_more	2025-02-04 10:30:23.186002+00
1	authentication	0003_alter_userprofile_avatar	2025-02-06 16:19:24.544651+00
2	authentication	0004_userprofile_is_online	2025-02-07 10:38:41.533532+00
3	scores	0003_score_game_type_score_tournament_name	2025-02-08 11:50:26.053366+00
\.


--
-- Data for Name: django_session; Type: TABLE DATA; Schema: public; Owner: db_user
--

COPY public.django_session (session_key, session_data, expire_date) FROM stdin;
y9wprxld7ozshzo250dk8qbp4h1fepvk	.eJxVjEsOAiEQBe_C2pDGRj4u3XsGAnQjowaSYWZlvLtOMgvdvqp6LxHiutSwDp7DROIslDj8binmB7cN0D22W5e5t2WektwUudMhr534edndv4MaR_3WOgFrjYQu61KMhUjZs0IGVcBZ9B5MycjWZgJCSlgSIBzJJHvSzoj3B-awN88:1t1pTG:TfW1vP6iZsQ6tlypwr-UT62jyKrLfTTjmU7R1oT5Z30	2024-11-01 16:04:58.102906+00
2s3stkyvtqt2kwtv2v88ntry76ick9at	.eJxVjEsOAiEQBe_C2pDGRj4u3XsGAnQjowaSYWZlvLtOMgvdvqp6LxHiutSwDp7DROIslDj8binmB7cN0D22W5e5t2WektwUudMhr534edndv4MaR_3WOgFrjYQu61KMhUjZs0IGVcBZ9B5MycjWZgJCSlgSIBzJJHvSzoj3B-awN88:1t29C8:BBSFWUTtAG0JJweTVzvfwxlv42qADO2CQRng7wcmIQs	2024-11-02 13:08:36.421699+00
ain1mm7tw4gbw8rhg2tgi9fqaskvpk90	.eJxVjMsOwiAQRf-FtSEDw0Ncuu83EGBAqgaS0q6M_65NutDtPefcF_NhW6vfRl78TOzCkJ1-txjSI7cd0D20W-ept3WZI98VftDBp075eT3cv4MaRv3WsmhwqEx0TitjA4EgbYIUBkFKpSlKwCSctQqsVKCxJDKuACXM5Yzs_QGi7DZ8:1t5XMG:NIBw2XV0WbUzVQLADMvIjcWyXV13IBqHV8FcOKeCzhM	2024-11-11 21:33:04.275333+00
uk3g7hbrm9fyhrj0f1v43kwnk06379qv	.eJxVjMsOwiAQRf-FtSG8CoxL934DAWaQqoGktCvjv2uTLnR7zzn3xULc1hq2QUuYkZ2ZY6ffLcX8oLYDvMd26zz3ti5z4rvCDzr4tSM9L4f7d1DjqN_auwmlLMra4l0G1MZInVwiAjKCQCfI6JQqmMEr5eREVpmShUUQUQr2_gDa7zeI:1t5k1w:WnzkWdaX2s7OOL1lnCf3aaUXYrxXbUFcbjtrYf7neTc	2024-11-12 11:04:56.852884+00
fji08bfbroe2pip45rlo78ar7z9f0v0o	.eJxVjMsOwiAQRf-FtSFDgQFcuvcbyAwPqZo2Ke3K-O_apAvd3nPOfYlI29ri1ssSxyzOQoE4_Y5M6VGmneQ7TbdZpnlal5HlrsiDdnmdc3leDvfvoFFv31qj4ZSsCw4HDSEAeMcaBlt0JoLK3hoLSRVVAnvMPKBjrFjJowEdxPsD4TQ3SA:1t6VZ0:BpheUTNOgeTlTHLDha4n96nPboVP-rOqaE_0LKFb8zY	2024-11-14 13:50:14.36849+00
pfbzf47irj4lrgx008b5wfe6ctkbtv3d	.eJxVjMsOwiAQRf-FtSFDgQFcuvcbyAwPqZo2Ke3K-O_apAvd3nPOfYlI29ri1ssSxyzOQoE4_Y5M6VGmneQ7TbdZpnlal5HlrsiDdnmdc3leDvfvoFFv31qj4ZSsCw4HDSEAeMcaBlt0JoLK3hoLSRVVAnvMPKBjrFjJowEdxPsD4TQ3SA:1tJwiI:S9vpHU9udT_Uwbz8nmLe5G_62tXqqaSyxzGfYFwHo4U	2024-12-21 15:27:22.405501+00
\.


--
-- Data for Name: scores_score; Type: TABLE DATA; Schema: public; Owner: db_user
--

COPY public.scores_score (id, opponent, date, user_id, opponent_score, user_score, game_type, tournament_name) FROM stdin;
1	trompette	2024-12-07 16:30:21.074836+00	10	0	0	single_player	none
2	trompette	2024-12-07 16:30:45.428929+00	10	0	0	single_player	none
3	ziliolu	2025-02-04 13:08:57.067633+00	16	0	0	single_player	none
1	mary	2025-02-08 11:52:41.833306+00	1	4	3	single_player	none
\.


--
-- Data for Name: token_blacklist_blacklistedtoken; Type: TABLE DATA; Schema: public; Owner: db_user
--

COPY public.token_blacklist_blacklistedtoken (id, blacklisted_at, token_id) FROM stdin;
1	2025-02-07 10:54:09.402478+00	38
2	2025-02-07 10:57:30.521847+00	39
3	2025-02-07 11:10:42.051096+00	41
4	2025-02-07 14:30:30.171476+00	43
\.


--
-- Data for Name: token_blacklist_outstandingtoken; Type: TABLE DATA; Schema: public; Owner: db_user
--

COPY public.token_blacklist_outstandingtoken (id, token, created_at, expires_at, user_id, jti) FROM stdin;
1	eyJhbGciOiJIUzI1NiIsInR5cCI6IkpXVCJ9.eyJ0b2tlbl90eXBlIjoicmVmcmVzaCIsImV4cCI6MTczODUyMjc2NCwiaWF0IjoxNzM4NDM2MzY0LCJqdGkiOiIyN2VhYWJkMWE2ODA0Yjg2OWRlZGNjYTM4YTBlZjAxMiIsInVzZXJfaWQiOjEwfQ.jQErVFUKZsFk5xX6GNbLsDCPUhWUwK09ZaF7jItCrmc	2025-02-01 18:59:24.630916+00	2025-02-02 18:59:24+00	10	27eaabd1a6804b869dedcca38a0ef012
2	eyJhbGciOiJIUzI1NiIsInR5cCI6IkpXVCJ9.eyJ0b2tlbl90eXBlIjoicmVmcmVzaCIsImV4cCI6MTczODUyMjk0MywiaWF0IjoxNzM4NDM2NTQzLCJqdGkiOiI0ZTU3NzI4MWY2OTE0MTUyYWJmM2UzYzE4OGY2OTgwOCIsInVzZXJfaWQiOjExfQ.-FzW5485y5XPlwo8mm7mGwriLkU5hc-csp474BL-4gY	2025-02-01 19:02:23.742872+00	2025-02-02 19:02:23+00	11	4e577281f6914152abf3e3c188f69808
3	eyJhbGciOiJIUzI1NiIsInR5cCI6IkpXVCJ9.eyJ0b2tlbl90eXBlIjoicmVmcmVzaCIsImV4cCI6MTczODUyMzMzOSwiaWF0IjoxNzM4NDM2OTM5LCJqdGkiOiJhOWE1MDcwZDRlMjI0NWEwYjkxOTY5ZDk3N2M3MzQ3OSIsInVzZXJfaWQiOjExfQ.xdsemjfucIxmAUrdfIiGraRIr1NZsjTO8ESXXGdTzoU	2025-02-01 19:08:59.412235+00	2025-02-02 19:08:59+00	11	a9a5070d4e2245a0b91969d977c73479
4	eyJhbGciOiJIUzI1NiIsInR5cCI6IkpXVCJ9.eyJ0b2tlbl90eXBlIjoicmVmcmVzaCIsImV4cCI6MTczODUyMzU5MSwiaWF0IjoxNzM4NDM3MTkxLCJqdGkiOiJhZTAzNjQ5Mjc5NzE0YmQzODFjN2FmZWM2NzM5NTE2ZiIsInVzZXJfaWQiOjh9.O7m8pEFqDDIve5Nj0lw9M1pmCR0RrsT14RrwxczT5Is	2025-02-01 19:13:11.175025+00	2025-02-02 19:13:11+00	8	ae03649279714bd381c7afec6739516f
5	eyJhbGciOiJIUzI1NiIsInR5cCI6IkpXVCJ9.eyJ0b2tlbl90eXBlIjoicmVmcmVzaCIsImV4cCI6MTczODUyMzgwNCwiaWF0IjoxNzM4NDM3NDA0LCJqdGkiOiI0OGE2NDkwYzUwNDI0Yjc4YjhlYzc5ZDBjYTdjMmEzMCIsInVzZXJfaWQiOjh9.klQwkOiF8S-1-HzHU5RFN6C_C9b46-AGiHrMfgJnZ6E	2025-02-01 19:16:44.310363+00	2025-02-02 19:16:44+00	8	48a6490c50424b78b8ec79d0ca7c2a30
6	eyJhbGciOiJIUzI1NiIsInR5cCI6IkpXVCJ9.eyJ0b2tlbl90eXBlIjoicmVmcmVzaCIsImV4cCI6MTczODUyMzg2MSwiaWF0IjoxNzM4NDM3NDYxLCJqdGkiOiI4ZDNiYTQyY2E1M2E0N2NmODViM2ZlZTgxMWExYTBiMyIsInVzZXJfaWQiOjh9.g2UXfix78BtOiKt-UbnE4u34GqBg9dqk797gxSbaPNs	2025-02-01 19:17:41.068709+00	2025-02-02 19:17:41+00	8	8d3ba42ca53a47cf85b3fee811a1a0b3
7	eyJhbGciOiJIUzI1NiIsInR5cCI6IkpXVCJ9.eyJ0b2tlbl90eXBlIjoicmVmcmVzaCIsImV4cCI6MTczODUyMzkzNSwiaWF0IjoxNzM4NDM3NTM1LCJqdGkiOiJhYWFiYjk2MTg4NWQ0ODg2YmQzNmY0N2FhODczNjg3YiIsInVzZXJfaWQiOjh9.K4DqHsRKRfgim0leP6Be1MbfrMwsAmkeU-QqY1CXZ4o	2025-02-01 19:18:55.790385+00	2025-02-02 19:18:55+00	8	aaabb961885d4886bd36f47aa873687b
8	eyJhbGciOiJIUzI1NiIsInR5cCI6IkpXVCJ9.eyJ0b2tlbl90eXBlIjoicmVmcmVzaCIsImV4cCI6MTczODUyNTcxNywiaWF0IjoxNzM4NDM5MzE3LCJqdGkiOiIzNmNhYTUwMTVmMjc0MjdiYTIzYzQxYWNiNjk0ODlhYSIsInVzZXJfaWQiOjh9.zZ0G1AProNkdNHpcEkNKxgeMNAQ_b_GgPOZ959hO1uI	2025-02-01 19:48:37.018837+00	2025-02-02 19:48:37+00	8	36caa5015f27427ba23c41acb69489aa
9	eyJhbGciOiJIUzI1NiIsInR5cCI6IkpXVCJ9.eyJ0b2tlbl90eXBlIjoicmVmcmVzaCIsImV4cCI6MTczODUyNTc0OSwiaWF0IjoxNzM4NDM5MzQ5LCJqdGkiOiJmMzkxNWU1YmMyYjI0ZDcyODE1ODJlNWVjZmYyMzQ3YSIsInVzZXJfaWQiOjh9.Pma83SkvC1j5QFdARFNinp8KyaKQngsZfN07sXMxEW8	2025-02-01 19:49:09.777175+00	2025-02-02 19:49:09+00	8	f3915e5bc2b24d7281582e5ecff2347a
10	eyJhbGciOiJIUzI1NiIsInR5cCI6IkpXVCJ9.eyJ0b2tlbl90eXBlIjoicmVmcmVzaCIsImV4cCI6MTczODUyNTkxNiwiaWF0IjoxNzM4NDM5NTE2LCJqdGkiOiJiYWU4NThlZjMyMDg0MzNmOTIyNzZkMzdiMzEzMGRjOSIsInVzZXJfaWQiOjh9.FNoN4dvAIjNwZvdk2AuSGlk3tmIVKeobOz2hOjvjw_I	2025-02-01 19:51:56.343871+00	2025-02-02 19:51:56+00	8	bae858ef3208433f92276d37b3130dc9
11	eyJhbGciOiJIUzI1NiIsInR5cCI6IkpXVCJ9.eyJ0b2tlbl90eXBlIjoicmVmcmVzaCIsImV4cCI6MTczODUyNjIxNywiaWF0IjoxNzM4NDM5ODE3LCJqdGkiOiIyN2E0YmZkOGI0ZjY0ZjE3ODdhZWNkMjFmYmQ3N2FhMCIsInVzZXJfaWQiOjExfQ.v1ke8ko_yRUuJ_COpjuIPYl87tHHl5s_LiyoeMDnR4M	2025-02-01 19:56:57.331411+00	2025-02-02 19:56:57+00	11	27a4bfd8b4f64f1787aecd21fbd77aa0
12	eyJhbGciOiJIUzI1NiIsInR5cCI6IkpXVCJ9.eyJ0b2tlbl90eXBlIjoicmVmcmVzaCIsImV4cCI6MTczODUyNjI0NiwiaWF0IjoxNzM4NDM5ODQ2LCJqdGkiOiJhYjk2MWZiYjAyMjY0NTIwYmQ1Y2FjODU0MjdmMWE4NyIsInVzZXJfaWQiOjExfQ.lrxIJhjIzN-9FIwqvABJwKEHOClyWEiwRl0DUqxDF1c	2025-02-01 19:57:26.87576+00	2025-02-02 19:57:26+00	11	ab961fbb02264520bd5cac85427f1a87
13	eyJhbGciOiJIUzI1NiIsInR5cCI6IkpXVCJ9.eyJ0b2tlbl90eXBlIjoicmVmcmVzaCIsImV4cCI6MTczODUyNjM5MSwiaWF0IjoxNzM4NDM5OTkxLCJqdGkiOiI0NDdlMWI2ZGUxMjc0MWU3YmFlNGFjY2I3M2ZjYWFhNiIsInVzZXJfaWQiOjExfQ.anWG6F9Xv3F89PFk9R1aH-4r83lXVWtU_zeuSO2m0Ok	2025-02-01 19:59:51.921746+00	2025-02-02 19:59:51+00	11	447e1b6de12741e7bae4accb73fcaaa6
14	eyJhbGciOiJIUzI1NiIsInR5cCI6IkpXVCJ9.eyJ0b2tlbl90eXBlIjoicmVmcmVzaCIsImV4cCI6MTczODUyNjYzNiwiaWF0IjoxNzM4NDQwMjM2LCJqdGkiOiJlODIyYjgwOTc3MTk0ZmQyOTQ0ZTk3YjM4NmI0OWQ3NiIsInVzZXJfaWQiOjEyfQ.0hw1HTYwBnvl7SfZTvIM1McZlP3TxwEdsZbTc4f6Wus	2025-02-01 20:03:56.961711+00	2025-02-02 20:03:56+00	12	e822b80977194fd2944e97b386b49d76
15	eyJhbGciOiJIUzI1NiIsInR5cCI6IkpXVCJ9.eyJ0b2tlbl90eXBlIjoicmVmcmVzaCIsImV4cCI6MTczODUyNjc1NCwiaWF0IjoxNzM4NDQwMzU0LCJqdGkiOiJjZGUyZWU0MDhkZjU0MmM2ODIwMTk2MDc2MGI5ODlhZSIsInVzZXJfaWQiOjEyfQ.0_cO_5akStxQ4KopCoRWazHdVEZ_8DHIw7Q5vLjJ0-c	2025-02-01 20:05:54.710875+00	2025-02-02 20:05:54+00	12	cde2ee408df542c68201960760b989ae
16	eyJhbGciOiJIUzI1NiIsInR5cCI6IkpXVCJ9.eyJ0b2tlbl90eXBlIjoicmVmcmVzaCIsImV4cCI6MTczODYwNTU3NSwiaWF0IjoxNzM4NTE5MTc1LCJqdGkiOiIzYWU4NThlMmM1YzQ0ZjE3YWQ0ZDJkNzYyZDgzZGM3ZCIsInVzZXJfaWQiOjh9.njAErZr9PJdyTs4wxUXUqseeyBsE3O9J80ZLgFSGCco	2025-02-02 17:59:35.755435+00	2025-02-03 17:59:35+00	8	3ae858e2c5c44f17ad4d2d762d83dc7d
17	eyJhbGciOiJIUzI1NiIsInR5cCI6IkpXVCJ9.eyJ0b2tlbl90eXBlIjoicmVmcmVzaCIsImV4cCI6MTczODYwNjExNywiaWF0IjoxNzM4NTE5NzE3LCJqdGkiOiJkN2M4NzBlNDIwZTI0ZTE3OTE5ZjlmODc0YzNlMjVlYiIsInVzZXJfaWQiOjh9.PmbiG9kON54FvdyCK85w__jDo5z6SXB1VXQtSpdd0t8	2025-02-02 18:08:37.155116+00	2025-02-03 18:08:37+00	8	d7c870e420e24e17919f9f874c3e25eb
18	eyJhbGciOiJIUzI1NiIsInR5cCI6IkpXVCJ9.eyJ0b2tlbl90eXBlIjoicmVmcmVzaCIsImV4cCI6MTczODYwNjEyOCwiaWF0IjoxNzM4NTE5NzI4LCJqdGkiOiIxNGU4MDJlNTEzNGU0ZjYyYmU4NzJiMzI5ZWMzZjMwMCIsInVzZXJfaWQiOjh9.qP8A81I2Kt4s7KE6q82nJzUsJNiY_o7WMbF6K7_ZGT0	2025-02-02 18:08:48.820585+00	2025-02-03 18:08:48+00	8	14e802e5134e4f62be872b329ec3f300
19	eyJhbGciOiJIUzI1NiIsInR5cCI6IkpXVCJ9.eyJ0b2tlbl90eXBlIjoicmVmcmVzaCIsImV4cCI6MTczODYwNjI0OSwiaWF0IjoxNzM4NTE5ODQ5LCJqdGkiOiI3MDg2MzE0ZjhiYTU0MTZjOTA4YmMwOTRjZWNiM2ZjOCIsInVzZXJfaWQiOjh9.pT4YaIZJGrvIpwxW9U26HF3B58zyhv-Mc1sxhu7Op94	2025-02-02 18:10:49.321513+00	2025-02-03 18:10:49+00	8	7086314f8ba5416c908bc094cecb3fc8
20	eyJhbGciOiJIUzI1NiIsInR5cCI6IkpXVCJ9.eyJ0b2tlbl90eXBlIjoicmVmcmVzaCIsImV4cCI6MTczODYwNjQwOCwiaWF0IjoxNzM4NTIwMDA4LCJqdGkiOiI5YjhkYTUyNzhiZjM0ZTA3OTJlNTIwNmMxNDIzMGJhMiIsInVzZXJfaWQiOjh9.KK4mEkG7XNiWXDIOXXDPZ-uUf0aGgAe8gtcsoq9h3ko	2025-02-02 18:13:28.256591+00	2025-02-03 18:13:28+00	8	9b8da5278bf34e0792e5206c14230ba2
21	eyJhbGciOiJIUzI1NiIsInR5cCI6IkpXVCJ9.eyJ0b2tlbl90eXBlIjoicmVmcmVzaCIsImV4cCI6MTczODYwNjUwNiwiaWF0IjoxNzM4NTIwMTA2LCJqdGkiOiI5ZTQyOGMzZTg1ZDU0YWFhYWM1ZDc1ODQ4Yjg0NGZkNyIsInVzZXJfaWQiOjh9.7zLx6BKQwnrX3YdX6Sw8ZyfAlauZX46FyCqfK1TxXFU	2025-02-02 18:15:06.795253+00	2025-02-03 18:15:06+00	8	9e428c3e85d54aaaac5d75848b844fd7
22	eyJhbGciOiJIUzI1NiIsInR5cCI6IkpXVCJ9.eyJ0b2tlbl90eXBlIjoicmVmcmVzaCIsImV4cCI6MTczODYwNjUzMCwiaWF0IjoxNzM4NTIwMTMwLCJqdGkiOiJmNDQwNzJhZTA5ODk0MzE5YmUyODE5NmY2NTllZTQ4MyIsInVzZXJfaWQiOjh9.W7B5c-HQBaNltm6wcr80yY8rtd4VDgMuqTMTpHH4Lmk	2025-02-02 18:15:30.157748+00	2025-02-03 18:15:30+00	8	f44072ae09894319be28196f659ee483
23	eyJhbGciOiJIUzI1NiIsInR5cCI6IkpXVCJ9.eyJ0b2tlbl90eXBlIjoicmVmcmVzaCIsImV4cCI6MTczODYwNjU1MCwiaWF0IjoxNzM4NTIwMTUwLCJqdGkiOiI3YTU3Mzk3OWZlYWU0ZDQ4YjNkYzI1ZWZhODQxMDkxNyIsInVzZXJfaWQiOjh9.YVLx16FIFn2qwLPp1xQASpQel8QvbGCBG_ZTC5xSP6I	2025-02-02 18:15:50.959535+00	2025-02-03 18:15:50+00	8	7a573979feae4d48b3dc25efa8410917
24	eyJhbGciOiJIUzI1NiIsInR5cCI6IkpXVCJ9.eyJ0b2tlbl90eXBlIjoicmVmcmVzaCIsImV4cCI6MTczODYwNjY4OCwiaWF0IjoxNzM4NTIwMjg4LCJqdGkiOiI2NzUxZWRlZjYxY2I0MWZlODVkY2Y5OGY1NTc5NTdmZCIsInVzZXJfaWQiOjh9.9i-4PcjVjS-Ek_GndxGJaBYQEKK3zv_DkiiBa9H6B0I	2025-02-02 18:18:08.98632+00	2025-02-03 18:18:08+00	8	6751edef61cb41fe85dcf98f557957fd
25	eyJhbGciOiJIUzI1NiIsInR5cCI6IkpXVCJ9.eyJ0b2tlbl90eXBlIjoicmVmcmVzaCIsImV4cCI6MTczODYwNjczMSwiaWF0IjoxNzM4NTIwMzMxLCJqdGkiOiI3MjRhYjhkYjNlODA0MWM0YjJjM2E2MTM1OTYzMjA2OCIsInVzZXJfaWQiOjh9.xeMOe9qJ2hS00Y4BoyQztQOyVQWFfJvokwN7kcnotqM	2025-02-02 18:18:51.477763+00	2025-02-03 18:18:51+00	8	724ab8db3e8041c4b2c3a61359632068
26	eyJhbGciOiJIUzI1NiIsInR5cCI6IkpXVCJ9.eyJ0b2tlbl90eXBlIjoicmVmcmVzaCIsImV4cCI6MTczODYwNjg1NywiaWF0IjoxNzM4NTIwNDU3LCJqdGkiOiJjNjU5ZGUyYjc5Mjk0MWQ3YWM4ZjA3N2VhNGM4MDdmMiIsInVzZXJfaWQiOjh9.qLcsnSFyk0mlsWaOshPYXGTd6vXuTm88kgD68dyWd-s	2025-02-02 18:20:57.295684+00	2025-02-03 18:20:57+00	8	c659de2b792941d7ac8f077ea4c807f2
27	eyJhbGciOiJIUzI1NiIsInR5cCI6IkpXVCJ9.eyJ0b2tlbl90eXBlIjoicmVmcmVzaCIsImV4cCI6MTczODYwNjg4MywiaWF0IjoxNzM4NTIwNDgzLCJqdGkiOiJmYzc4MWY3ODk4NjA0MjAxYjM3MTViM2RiYzFmMTJhZSIsInVzZXJfaWQiOjh9.HS64dWrxWfU80rrDzpxnLRuu59nL2YxOe0PW0Wc5fdQ	2025-02-02 18:21:23.666266+00	2025-02-03 18:21:23+00	8	fc781f7898604201b3715b3dbc1f12ae
28	eyJhbGciOiJIUzI1NiIsInR5cCI6IkpXVCJ9.eyJ0b2tlbl90eXBlIjoicmVmcmVzaCIsImV4cCI6MTczODYwNjk5NSwiaWF0IjoxNzM4NTIwNTk1LCJqdGkiOiI4N2YzZjYyYzcwZTE0MjZkYmZlZWQ4NzdjOTNmMGUzMCIsInVzZXJfaWQiOjh9.VpxBM4rNmwjUhSJbJQ856SqsP68s9CZGZ597jgpIxnk	2025-02-02 18:23:15.639232+00	2025-02-03 18:23:15+00	8	87f3f62c70e1426dbfeed877c93f0e30
29	eyJhbGciOiJIUzI1NiIsInR5cCI6IkpXVCJ9.eyJ0b2tlbl90eXBlIjoicmVmcmVzaCIsImV4cCI6MTczODYwNzAzNywiaWF0IjoxNzM4NTIwNjM3LCJqdGkiOiIwYmZmNDM5ZjEwY2Q0NWE4YjhlOTMwMjY2ZjgxNzY3MSIsInVzZXJfaWQiOjh9.V__ZHk8hFJ3RIp6G0rQSogJja2xfNz1-5KLYe_rhRzk	2025-02-02 18:23:57.128833+00	2025-02-03 18:23:57+00	8	0bff439f10cd45a8b8e930266f817671
30	eyJhbGciOiJIUzI1NiIsInR5cCI6IkpXVCJ9.eyJ0b2tlbl90eXBlIjoicmVmcmVzaCIsImV4cCI6MTczODYwNzA4OSwiaWF0IjoxNzM4NTIwNjg5LCJqdGkiOiI0YzEzOTA5ODM3YTI0MDFhODk0N2I4OWZmMDljNDMwYSIsInVzZXJfaWQiOjh9.z7ulfUFVhLH89ERnkjdetTP-nMtqLq4mv1RywVq4-BY	2025-02-02 18:24:49.130474+00	2025-02-03 18:24:49+00	8	4c13909837a2401a8947b89ff09c430a
31	eyJhbGciOiJIUzI1NiIsInR5cCI6IkpXVCJ9.eyJ0b2tlbl90eXBlIjoicmVmcmVzaCIsImV4cCI6MTczODYwNzI0NSwiaWF0IjoxNzM4NTIwODQ1LCJqdGkiOiI5MDNkYzhhZmIzYzY0ZTk3OGQ4OWUxMGViNDgyYTQ5MyIsInVzZXJfaWQiOjh9.2fXmqf_1j-vYdv_GCfI0iv6Z1AcYqp0EI63-4cbOlVE	2025-02-02 18:27:25.858628+00	2025-02-03 18:27:25+00	8	903dc8afb3c64e978d89e10eb482a493
32	eyJhbGciOiJIUzI1NiIsInR5cCI6IkpXVCJ9.eyJ0b2tlbl90eXBlIjoicmVmcmVzaCIsImV4cCI6MTczODYwNzI3OCwiaWF0IjoxNzM4NTIwODc4LCJqdGkiOiIzNDU4OGU4ZTI1OTU0YTIzOTEwNmM5M2JmZjUwMDgwMCIsInVzZXJfaWQiOjh9.ROVA5dwtUrM5y6DXvKlzZXJuqj9TMRYjUtoQkjHNI7s	2025-02-02 18:27:58.759582+00	2025-02-03 18:27:58+00	8	34588e8e25954a239106c93bff500800
33	eyJhbGciOiJIUzI1NiIsInR5cCI6IkpXVCJ9.eyJ0b2tlbl90eXBlIjoicmVmcmVzaCIsImV4cCI6MTczODYwNzMxNCwiaWF0IjoxNzM4NTIwOTE0LCJqdGkiOiIwZTk1MjE1NjRhOTQ0YzI1OGZmZDQ5ZDEwYjc4MjA5MSIsInVzZXJfaWQiOjh9.ID9gYaulo-zNYjG9wnyyV-lI7Z7CdrBYSfQCI_wKv9I	2025-02-02 18:28:34.11379+00	2025-02-03 18:28:34+00	8	0e9521564a944c258ffd49d10b782091
34	eyJhbGciOiJIUzI1NiIsInR5cCI6IkpXVCJ9.eyJ0b2tlbl90eXBlIjoicmVmcmVzaCIsImV4cCI6MTczODYwNzM1OCwiaWF0IjoxNzM4NTIwOTU4LCJqdGkiOiIwYTc4MzJhMzIxMDM0ZDkwYmM4OGU5MzYxZTZmYjhjNCIsInVzZXJfaWQiOjh9._DxTD4_Q3sQzbugODuqV77qgu1YUWuRBItBw5cwsg0c	2025-02-02 18:29:18.165813+00	2025-02-03 18:29:18+00	8	0a7832a321034d90bc88e9361e6fb8c4
35	eyJhbGciOiJIUzI1NiIsInR5cCI6IkpXVCJ9.eyJ0b2tlbl90eXBlIjoicmVmcmVzaCIsImV4cCI6MTczODYwNzM3NiwiaWF0IjoxNzM4NTIwOTc2LCJqdGkiOiJmOTg3Yjg5ZDA0MDg0NGU3YmJiZTM4ODA3OWI5N2RmNyIsInVzZXJfaWQiOjh9.0YOyHR5nb2Vjp2Og3zPwb3Ej3gN0FaEgqdkfWGQ3c48	2025-02-02 18:29:36.468239+00	2025-02-03 18:29:36+00	8	f987b89d040844e7bbbe388079b97df7
36	eyJhbGciOiJIUzI1NiIsInR5cCI6IkpXVCJ9.eyJ0b2tlbl90eXBlIjoicmVmcmVzaCIsImV4cCI6MTczODYwNzQxNywiaWF0IjoxNzM4NTIxMDE3LCJqdGkiOiI3ZTU3MDQ0YTljZjE0MjhiYTY0NGQ2NWFhNDU4MGRkYiIsInVzZXJfaWQiOjh9.oribr7l_JegIyZL65QbUvMJDhNdaa6jec0ATTom6hIw	2025-02-02 18:30:17.609685+00	2025-02-03 18:30:17+00	8	7e57044a9cf1428ba644d65aa4580ddb
37	eyJhbGciOiJIUzI1NiIsInR5cCI6IkpXVCJ9.eyJ0b2tlbl90eXBlIjoicmVmcmVzaCIsImV4cCI6MTczODYwNzYzNiwiaWF0IjoxNzM4NTIxMjM2LCJqdGkiOiIyOTZlOGVhMzFmYTg0OTFjYTQyOGI4MWJlZjFmYzQxMiIsInVzZXJfaWQiOjh9.fVJ3rAmDZJo6_fAzdIb_YN30mPYkVGHaxNT617_BvJY	2025-02-02 18:33:56.50283+00	2025-02-03 18:33:56+00	8	296e8ea31fa8491ca428b81bef1fc412
38	eyJhbGciOiJIUzI1NiIsInR5cCI6IkpXVCJ9.eyJ0b2tlbl90eXBlIjoicmVmcmVzaCIsImV4cCI6MTczODYwNzc3MSwiaWF0IjoxNzM4NTIxMzcxLCJqdGkiOiI4NTFlZDc1YjljMzY0NmY2YTg1ODdlNTEwN2Y3YzViYiIsInVzZXJfaWQiOjh9.Hp1BO6RY30iT0sMgJipleVMER5qW59eeSLw3O6jFGyQ	2025-02-02 18:36:11.035093+00	2025-02-03 18:36:11+00	8	851ed75b9c3646f6a8587e5107f7c5bb
39	eyJhbGciOiJIUzI1NiIsInR5cCI6IkpXVCJ9.eyJ0b2tlbl90eXBlIjoicmVmcmVzaCIsImV4cCI6MTczODYwNzgxNiwiaWF0IjoxNzM4NTIxNDE2LCJqdGkiOiI2MzE3OGI0N2Q0ODI0ODg2YTMwZWM5Yjc2MDdmNWI3NyIsInVzZXJfaWQiOjh9.duTUrpVMVFMMW0rHrWaCz-TNxqCzRPG0rLytoCNSoRU	2025-02-02 18:36:56.043479+00	2025-02-03 18:36:56+00	8	63178b47d4824886a30ec9b7607f5b77
40	eyJhbGciOiJIUzI1NiIsInR5cCI6IkpXVCJ9.eyJ0b2tlbl90eXBlIjoicmVmcmVzaCIsImV4cCI6MTczODYwNzg1NSwiaWF0IjoxNzM4NTIxNDU1LCJqdGkiOiI2ZmI1MTg3Mjg1Yzg0NTQzODBjMGQ2NzZjMjhlNGRkMSIsInVzZXJfaWQiOjh9.VBisW5UgLNTKOQsEBdXhqWON-R6UyZJ3PMK33Zuda0c	2025-02-02 18:37:35.181611+00	2025-02-03 18:37:35+00	8	6fb5187285c8454380c0d676c28e4dd1
41	eyJhbGciOiJIUzI1NiIsInR5cCI6IkpXVCJ9.eyJ0b2tlbl90eXBlIjoicmVmcmVzaCIsImV4cCI6MTczODc2MTc1MiwiaWF0IjoxNzM4Njc1MzUyLCJqdGkiOiI2ODM4NjRiZTVjNjM0MTNiYjE4MDRjYjQwNDk0MzcxYyIsInVzZXJfaWQiOjh9.tATz4fmzj_f0nVhkHfrvhDYxBuwf_CxUYQTRUZA8Ykk	2025-02-04 13:22:32.278756+00	2025-02-05 13:22:32+00	8	683864be5c63413bb1804cb40494371c
42	eyJhbGciOiJIUzI1NiIsInR5cCI6IkpXVCJ9.eyJ0b2tlbl90eXBlIjoicmVmcmVzaCIsImV4cCI6MTczODc2MTg3MywiaWF0IjoxNzM4Njc1NDczLCJqdGkiOiJkMzE2MzE5OThkMmE0MWRmYTU2ODM4ZGRiOWEyYzNhOSIsInVzZXJfaWQiOjh9.A_etrn0skyCTEETdRDXQ5g7dH9DTl6_o509N2pshiDQ	2025-02-04 13:24:33.447514+00	2025-02-05 13:24:33+00	8	d31631998d2a41dfa56838ddb9a2c3a9
43	eyJhbGciOiJIUzI1NiIsInR5cCI6IkpXVCJ9.eyJ0b2tlbl90eXBlIjoicmVmcmVzaCIsImV4cCI6MTczODc2MTg5NSwiaWF0IjoxNzM4Njc1NDk1LCJqdGkiOiJiM2VmYmQwNjIxNWY0ZGRjODVlNDAzZTEwNTBjZDVlMiIsInVzZXJfaWQiOjh9.0XZy3exvm2qZjxsb5VN2hkGCzfmKCgDG3_ZCIALo4Hg	2025-02-04 13:24:55.305133+00	2025-02-05 13:24:55+00	8	b3efbd06215f4ddc85e403e1050cd5e2
44	eyJhbGciOiJIUzI1NiIsInR5cCI6IkpXVCJ9.eyJ0b2tlbl90eXBlIjoicmVmcmVzaCIsImV4cCI6MTczODc2MjAwMCwiaWF0IjoxNzM4Njc1NjAwLCJqdGkiOiI2ZTE1ZTk0ZTJiMDA0MjZkYjI1MWUyZThlMDYxNmE3OSIsInVzZXJfaWQiOjh9.IOj4RxSFmGVX9XAoQEdQR3n3b2B7MwMrU25sKQfWprY	2025-02-04 13:26:40.481143+00	2025-02-05 13:26:40+00	8	6e15e94e2b00426db251e2e8e0616a79
45	eyJhbGciOiJIUzI1NiIsInR5cCI6IkpXVCJ9.eyJ0b2tlbl90eXBlIjoicmVmcmVzaCIsImV4cCI6MTczODc2MjA0MSwiaWF0IjoxNzM4Njc1NjQxLCJqdGkiOiIxMGRjYzE4ZmRjZWM0ZGU4OTk1NzMwNzk3ZTFlNjM3YyIsInVzZXJfaWQiOjh9.dOeJEyWcPGrkyRXkZ8oUTCA8ZCg3_yKE3h5bnOzhHBk	2025-02-04 13:27:21.13734+00	2025-02-05 13:27:21+00	8	10dcc18fdcec4de8995730797e1e637c
1	eyJhbGciOiJIUzI1NiIsInR5cCI6IkpXVCJ9.eyJ0b2tlbl90eXBlIjoicmVmcmVzaCIsImV4cCI6MTczODg0OTMxNCwiaWF0IjoxNzM4NzYyOTE0LCJqdGkiOiI5YTA2MTM0MTk3Y2Q0M2YxOTc5NDNiNTc4MTMxNjlmNiIsInVzZXJfaWQiOjJ9.1Rs1WxLFJPXiEJ28AI7j5iIjlzhuAx3JS2XP4DBp5DM	2025-02-05 13:41:54.225522+00	2025-02-06 13:41:54+00	2	9a06134197cd43f197943b57813169f6
2	eyJhbGciOiJIUzI1NiIsInR5cCI6IkpXVCJ9.eyJ0b2tlbl90eXBlIjoicmVmcmVzaCIsImV4cCI6MTczODg0OTMzNiwiaWF0IjoxNzM4NzYyOTM2LCJqdGkiOiIyOTBhNWU3YzgxOTE0MWQ0OWJmMzFmMDY5Zjk4OTdhNyIsInVzZXJfaWQiOjJ9.vw7eOdVqHbwS-_4Nja7CLl775eEkLoMIzLdl3zG6Y-Q	2025-02-05 13:42:16.776466+00	2025-02-06 13:42:16+00	2	290a5e7c819141d49bf31f069f9897a7
3	eyJhbGciOiJIUzI1NiIsInR5cCI6IkpXVCJ9.eyJ0b2tlbl90eXBlIjoicmVmcmVzaCIsImV4cCI6MTczODg0OTc3NSwiaWF0IjoxNzM4NzYzMzc1LCJqdGkiOiIxOTBlY2MxMzFlOTU0NWYyYTExYzQ1NGIxNjdkYjJjOCIsInVzZXJfaWQiOjJ9.UxKf8R3KNmK0txJ_d1GuJByggcukwMapNWwImPl0owM	2025-02-05 13:49:35.046612+00	2025-02-06 13:49:35+00	2	190ecc131e9545f2a11c454b167db2c8
4	eyJhbGciOiJIUzI1NiIsInR5cCI6IkpXVCJ9.eyJ0b2tlbl90eXBlIjoicmVmcmVzaCIsImV4cCI6MTczODg1MDA4MywiaWF0IjoxNzM4NzYzNjgzLCJqdGkiOiJjZWZjMTQyZTg1MmE0MmY0ODk1NDAzOTZjZjdkMjhhMiIsInVzZXJfaWQiOjJ9.RmZ8Y5Pq4QT5myN1OwJ2Bj0ICjujvy-OhKEY5IX8W1s	2025-02-05 13:54:43.802353+00	2025-02-06 13:54:43+00	2	cefc142e852a42f489540396cf7d28a2
5	eyJhbGciOiJIUzI1NiIsInR5cCI6IkpXVCJ9.eyJ0b2tlbl90eXBlIjoicmVmcmVzaCIsImV4cCI6MTczODg1MDQxMCwiaWF0IjoxNzM4NzY0MDEwLCJqdGkiOiIzOTkxNDYxZjZjMDU0OWU1YTU1ODVlMjdjZGIwNmVmNCIsInVzZXJfaWQiOjJ9.CEWzmTeiE2-MTB9b8IrYTqIR5a0FGYIXLLJkteaqSJA	2025-02-05 14:00:10.479204+00	2025-02-06 14:00:10+00	2	3991461f6c0549e5a5585e27cdb06ef4
6	eyJhbGciOiJIUzI1NiIsInR5cCI6IkpXVCJ9.eyJ0b2tlbl90eXBlIjoicmVmcmVzaCIsImV4cCI6MTczODg1MTEwMSwiaWF0IjoxNzM4NzY0NzAxLCJqdGkiOiJhOGE3MDU0YmMwZDY0MmQ1OTI5NGU1OGI0NjI0NzhjZSIsInVzZXJfaWQiOjJ9.OCURVcOWzhvlIYBBKgCWkuGEMzkH1RYqnavBvOlGMVc	2025-02-05 14:11:41.591803+00	2025-02-06 14:11:41+00	2	a8a7054bc0d642d59294e58b462478ce
7	eyJhbGciOiJIUzI1NiIsInR5cCI6IkpXVCJ9.eyJ0b2tlbl90eXBlIjoicmVmcmVzaCIsImV4cCI6MTczODg1MTE5MCwiaWF0IjoxNzM4NzY0NzkwLCJqdGkiOiJkNGVhMmM5NWYyZTU0NDA5YmQzM2I4ODgzYjRjNmY3OCIsInVzZXJfaWQiOjJ9.gm2gNVBI9hzuTBhbGhQ_krjd7OpXhR0sa7PHl0JEZgc	2025-02-05 14:13:10.716388+00	2025-02-06 14:13:10+00	2	d4ea2c95f2e54409bd33b8883b4c6f78
8	eyJhbGciOiJIUzI1NiIsInR5cCI6IkpXVCJ9.eyJ0b2tlbl90eXBlIjoicmVmcmVzaCIsImV4cCI6MTczODg1MTgyMCwiaWF0IjoxNzM4NzY1NDIwLCJqdGkiOiJhZWQ4NjhkNjI4NGI0MjI3OTQ5NWI5MjRjOTJiNTI2ZSIsInVzZXJfaWQiOjJ9.PDywRfVQ_fm1DFunTbjHt6Gw8kksUJ1Y8Fy9VTOX1PU	2025-02-05 14:23:40.713844+00	2025-02-06 14:23:40+00	2	aed868d6284b42279495b924c92b526e
9	eyJhbGciOiJIUzI1NiIsInR5cCI6IkpXVCJ9.eyJ0b2tlbl90eXBlIjoicmVmcmVzaCIsImV4cCI6MTczODg1MTkxMiwiaWF0IjoxNzM4NzY1NTEyLCJqdGkiOiI3ZjVhM2EyMjkxNzI0NjQxYTM4OGVmNjFlYTVlNGIyZCIsInVzZXJfaWQiOjN9.fSzDcbgU_V6R52QsNTDozQozh4xlOxYg8hlIffsl9fA	2025-02-05 14:25:12.281214+00	2025-02-06 14:25:12+00	3	7f5a3a2291724641a388ef61ea5e4b2d
10	eyJhbGciOiJIUzI1NiIsInR5cCI6IkpXVCJ9.eyJ0b2tlbl90eXBlIjoicmVmcmVzaCIsImV4cCI6MTczODg1MjAzNywiaWF0IjoxNzM4NzY1NjM3LCJqdGkiOiI2NzliZTQ4MDIzNGE0MmUyOTVlMjU4MDBmMDNkM2ZiMCIsInVzZXJfaWQiOjJ9._GHW9p-ZD3FL-tzewDM9iHYQt8zW-QTrpG4WgvC8Gsk	2025-02-05 14:27:17.802295+00	2025-02-06 14:27:17+00	2	679be480234a42e295e25800f03d3fb0
11	eyJhbGciOiJIUzI1NiIsInR5cCI6IkpXVCJ9.eyJ0b2tlbl90eXBlIjoicmVmcmVzaCIsImV4cCI6MTczODg1MzI2NSwiaWF0IjoxNzM4NzY2ODY1LCJqdGkiOiIyYWNjYTAwMWFlOGE0M2FiYjBkZDllODdhNWNiZjY4YSIsInVzZXJfaWQiOjN9.ll3o8GoDXoZAKCyYHfPNb3hSq0aVtNMTv2TbAnDpXCY	2025-02-05 14:47:45.421062+00	2025-02-06 14:47:45+00	3	2acca001ae8a43abb0dd9e87a5cbf68a
12	eyJhbGciOiJIUzI1NiIsInR5cCI6IkpXVCJ9.eyJ0b2tlbl90eXBlIjoicmVmcmVzaCIsImV4cCI6MTczODg1MzMxNiwiaWF0IjoxNzM4NzY2OTE2LCJqdGkiOiJlYzcwNzU1MzAxYTk0MGY2ODQ1YjIxOTkyNjFhZjMwZSIsInVzZXJfaWQiOjN9.CQtbS5t0hdokMnnOlpWa2Firxj-e2IG2cSISPikNLto	2025-02-05 14:48:36.186733+00	2025-02-06 14:48:36+00	3	ec70755301a940f6845b2199261af30e
13	eyJhbGciOiJIUzI1NiIsInR5cCI6IkpXVCJ9.eyJ0b2tlbl90eXBlIjoicmVmcmVzaCIsImV4cCI6MTczODg1MzczNSwiaWF0IjoxNzM4NzY3MzM1LCJqdGkiOiI3NjFiNGI1NzE4OTM0NGE4YmMxZjJmZTllMTU3YjQyYSIsInVzZXJfaWQiOjN9.TdH8lgaRkLc-1L-6PpozK4EtJS7HCL5unjpzbdmuUqY	2025-02-05 14:55:35.316332+00	2025-02-06 14:55:35+00	3	761b4b57189344a8bc1f2fe9e157b42a
14	eyJhbGciOiJIUzI1NiIsInR5cCI6IkpXVCJ9.eyJ0b2tlbl90eXBlIjoicmVmcmVzaCIsImV4cCI6MTczODg1NDMzOSwiaWF0IjoxNzM4NzY3OTM5LCJqdGkiOiI1Yjc5ZGJmZWY1ZmU0MWFjYTE1ZmNiZWZmZmJkYTRjNSIsInVzZXJfaWQiOjN9.VlECMC7rNjqlcqAownN1PYSGn2Y-afqXUHbRRXp-CS0	2025-02-05 15:05:39.783547+00	2025-02-06 15:05:39+00	3	5b79dbfef5fe41aca15fcbefffbda4c5
15	eyJhbGciOiJIUzI1NiIsInR5cCI6IkpXVCJ9.eyJ0b2tlbl90eXBlIjoicmVmcmVzaCIsImV4cCI6MTczODg1NDY4OSwiaWF0IjoxNzM4NzY4Mjg5LCJqdGkiOiJlY2Q3NTJjMGFlMmQ0OThkOGI1NWI0N2U2YmYzMTJmZCIsInVzZXJfaWQiOjJ9.If4ck4kNkuRtu2Taabi_RbwLw-boL3hz8Cs-3EO7Grg	2025-02-05 15:11:29.177222+00	2025-02-06 15:11:29+00	2	ecd752c0ae2d498d8b55b47e6bf312fd
16	eyJhbGciOiJIUzI1NiIsInR5cCI6IkpXVCJ9.eyJ0b2tlbl90eXBlIjoicmVmcmVzaCIsImV4cCI6MTczODg1NDg5MywiaWF0IjoxNzM4NzY4NDkzLCJqdGkiOiJhZDdmZWQ0NGNmZDQ0NTdlOTRjYjQyMWRjOGM2MDBlNSIsInVzZXJfaWQiOjJ9.SN95qHayd_V0zID89mFioQ-LBk42w02qOfVoMYePGRc	2025-02-05 15:14:53.277814+00	2025-02-06 15:14:53+00	2	ad7fed44cfd4457e94cb421dc8c600e5
17	eyJhbGciOiJIUzI1NiIsInR5cCI6IkpXVCJ9.eyJ0b2tlbl90eXBlIjoicmVmcmVzaCIsImV4cCI6MTczODg1NDk3NCwiaWF0IjoxNzM4NzY4NTc0LCJqdGkiOiI3NmU0NDc5M2Q0Yzc0ZjQyOTZkODUwNTM3OWY1NzBmYiIsInVzZXJfaWQiOjN9.UgZdTHx2SfWnBKXl7phDU3BBrlny5PzLgbw7ceh3vgE	2025-02-05 15:16:14.197124+00	2025-02-06 15:16:14+00	3	76e44793d4c74f4296d8505379f570fb
18	eyJhbGciOiJIUzI1NiIsInR5cCI6IkpXVCJ9.eyJ0b2tlbl90eXBlIjoicmVmcmVzaCIsImV4cCI6MTczODg1NzAzMiwiaWF0IjoxNzM4NzcwNjMyLCJqdGkiOiJjZDg2NjNhZTliN2Q0YmYwODgyY2ZkZjdkNGE5MmVjNCIsInVzZXJfaWQiOjN9.VxTZG18u9TrRpyeizTSEq2NFqK1XqjM0yLQSuJIFzgw	2025-02-05 15:50:32.517357+00	2025-02-06 15:50:32+00	3	cd8663ae9b7d4bf0882cfdf7d4a92ec4
19	eyJhbGciOiJIUzI1NiIsInR5cCI6IkpXVCJ9.eyJ0b2tlbl90eXBlIjoicmVmcmVzaCIsImV4cCI6MTczODg1NzE4MywiaWF0IjoxNzM4NzcwNzgzLCJqdGkiOiI5MDMwNDczMGNkZGI0Zjg3YjJlM2M5MmU3YWFiOTlhYiIsInVzZXJfaWQiOjJ9.Bi0RaOayjdlMv6frcpbyYEBayiOb3CnZy86k7uFj_FE	2025-02-05 15:53:03.662019+00	2025-02-06 15:53:03+00	2	90304730cddb4f87b2e3c92e7aab99ab
20	eyJhbGciOiJIUzI1NiIsInR5cCI6IkpXVCJ9.eyJ0b2tlbl90eXBlIjoicmVmcmVzaCIsImV4cCI6MTczODg1NzMzNSwiaWF0IjoxNzM4NzcwOTM1LCJqdGkiOiI4NTRlZDhjMzVkZGI0NjY4YTdmOWI5YWMxMTQwODVjZCIsInVzZXJfaWQiOjJ9.SqNg7aqXqUrMQeTrJX3urhLBlUbwmjToNoBM3snXOWo	2025-02-05 15:55:35.141861+00	2025-02-06 15:55:35+00	2	854ed8c35ddb4668a7f9b9ac114085cd
21	eyJhbGciOiJIUzI1NiIsInR5cCI6IkpXVCJ9.eyJ0b2tlbl90eXBlIjoicmVmcmVzaCIsImV4cCI6MTczODg1NzM4NywiaWF0IjoxNzM4NzcwOTg3LCJqdGkiOiJiZWVlMWJjMzI3Yzk0YWE3OGYxN2UzMjgzNzc3YjdmOCIsInVzZXJfaWQiOjN9.IOQqM5uWIBGNk0n6fIH7DFg-FsamvC0UJXPGNuBUJM4	2025-02-05 15:56:27.242089+00	2025-02-06 15:56:27+00	3	beee1bc327c94aa78f17e3283777b7f8
22	eyJhbGciOiJIUzI1NiIsInR5cCI6IkpXVCJ9.eyJ0b2tlbl90eXBlIjoicmVmcmVzaCIsImV4cCI6MTczODg1NzQ0OCwiaWF0IjoxNzM4NzcxMDQ4LCJqdGkiOiI2NTBmMTVhZjMzNWM0MTUyYjA0YjZkNTZlZGNjYjQ5NiIsInVzZXJfaWQiOjN9.QnIswyxs75TvI8f5GkF44hMPcIBnMIOjUrYi8FITm_U	2025-02-05 15:57:28.363216+00	2025-02-06 15:57:28+00	3	650f15af335c4152b04b6d56edccb496
23	eyJhbGciOiJIUzI1NiIsInR5cCI6IkpXVCJ9.eyJ0b2tlbl90eXBlIjoicmVmcmVzaCIsImV4cCI6MTczODg1NzQ4NywiaWF0IjoxNzM4NzcxMDg3LCJqdGkiOiJmY2FkMTk1ZGQwOGU0Yjg0YjNmMDZjY2I0YmQ2OWI2YSIsInVzZXJfaWQiOjN9.hTItdQ9Mfkh8_Ha3lNryiy0yALBN6awb2CNJH6fNk88	2025-02-05 15:58:07.035717+00	2025-02-06 15:58:07+00	3	fcad195dd08e4b84b3f06ccb4bd69b6a
24	eyJhbGciOiJIUzI1NiIsInR5cCI6IkpXVCJ9.eyJ0b2tlbl90eXBlIjoicmVmcmVzaCIsImV4cCI6MTczODg2MDc2NSwiaWF0IjoxNzM4Nzc0MzY1LCJqdGkiOiIxNjdmYTVkODdjYjQ0YjIyYjIwYzA1ZmIzZjY1MmM3MiIsInVzZXJfaWQiOjN9.lgjWHJ796m_9DhnGgrifpHnGw9xC6MlyXGD9vi8tzBU	2025-02-05 16:52:45.62773+00	2025-02-06 16:52:45+00	3	167fa5d87cb44b22b20c05fb3f652c72
25	eyJhbGciOiJIUzI1NiIsInR5cCI6IkpXVCJ9.eyJ0b2tlbl90eXBlIjoicmVmcmVzaCIsImV4cCI6MTczODg2MDgzMCwiaWF0IjoxNzM4Nzc0NDMwLCJqdGkiOiI2YTU3M2JhZjkwMWI0MDhjOTgxNGZjMjk3NjA1M2YxZSIsInVzZXJfaWQiOjN9.yNZf_eRDhFXSwfJFI0G4xE9G4epTHcULC3erEmRWSOM	2025-02-05 16:53:50.36374+00	2025-02-06 16:53:50+00	3	6a573baf901b408c9814fc2976053f1e
26	eyJhbGciOiJIUzI1NiIsInR5cCI6IkpXVCJ9.eyJ0b2tlbl90eXBlIjoicmVmcmVzaCIsImV4cCI6MTczODg2MDg1OSwiaWF0IjoxNzM4Nzc0NDU5LCJqdGkiOiI3ZTMwYzAyYjQ1MTI0NmMxYjhiYWQzMmQ3NTkyZWQ3ZSIsInVzZXJfaWQiOjN9.1s9Q1HIAU1vlKJf-PYaUmAHHHq1GdEkYCCrZ4QtmeA0	2025-02-05 16:54:19.303811+00	2025-02-06 16:54:19+00	3	7e30c02b451246c1b8bad32d7592ed7e
27	eyJhbGciOiJIUzI1NiIsInR5cCI6IkpXVCJ9.eyJ0b2tlbl90eXBlIjoicmVmcmVzaCIsImV4cCI6MTczODg2MTM5MCwiaWF0IjoxNzM4Nzc0OTkwLCJqdGkiOiJkOTNhNmEzMWI2M2M0NTk2YTYyN2QxMDYyZjlmMGJjOSIsInVzZXJfaWQiOjN9.D5W8WxqLfPaxG01S9xvohG-kAsO9WC03shfTk16h6mE	2025-02-05 17:03:10.920294+00	2025-02-06 17:03:10+00	3	d93a6a31b63c4596a627d1062f9f0bc9
28	eyJhbGciOiJIUzI1NiIsInR5cCI6IkpXVCJ9.eyJ0b2tlbl90eXBlIjoicmVmcmVzaCIsImV4cCI6MTczODg2MjAwNCwiaWF0IjoxNzM4Nzc1NjA0LCJqdGkiOiI5OGVlZGNjNTZlYTg0ZTE4YWIwNzhkMGJmZGZlM2VlZCIsInVzZXJfaWQiOjJ9.7Mf5sCgRZd_Doa2ZxNq9qXZIyLZnwZzIK9PdiHH51xY	2025-02-05 17:13:24.656945+00	2025-02-06 17:13:24+00	2	98eedcc56ea84e18ab078d0bfdfe3eed
29	eyJhbGciOiJIUzI1NiIsInR5cCI6IkpXVCJ9.eyJ0b2tlbl90eXBlIjoicmVmcmVzaCIsImV4cCI6MTczODg2MjEyNCwiaWF0IjoxNzM4Nzc1NzI0LCJqdGkiOiIyOTdjMzRhMjBjNGY0MzUzOThkOTJiNzU5MzZkNjFiZCIsInVzZXJfaWQiOjN9.k1mSb3DJmlyD6PrCdxT2VViLQmBaeDa5b-DG2_s9KC4	2025-02-05 17:15:24.73078+00	2025-02-06 17:15:24+00	3	297c34a20c4f435398d92b75936d61bd
30	eyJhbGciOiJIUzI1NiIsInR5cCI6IkpXVCJ9.eyJ0b2tlbl90eXBlIjoicmVmcmVzaCIsImV4cCI6MTczODg2MjI1NCwiaWF0IjoxNzM4Nzc1ODU0LCJqdGkiOiJmMmIyMTgxNzA5YTA0NDkyYmJjMWY2YjQ0MzFlNWE3NyIsInVzZXJfaWQiOjJ9.BuzlL6bcNqJ09SIDEGpHF0sHAoy-WSy7_n90IbtxTuc	2025-02-05 17:17:34.992492+00	2025-02-06 17:17:34+00	2	f2b2181709a04492bbc1f6b4431e5a77
31	eyJhbGciOiJIUzI1NiIsInR5cCI6IkpXVCJ9.eyJ0b2tlbl90eXBlIjoicmVmcmVzaCIsImV4cCI6MTczODg2MjM2NSwiaWF0IjoxNzM4Nzc1OTY1LCJqdGkiOiIwZjI3YzEyYmMwZWU0ZDhkYmE0NzNiOTkyZTEzYWUzMyIsInVzZXJfaWQiOjN9._66LSONREKCLrZw7RCsyTN7NECRRP5zoYsbi3FWAl2k	2025-02-05 17:19:25.380265+00	2025-02-06 17:19:25+00	3	0f27c12bc0ee4d8dba473b992e13ae33
32	eyJhbGciOiJIUzI1NiIsInR5cCI6IkpXVCJ9.eyJ0b2tlbl90eXBlIjoicmVmcmVzaCIsImV4cCI6MTczODg2MjQ1MywiaWF0IjoxNzM4Nzc2MDUzLCJqdGkiOiJmZjg0M2Q1ZTliMjY0OTgyOTgzYjk2MzQ1ZDA0ZTgxZSIsInVzZXJfaWQiOjJ9.XB5oROKdvPHm-GkT8OZUfadMfc6WDs3Mi9oBqoFpxLw	2025-02-05 17:20:53.375139+00	2025-02-06 17:20:53+00	2	ff843d5e9b264982983b96345d04e81e
33	eyJhbGciOiJIUzI1NiIsInR5cCI6IkpXVCJ9.eyJ0b2tlbl90eXBlIjoicmVmcmVzaCIsImV4cCI6MTczOTAwOTc3NiwiaWF0IjoxNzM4OTIzMzc2LCJqdGkiOiIwNDNhMTJlY2VlNGM0YzcxOWFmNWNiZGViMGM2YmFjZCIsInVzZXJfaWQiOjF9.gPiWiZCYpuIY8HZjWcEH6CD_F6BJ9D6y4FzUFkmdKB0	2025-02-07 10:16:16.716561+00	2025-02-08 10:16:16+00	1	043a12ecee4c4c719af5cbdeb0c6bacd
34	eyJhbGciOiJIUzI1NiIsInR5cCI6IkpXVCJ9.eyJ0b2tlbl90eXBlIjoicmVmcmVzaCIsImV4cCI6MTczOTAxMDAxNSwiaWF0IjoxNzM4OTIzNjE1LCJqdGkiOiIyNTQ0M2E5NzY1ZWM0NDc3YmI5OWFhNTFlMWUxNzI1MiIsInVzZXJfaWQiOjF9.MN07FjXiCxmkGmapH3JHMDCFtC6AofrIeRo39hRBiZs	2025-02-07 10:20:15.527846+00	2025-02-08 10:20:15+00	1	25443a9765ec4477bb99aa51e1e17252
35	eyJhbGciOiJIUzI1NiIsInR5cCI6IkpXVCJ9.eyJ0b2tlbl90eXBlIjoicmVmcmVzaCIsImV4cCI6MTczOTAxMTE1MiwiaWF0IjoxNzM4OTI0NzUyLCJqdGkiOiJhNjIyZTk1ZTc0ZjQ0MWJjOGJmNjg0NWI1YjY3ZDUxNSIsInVzZXJfaWQiOjF9.-4QNs-iwFrO5fauKKSd9x4o-ZpAtf9tuookdvtDJ0GA	2025-02-07 10:39:12.430971+00	2025-02-08 10:39:12+00	1	a622e95e74f441bc8bf6845b5b67d515
36	eyJhbGciOiJIUzI1NiIsInR5cCI6IkpXVCJ9.eyJ0b2tlbl90eXBlIjoicmVmcmVzaCIsImV4cCI6MTczOTAxMTQ1OSwiaWF0IjoxNzM4OTI1MDU5LCJqdGkiOiJmYWZmZTEzNzJmOWU0OTI3OWI0MDc1OTUwYTQ5YTRiZiIsInVzZXJfaWQiOjF9._M8pGhmtSMpcOgHVAeurgMXrKkqT3WIs3GqcbNZ_YT8	2025-02-07 10:44:19.840107+00	2025-02-08 10:44:19+00	1	faffe1372f9e49279b4075950a49a4bf
37	eyJhbGciOiJIUzI1NiIsInR5cCI6IkpXVCJ9.eyJ0b2tlbl90eXBlIjoicmVmcmVzaCIsImV4cCI6MTczOTAxMTU1MiwiaWF0IjoxNzM4OTI1MTUyLCJqdGkiOiJkM2Q1Y2U1N2YxMzU0ZDBiOTFhNjUwZmI5MjgyYjFiYyIsInVzZXJfaWQiOjR9.HGfsbEHySLKk7tEMw34XZH0VPX6q3AERI7MAaSSAKRQ	2025-02-07 10:45:52.796121+00	2025-02-08 10:45:52+00	4	d3d5ce57f1354d0b91a650fb9282b1bc
38	eyJhbGciOiJIUzI1NiIsInR5cCI6IkpXVCJ9.eyJ0b2tlbl90eXBlIjoicmVmcmVzaCIsImV4cCI6MTczOTAxMTk5NCwiaWF0IjoxNzM4OTI1NTk0LCJqdGkiOiJjYzg2YmFmZTAwMjA0YjJjYmE5MjNiNTU1MDcwYTU0NiIsInVzZXJfaWQiOjR9.T3af5MRTd6c6_xTmHdsIV-6Ym9leo4SQobmxvO24NQY	2025-02-07 10:53:14.144961+00	2025-02-08 10:53:14+00	4	cc86bafe00204b2cba923b555070a546
39	eyJhbGciOiJIUzI1NiIsInR5cCI6IkpXVCJ9.eyJ0b2tlbl90eXBlIjoicmVmcmVzaCIsImV4cCI6MTczOTAxMjIxNCwiaWF0IjoxNzM4OTI1ODE0LCJqdGkiOiI4YzAxMjU3ZDZkNjI0ODgxOTNhOWRlMThiZDJmOWQ0YyIsInVzZXJfaWQiOjR9.UsL2O7SGYB3lSvzBjKK9MoZTbfcVAC9Iq2HovngNfrU	2025-02-07 10:56:54.600151+00	2025-02-08 10:56:54+00	4	8c01257d6d62488193a9de18bd2f9d4c
40	eyJhbGciOiJIUzI1NiIsInR5cCI6IkpXVCJ9.eyJ0b2tlbl90eXBlIjoicmVmcmVzaCIsImV4cCI6MTczOTAxMjUwMCwiaWF0IjoxNzM4OTI2MTAwLCJqdGkiOiI0ZWZhMTY4MTE2MWY0NDE2OWI3NWYwMGJjNmMwYmQ2YyIsInVzZXJfaWQiOjR9.xzfGCKlL7Qz5nlgkMez5bwL_OudCZaFeU5onQqH9LfI	2025-02-07 11:01:40.437519+00	2025-02-08 11:01:40+00	4	4efa1681161f44169b75f00bc6c0bd6c
41	eyJhbGciOiJIUzI1NiIsInR5cCI6IkpXVCJ9.eyJ0b2tlbl90eXBlIjoicmVmcmVzaCIsImV4cCI6MTczOTAxMjk4MiwiaWF0IjoxNzM4OTI2NTgyLCJqdGkiOiIyMDRmMTUyOGJkYTA0MGRhOGE5MWExYWM3NzY0NGRiYSIsInVzZXJfaWQiOjR9.9_eFxHyLSGlyEwtzn65m8M7atd7SClzLnjUtxzihe-c	2025-02-07 11:09:42.455925+00	2025-02-08 11:09:42+00	4	204f1528bda040da8a91a1ac77644dba
42	eyJhbGciOiJIUzI1NiIsInR5cCI6IkpXVCJ9.eyJ0b2tlbl90eXBlIjoicmVmcmVzaCIsImV4cCI6MTczOTAxMzA2NiwiaWF0IjoxNzM4OTI2NjY2LCJqdGkiOiJkMjMzMDlmN2Y5OGY0ZDlhYTk5NmM3MGMzMjE4MzdkNiIsInVzZXJfaWQiOjF9.g1f8_U8184gEW72WVbmkZFL-gqTmNQASU9jK-E4xKek	2025-02-07 11:11:06.534929+00	2025-02-08 11:11:06+00	1	d23309f7f98f4d9aa996c70c321837d6
43	eyJhbGciOiJIUzI1NiIsInR5cCI6IkpXVCJ9.eyJ0b2tlbl90eXBlIjoicmVmcmVzaCIsImV4cCI6MTczOTAyNDg3NywiaWF0IjoxNzM4OTM4NDc3LCJqdGkiOiI4MjhhYmI5NDE1NzI0N2FiYWE1NmJmZjJiOGQ3ZTFjOCIsInVzZXJfaWQiOjF9.MfVO4gaj3g7_B64E8-gy1NT4EZc1ii0iCZKgShN33uc	2025-02-07 14:27:57.095284+00	2025-02-08 14:27:57+00	1	828abb94157247abaa56bff2b8d7e1c8
44	eyJhbGciOiJIUzI1NiIsInR5cCI6IkpXVCJ9.eyJ0b2tlbl90eXBlIjoicmVmcmVzaCIsImV4cCI6MTczOTEwMTg4NSwiaWF0IjoxNzM5MDE1NDg1LCJqdGkiOiI4OTJhMTEzYzU1NGQ0NGU3YWQxNjY4YjMzOTViNWJhOSIsInVzZXJfaWQiOjF9.FkJHn2YWHUc2MNtKcOIJq5mGSrLLOCV5A7hGgCqA5v4	2025-02-08 11:51:25.407182+00	2025-02-09 11:51:25+00	1	892a113c554d44e7ad1668b3395b5ba9
\.


--
-- Data for Name: user_profiles; Type: TABLE DATA; Schema: public; Owner: db_user
--

COPY public.user_profiles (id, bio, avatar, last_login, email, password, username, first_name, last_name, is_active, is_staff, is_superuser, date_joined, is_online) FROM stdin;
2	\N	avatars/ava4-bg.webp	\N	yan@gmail.com	pbkdf2_sha256$870000$8JkRKbVV17i70wuMlu10Zl$cdQGKoaiB4bSqv0BTnhjCZerXZ4aD+C1/5JPhw6n9EM=	yan123			t	f	f	2025-02-05 13:41:43.296496+00	f
3	\N		\N	mary@gmail.com	pbkdf2_sha256$870000$E7KTsoQeRkrUxlh79YCqut$EvJcOpf7iflzEi3hfk+PqVJ+dFjq7VfAtPfuufMuTGA=	mary			t	f	f	2025-02-05 14:25:02.30341+00	f
4	\N	https://mdbcdn.b-cdn.net/img/Photos/new-templates/bootstrap-chat/ava7-bg.webp	\N	axel@axel.com	pbkdf2_sha256$870000$d3j99WWpWv5IXRbHBhFmMs$oXlVe5136VSDBhdRTLF4pix13xEWDflc5aeNkD3JMmY=	axel	axel		t	f	f	2025-02-07 10:45:26.34544+00	f
1	\N		\N	admin@admin.com	pbkdf2_sha256$870000$4vqki67Bgje6kAEJBLkblC$RYC5FVlwIUgeP6mwVUroZI5OcCOo7y94DzTmxUR+ppU=	admin			t	t	t	2025-02-05 13:40:37.505794+00	t
\.


--
-- Data for Name: user_profiles_friends; Type: TABLE DATA; Schema: public; Owner: db_user
--

COPY public.user_profiles_friends (id, from_userprofile_id, to_userprofile_id) FROM stdin;
1	2	3
2	3	2
\.


--
-- Data for Name: user_profiles_groups; Type: TABLE DATA; Schema: public; Owner: db_user
--

COPY public.user_profiles_groups (id, userprofile_id, group_id) FROM stdin;
\.


--
-- Data for Name: user_profiles_user_permissions; Type: TABLE DATA; Schema: public; Owner: db_user
--

COPY public.user_profiles_user_permissions (id, userprofile_id, permission_id) FROM stdin;
\.


--
-- Name: api_userprofile_friends_id_seq; Type: SEQUENCE SET; Schema: public; Owner: db_user
--

SELECT pg_catalog.setval('public.api_userprofile_friends_id_seq', 4, true);


--
-- Name: api_userprofile_groups_id_seq; Type: SEQUENCE SET; Schema: public; Owner: db_user
--

SELECT pg_catalog.setval('public.api_userprofile_groups_id_seq', 1, false);


--
-- Name: api_userprofile_id_seq; Type: SEQUENCE SET; Schema: public; Owner: db_user
--

SELECT pg_catalog.setval('public.api_userprofile_id_seq', 4, true);


--
-- Name: api_userprofile_user_permissions_id_seq; Type: SEQUENCE SET; Schema: public; Owner: db_user
--

SELECT pg_catalog.setval('public.api_userprofile_user_permissions_id_seq', 1, false);


--
-- Name: auth_group_id_seq; Type: SEQUENCE SET; Schema: public; Owner: db_user
--

SELECT pg_catalog.setval('public.auth_group_id_seq', 1, false);


--
-- Name: auth_group_permissions_id_seq; Type: SEQUENCE SET; Schema: public; Owner: db_user
--

SELECT pg_catalog.setval('public.auth_group_permissions_id_seq', 1, false);


--
-- Name: auth_permission_id_seq; Type: SEQUENCE SET; Schema: public; Owner: db_user
--

SELECT pg_catalog.setval('public.auth_permission_id_seq', 1, false);


--
-- Name: auth_user_groups_id_seq; Type: SEQUENCE SET; Schema: public; Owner: db_user
--

SELECT pg_catalog.setval('public.auth_user_groups_id_seq', 1, false);


--
-- Name: auth_user_id_seq; Type: SEQUENCE SET; Schema: public; Owner: db_user
--

SELECT pg_catalog.setval('public.auth_user_id_seq', 1, false);


--
-- Name: auth_user_user_permissions_id_seq; Type: SEQUENCE SET; Schema: public; Owner: db_user
--

SELECT pg_catalog.setval('public.auth_user_user_permissions_id_seq', 1, false);


--
-- Name: django_admin_log_id_seq; Type: SEQUENCE SET; Schema: public; Owner: db_user
--

SELECT pg_catalog.setval('public.django_admin_log_id_seq', 1, false);


--
-- Name: django_content_type_id_seq; Type: SEQUENCE SET; Schema: public; Owner: db_user
--

SELECT pg_catalog.setval('public.django_content_type_id_seq', 1, false);


--
-- Name: django_migrations_id_seq; Type: SEQUENCE SET; Schema: public; Owner: db_user
--

SELECT pg_catalog.setval('public.django_migrations_id_seq', 3, true);


--
-- Name: scores_score_id_seq; Type: SEQUENCE SET; Schema: public; Owner: db_user
--

SELECT pg_catalog.setval('public.scores_score_id_seq', 1, true);


--
-- Name: token_blacklist_blacklistedtoken_id_seq; Type: SEQUENCE SET; Schema: public; Owner: db_user
--

SELECT pg_catalog.setval('public.token_blacklist_blacklistedtoken_id_seq', 4, true);


--
-- Name: token_blacklist_outstandingtoken_id_seq; Type: SEQUENCE SET; Schema: public; Owner: db_user
--

SELECT pg_catalog.setval('public.token_blacklist_outstandingtoken_id_seq', 44, true);


--
-- PostgreSQL database dump complete
--

