--
-- PostgreSQL database dump
--

-- Dumped from database version 14.3 (Debian 14.3-1.pgdg110+1)
-- Dumped by pg_dump version 14.3 (Debian 14.3-1.pgdg110+1)

SET statement_timeout = 0;
SET lock_timeout = 0;
SET idle_in_transaction_session_timeout = 0;
SET client_encoding = 'UTF8';
SET standard_conforming_strings = on;
SELECT pg_catalog.set_config('search_path', '', false);
SET check_function_bodies = false;
SET xmloption = content;
SET client_min_messages = warning;
SET row_security = off;

SET default_tablespace = '';

SET default_table_access_method = heap;

--
-- Name: auth_group; Type: TABLE; Schema: public; Owner: db_user
--

CREATE TABLE public.auth_group (
    id integer NOT NULL,
    name character varying(150) NOT NULL
);


ALTER TABLE public.auth_group OWNER TO db_user;

--
-- Name: auth_group_id_seq; Type: SEQUENCE; Schema: public; Owner: db_user
--

ALTER TABLE public.auth_group ALTER COLUMN id ADD GENERATED BY DEFAULT AS IDENTITY (
    SEQUENCE NAME public.auth_group_id_seq
    START WITH 1
    INCREMENT BY 1
    NO MINVALUE
    NO MAXVALUE
    CACHE 1
);


--
-- Name: auth_group_permissions; Type: TABLE; Schema: public; Owner: db_user
--

CREATE TABLE public.auth_group_permissions (
    id bigint NOT NULL,
    group_id integer NOT NULL,
    permission_id integer NOT NULL
);


ALTER TABLE public.auth_group_permissions OWNER TO db_user;

--
-- Name: auth_group_permissions_id_seq; Type: SEQUENCE; Schema: public; Owner: db_user
--

ALTER TABLE public.auth_group_permissions ALTER COLUMN id ADD GENERATED BY DEFAULT AS IDENTITY (
    SEQUENCE NAME public.auth_group_permissions_id_seq
    START WITH 1
    INCREMENT BY 1
    NO MINVALUE
    NO MAXVALUE
    CACHE 1
);


--
-- Name: auth_permission; Type: TABLE; Schema: public; Owner: db_user
--

CREATE TABLE public.auth_permission (
    id integer NOT NULL,
    name character varying(255) NOT NULL,
    content_type_id integer NOT NULL,
    codename character varying(100) NOT NULL
);


ALTER TABLE public.auth_permission OWNER TO db_user;

--
-- Name: auth_permission_id_seq; Type: SEQUENCE; Schema: public; Owner: db_user
--

ALTER TABLE public.auth_permission ALTER COLUMN id ADD GENERATED BY DEFAULT AS IDENTITY (
    SEQUENCE NAME public.auth_permission_id_seq
    START WITH 1
    INCREMENT BY 1
    NO MINVALUE
    NO MAXVALUE
    CACHE 1
);


--
-- Name: django_admin_log; Type: TABLE; Schema: public; Owner: db_user
--

CREATE TABLE public.django_admin_log (
    id integer NOT NULL,
    action_time timestamp with time zone NOT NULL,
    object_id text,
    object_repr character varying(200) NOT NULL,
    action_flag smallint NOT NULL,
    change_message text NOT NULL,
    content_type_id integer,
    user_id bigint NOT NULL,
    CONSTRAINT django_admin_log_action_flag_check CHECK ((action_flag >= 0))
);


ALTER TABLE public.django_admin_log OWNER TO db_user;

--
-- Name: django_admin_log_id_seq; Type: SEQUENCE; Schema: public; Owner: db_user
--

ALTER TABLE public.django_admin_log ALTER COLUMN id ADD GENERATED BY DEFAULT AS IDENTITY (
    SEQUENCE NAME public.django_admin_log_id_seq
    START WITH 1
    INCREMENT BY 1
    NO MINVALUE
    NO MAXVALUE
    CACHE 1
);


--
-- Name: django_content_type; Type: TABLE; Schema: public; Owner: db_user
--

CREATE TABLE public.django_content_type (
    id integer NOT NULL,
    app_label character varying(100) NOT NULL,
    model character varying(100) NOT NULL
);


ALTER TABLE public.django_content_type OWNER TO db_user;

--
-- Name: django_content_type_id_seq; Type: SEQUENCE; Schema: public; Owner: db_user
--

ALTER TABLE public.django_content_type ALTER COLUMN id ADD GENERATED BY DEFAULT AS IDENTITY (
    SEQUENCE NAME public.django_content_type_id_seq
    START WITH 1
    INCREMENT BY 1
    NO MINVALUE
    NO MAXVALUE
    CACHE 1
);


--
-- Name: django_migrations; Type: TABLE; Schema: public; Owner: db_user
--

CREATE TABLE public.django_migrations (
    id bigint NOT NULL,
    app character varying(255) NOT NULL,
    name character varying(255) NOT NULL,
    applied timestamp with time zone NOT NULL
);


ALTER TABLE public.django_migrations OWNER TO db_user;

--
-- Name: django_migrations_id_seq; Type: SEQUENCE; Schema: public; Owner: db_user
--

ALTER TABLE public.django_migrations ALTER COLUMN id ADD GENERATED BY DEFAULT AS IDENTITY (
    SEQUENCE NAME public.django_migrations_id_seq
    START WITH 1
    INCREMENT BY 1
    NO MINVALUE
    NO MAXVALUE
    CACHE 1
);


--
-- Name: django_session; Type: TABLE; Schema: public; Owner: db_user
--

CREATE TABLE public.django_session (
    session_key character varying(40) NOT NULL,
    session_data text NOT NULL,
    expire_date timestamp with time zone NOT NULL
);


ALTER TABLE public.django_session OWNER TO db_user;

--
-- Name: scores_score; Type: TABLE; Schema: public; Owner: db_user
--

CREATE TABLE public.scores_score (
    id bigint NOT NULL,
    opponent character varying(255) NOT NULL,
    score integer NOT NULL,
    date timestamp with time zone NOT NULL,
    user_id bigint NOT NULL
);


ALTER TABLE public.scores_score OWNER TO db_user;

--
-- Name: scores_score_id_seq; Type: SEQUENCE; Schema: public; Owner: db_user
--

ALTER TABLE public.scores_score ALTER COLUMN id ADD GENERATED BY DEFAULT AS IDENTITY (
    SEQUENCE NAME public.scores_score_id_seq
    START WITH 1
    INCREMENT BY 1
    NO MINVALUE
    NO MAXVALUE
    CACHE 1
);


--
-- Name: token_blacklist_blacklistedtoken; Type: TABLE; Schema: public; Owner: db_user
--

CREATE TABLE public.token_blacklist_blacklistedtoken (
    id bigint NOT NULL,
    blacklisted_at timestamp with time zone NOT NULL,
    token_id bigint NOT NULL
);


ALTER TABLE public.token_blacklist_blacklistedtoken OWNER TO db_user;

--
-- Name: token_blacklist_blacklistedtoken_id_seq; Type: SEQUENCE; Schema: public; Owner: db_user
--

ALTER TABLE public.token_blacklist_blacklistedtoken ALTER COLUMN id ADD GENERATED BY DEFAULT AS IDENTITY (
    SEQUENCE NAME public.token_blacklist_blacklistedtoken_id_seq
    START WITH 1
    INCREMENT BY 1
    NO MINVALUE
    NO MAXVALUE
    CACHE 1
);


--
-- Name: token_blacklist_outstandingtoken; Type: TABLE; Schema: public; Owner: db_user
--

CREATE TABLE public.token_blacklist_outstandingtoken (
    id bigint NOT NULL,
    token text NOT NULL,
    created_at timestamp with time zone,
    expires_at timestamp with time zone NOT NULL,
    user_id bigint,
    jti character varying(255) NOT NULL
);


ALTER TABLE public.token_blacklist_outstandingtoken OWNER TO db_user;

--
-- Name: token_blacklist_outstandingtoken_id_seq; Type: SEQUENCE; Schema: public; Owner: db_user
--

ALTER TABLE public.token_blacklist_outstandingtoken ALTER COLUMN id ADD GENERATED BY DEFAULT AS IDENTITY (
    SEQUENCE NAME public.token_blacklist_outstandingtoken_id_seq
    START WITH 1
    INCREMENT BY 1
    NO MINVALUE
    NO MAXVALUE
    CACHE 1
);


--
-- Name: user_login; Type: TABLE; Schema: public; Owner: db_user
--

CREATE TABLE public.user_login (
    id bigint NOT NULL,
    attempts integer NOT NULL,
    last_failed_attempt timestamp with time zone,
    last_successful_attempt timestamp with time zone,
    secret_key character varying(32),
    email character varying(254),
    CONSTRAINT user_login_attempts_check CHECK ((attempts >= 0))
);


ALTER TABLE public.user_login OWNER TO db_user;

--
-- Name: user_login_id_seq; Type: SEQUENCE; Schema: public; Owner: db_user
--

ALTER TABLE public.user_login ALTER COLUMN id ADD GENERATED BY DEFAULT AS IDENTITY (
    SEQUENCE NAME public.user_login_id_seq
    START WITH 1
    INCREMENT BY 1
    NO MINVALUE
    NO MAXVALUE
    CACHE 1
);


--
-- Name: user_profiles; Type: TABLE; Schema: public; Owner: db_user
--

CREATE TABLE public.user_profiles (
    id bigint NOT NULL,
    last_login timestamp with time zone,
    username character varying(30),
    email character varying(254),
    first_name character varying(150) NOT NULL,
    last_name character varying(150) NOT NULL,
    password character varying(100),
    is_staff boolean NOT NULL,
    is_superuser boolean NOT NULL,
    is_active boolean NOT NULL,
    bio text,
    avatar character varying(100),
    date_joined timestamp with time zone NOT NULL
);


ALTER TABLE public.user_profiles OWNER TO db_user;

--
-- Name: user_profiles_friends; Type: TABLE; Schema: public; Owner: db_user
--

CREATE TABLE public.user_profiles_friends (
    id bigint NOT NULL,
    from_userprofile_id bigint NOT NULL,
    to_userprofile_id bigint NOT NULL
);


ALTER TABLE public.user_profiles_friends OWNER TO db_user;

--
-- Name: user_profiles_friends_id_seq; Type: SEQUENCE; Schema: public; Owner: db_user
--

ALTER TABLE public.user_profiles_friends ALTER COLUMN id ADD GENERATED BY DEFAULT AS IDENTITY (
    SEQUENCE NAME public.user_profiles_friends_id_seq
    START WITH 1
    INCREMENT BY 1
    NO MINVALUE
    NO MAXVALUE
    CACHE 1
);


--
-- Name: user_profiles_groups; Type: TABLE; Schema: public; Owner: db_user
--

CREATE TABLE public.user_profiles_groups (
    id bigint NOT NULL,
    userprofile_id bigint NOT NULL,
    group_id integer NOT NULL
);


ALTER TABLE public.user_profiles_groups OWNER TO db_user;

--
-- Name: user_profiles_groups_id_seq; Type: SEQUENCE; Schema: public; Owner: db_user
--

ALTER TABLE public.user_profiles_groups ALTER COLUMN id ADD GENERATED BY DEFAULT AS IDENTITY (
    SEQUENCE NAME public.user_profiles_groups_id_seq
    START WITH 1
    INCREMENT BY 1
    NO MINVALUE
    NO MAXVALUE
    CACHE 1
);


--
-- Name: user_profiles_id_seq; Type: SEQUENCE; Schema: public; Owner: db_user
--

ALTER TABLE public.user_profiles ALTER COLUMN id ADD GENERATED BY DEFAULT AS IDENTITY (
    SEQUENCE NAME public.user_profiles_id_seq
    START WITH 1
    INCREMENT BY 1
    NO MINVALUE
    NO MAXVALUE
    CACHE 1
);


--
-- Name: user_profiles_user_permissions; Type: TABLE; Schema: public; Owner: db_user
--

CREATE TABLE public.user_profiles_user_permissions (
    id bigint NOT NULL,
    userprofile_id bigint NOT NULL,
    permission_id integer NOT NULL
);


ALTER TABLE public.user_profiles_user_permissions OWNER TO db_user;

--
-- Name: user_profiles_user_permissions_id_seq; Type: SEQUENCE; Schema: public; Owner: db_user
--

ALTER TABLE public.user_profiles_user_permissions ALTER COLUMN id ADD GENERATED BY DEFAULT AS IDENTITY (
    SEQUENCE NAME public.user_profiles_user_permissions_id_seq
    START WITH 1
    INCREMENT BY 1
    NO MINVALUE
    NO MAXVALUE
    CACHE 1
);


--
-- Data for Name: auth_group; Type: TABLE DATA; Schema: public; Owner: db_user
--

COPY public.auth_group (id, name) FROM stdin;
\.


--
-- Data for Name: auth_group_permissions; Type: TABLE DATA; Schema: public; Owner: db_user
--

COPY public.auth_group_permissions (id, group_id, permission_id) FROM stdin;
\.


--
-- Data for Name: auth_permission; Type: TABLE DATA; Schema: public; Owner: db_user
--

COPY public.auth_permission (id, name, content_type_id, codename) FROM stdin;
1	Can add log entry	1	add_logentry
2	Can change log entry	1	change_logentry
3	Can delete log entry	1	delete_logentry
4	Can view log entry	1	view_logentry
5	Can add permission	2	add_permission
6	Can change permission	2	change_permission
7	Can delete permission	2	delete_permission
8	Can view permission	2	view_permission
9	Can add group	3	add_group
10	Can change group	3	change_group
11	Can delete group	3	delete_group
12	Can view group	3	view_group
13	Can add content type	4	add_contenttype
14	Can change content type	4	change_contenttype
15	Can delete content type	4	delete_contenttype
16	Can view content type	4	view_contenttype
17	Can add session	5	add_session
18	Can change session	5	change_session
19	Can delete session	5	delete_session
20	Can view session	5	view_session
21	Can add blacklisted token	6	add_blacklistedtoken
22	Can change blacklisted token	6	change_blacklistedtoken
23	Can delete blacklisted token	6	delete_blacklistedtoken
24	Can view blacklisted token	6	view_blacklistedtoken
25	Can add outstanding token	7	add_outstandingtoken
26	Can change outstanding token	7	change_outstandingtoken
27	Can delete outstanding token	7	delete_outstandingtoken
28	Can view outstanding token	7	view_outstandingtoken
29	Can add user profile	8	add_userprofile
30	Can change user profile	8	change_userprofile
31	Can delete user profile	8	delete_userprofile
32	Can view user profile	8	view_userprofile
33	Can add score	9	add_score
34	Can change score	9	change_score
35	Can delete score	9	delete_score
36	Can view score	9	view_score
37	Can add user login attempt	10	add_userloginattempt
38	Can change user login attempt	10	change_userloginattempt
39	Can delete user login attempt	10	delete_userloginattempt
40	Can view user login attempt	10	view_userloginattempt
\.


--
-- Data for Name: django_admin_log; Type: TABLE DATA; Schema: public; Owner: db_user
--

COPY public.django_admin_log (id, action_time, object_id, object_repr, action_flag, change_message, content_type_id, user_id) FROM stdin;
\.


--
-- Data for Name: django_content_type; Type: TABLE DATA; Schema: public; Owner: db_user
--

COPY public.django_content_type (id, app_label, model) FROM stdin;
1	admin	logentry
2	auth	permission
3	auth	group
4	contenttypes	contenttype
5	sessions	session
6	token_blacklist	blacklistedtoken
7	token_blacklist	outstandingtoken
8	authentication	userprofile
9	scores	score
10	Two_factor_authentication	userloginattempt
\.


--
-- Data for Name: django_migrations; Type: TABLE DATA; Schema: public; Owner: db_user
--

COPY public.django_migrations (id, app, name, applied) FROM stdin;
1	contenttypes	0001_initial	2025-02-01 16:31:17.496649+00
2	contenttypes	0002_remove_content_type_name	2025-02-01 16:31:17.500859+00
3	auth	0001_initial	2025-02-01 16:31:17.537205+00
4	auth	0002_alter_permission_name_max_length	2025-02-01 16:31:17.540644+00
5	auth	0003_alter_user_email_max_length	2025-02-01 16:31:17.544282+00
6	auth	0004_alter_user_username_opts	2025-02-01 16:31:17.548042+00
7	auth	0005_alter_user_last_login_null	2025-02-01 16:31:17.551663+00
8	auth	0006_require_contenttypes_0002	2025-02-01 16:31:17.553214+00
9	auth	0007_alter_validators_add_error_messages	2025-02-01 16:31:17.556761+00
10	auth	0008_alter_user_username_max_length	2025-02-01 16:31:17.560473+00
11	auth	0009_alter_user_last_name_max_length	2025-02-01 16:31:17.564117+00
12	auth	0010_alter_group_name_max_length	2025-02-01 16:31:17.567938+00
13	auth	0011_update_proxy_permissions	2025-02-01 16:31:17.571392+00
14	auth	0012_alter_user_first_name_max_length	2025-02-01 16:31:17.575098+00
15	authentication	0001_initial	2025-02-01 16:31:17.636129+00
16	Two_factor_authentication	0001_initial	2025-02-01 16:31:17.649619+00
17	Two_factor_authentication	0002_remove_userloginattempt_user_and_more	2025-02-01 16:31:17.665653+00
18	admin	0001_initial	2025-02-01 16:31:17.684799+00
19	admin	0002_logentry_remove_auto_add	2025-02-01 16:31:17.690458+00
20	admin	0003_logentry_add_action_flag_choices	2025-02-01 16:31:17.695899+00
21	authentication	0002_remove_userprofile_score	2025-02-01 16:31:17.701625+00
22	scores	0001_initial	2025-02-01 16:31:17.715641+00
23	sessions	0001_initial	2025-02-01 16:31:17.73092+00
24	token_blacklist	0001_initial	2025-02-01 16:31:17.76292+00
25	token_blacklist	0002_outstandingtoken_jti_hex	2025-02-01 16:31:17.769957+00
26	token_blacklist	0003_auto_20171017_2007	2025-02-01 16:31:17.778376+00
27	token_blacklist	0004_auto_20171017_2013	2025-02-01 16:31:17.790103+00
28	token_blacklist	0005_remove_outstandingtoken_jti	2025-02-01 16:31:17.796759+00
29	token_blacklist	0006_auto_20171017_2113	2025-02-01 16:31:17.804456+00
30	token_blacklist	0007_auto_20171017_2214	2025-02-01 16:31:17.819155+00
31	token_blacklist	0008_migrate_to_bigautofield	2025-02-01 16:31:17.8583+00
32	token_blacklist	0010_fix_migrate_to_bigautofield	2025-02-01 16:31:17.868771+00
33	token_blacklist	0011_linearizes_history	2025-02-01 16:31:17.870421+00
34	token_blacklist	0012_alter_outstandingtoken_user	2025-02-01 16:31:17.878289+00
35	Two_factor_authentication	0003_remove_userloginattempt_username_and_more	2025-02-01 16:40:34.216055+00
\.


--
-- Data for Name: django_session; Type: TABLE DATA; Schema: public; Owner: db_user
--

COPY public.django_session (session_key, session_data, expire_date) FROM stdin;
\.


--
-- Data for Name: scores_score; Type: TABLE DATA; Schema: public; Owner: db_user
--

COPY public.scores_score (id, opponent, score, date, user_id) FROM stdin;
\.


--
-- Data for Name: token_blacklist_blacklistedtoken; Type: TABLE DATA; Schema: public; Owner: db_user
--

COPY public.token_blacklist_blacklistedtoken (id, blacklisted_at, token_id) FROM stdin;
\.


--
-- Data for Name: token_blacklist_outstandingtoken; Type: TABLE DATA; Schema: public; Owner: db_user
--

COPY public.token_blacklist_outstandingtoken (id, token, created_at, expires_at, user_id, jti) FROM stdin;
1	eyJhbGciOiJIUzI1NiIsInR5cCI6IkpXVCJ9.eyJ0b2tlbl90eXBlIjoicmVmcmVzaCIsImV4cCI6MTczODUyMjc2NCwiaWF0IjoxNzM4NDM2MzY0LCJqdGkiOiIyN2VhYWJkMWE2ODA0Yjg2OWRlZGNjYTM4YTBlZjAxMiIsInVzZXJfaWQiOjEwfQ.jQErVFUKZsFk5xX6GNbLsDCPUhWUwK09ZaF7jItCrmc	2025-02-01 18:59:24.630916+00	2025-02-02 18:59:24+00	10	27eaabd1a6804b869dedcca38a0ef012
2	eyJhbGciOiJIUzI1NiIsInR5cCI6IkpXVCJ9.eyJ0b2tlbl90eXBlIjoicmVmcmVzaCIsImV4cCI6MTczODUyMjk0MywiaWF0IjoxNzM4NDM2NTQzLCJqdGkiOiI0ZTU3NzI4MWY2OTE0MTUyYWJmM2UzYzE4OGY2OTgwOCIsInVzZXJfaWQiOjExfQ.-FzW5485y5XPlwo8mm7mGwriLkU5hc-csp474BL-4gY	2025-02-01 19:02:23.742872+00	2025-02-02 19:02:23+00	11	4e577281f6914152abf3e3c188f69808
3	eyJhbGciOiJIUzI1NiIsInR5cCI6IkpXVCJ9.eyJ0b2tlbl90eXBlIjoicmVmcmVzaCIsImV4cCI6MTczODUyMzMzOSwiaWF0IjoxNzM4NDM2OTM5LCJqdGkiOiJhOWE1MDcwZDRlMjI0NWEwYjkxOTY5ZDk3N2M3MzQ3OSIsInVzZXJfaWQiOjExfQ.xdsemjfucIxmAUrdfIiGraRIr1NZsjTO8ESXXGdTzoU	2025-02-01 19:08:59.412235+00	2025-02-02 19:08:59+00	11	a9a5070d4e2245a0b91969d977c73479
4	eyJhbGciOiJIUzI1NiIsInR5cCI6IkpXVCJ9.eyJ0b2tlbl90eXBlIjoicmVmcmVzaCIsImV4cCI6MTczODUyMzU5MSwiaWF0IjoxNzM4NDM3MTkxLCJqdGkiOiJhZTAzNjQ5Mjc5NzE0YmQzODFjN2FmZWM2NzM5NTE2ZiIsInVzZXJfaWQiOjh9.O7m8pEFqDDIve5Nj0lw9M1pmCR0RrsT14RrwxczT5Is	2025-02-01 19:13:11.175025+00	2025-02-02 19:13:11+00	8	ae03649279714bd381c7afec6739516f
5	eyJhbGciOiJIUzI1NiIsInR5cCI6IkpXVCJ9.eyJ0b2tlbl90eXBlIjoicmVmcmVzaCIsImV4cCI6MTczODUyMzgwNCwiaWF0IjoxNzM4NDM3NDA0LCJqdGkiOiI0OGE2NDkwYzUwNDI0Yjc4YjhlYzc5ZDBjYTdjMmEzMCIsInVzZXJfaWQiOjh9.klQwkOiF8S-1-HzHU5RFN6C_C9b46-AGiHrMfgJnZ6E	2025-02-01 19:16:44.310363+00	2025-02-02 19:16:44+00	8	48a6490c50424b78b8ec79d0ca7c2a30
6	eyJhbGciOiJIUzI1NiIsInR5cCI6IkpXVCJ9.eyJ0b2tlbl90eXBlIjoicmVmcmVzaCIsImV4cCI6MTczODUyMzg2MSwiaWF0IjoxNzM4NDM3NDYxLCJqdGkiOiI4ZDNiYTQyY2E1M2E0N2NmODViM2ZlZTgxMWExYTBiMyIsInVzZXJfaWQiOjh9.g2UXfix78BtOiKt-UbnE4u34GqBg9dqk797gxSbaPNs	2025-02-01 19:17:41.068709+00	2025-02-02 19:17:41+00	8	8d3ba42ca53a47cf85b3fee811a1a0b3
7	eyJhbGciOiJIUzI1NiIsInR5cCI6IkpXVCJ9.eyJ0b2tlbl90eXBlIjoicmVmcmVzaCIsImV4cCI6MTczODUyMzkzNSwiaWF0IjoxNzM4NDM3NTM1LCJqdGkiOiJhYWFiYjk2MTg4NWQ0ODg2YmQzNmY0N2FhODczNjg3YiIsInVzZXJfaWQiOjh9.K4DqHsRKRfgim0leP6Be1MbfrMwsAmkeU-QqY1CXZ4o	2025-02-01 19:18:55.790385+00	2025-02-02 19:18:55+00	8	aaabb961885d4886bd36f47aa873687b
8	eyJhbGciOiJIUzI1NiIsInR5cCI6IkpXVCJ9.eyJ0b2tlbl90eXBlIjoicmVmcmVzaCIsImV4cCI6MTczODUyNTcxNywiaWF0IjoxNzM4NDM5MzE3LCJqdGkiOiIzNmNhYTUwMTVmMjc0MjdiYTIzYzQxYWNiNjk0ODlhYSIsInVzZXJfaWQiOjh9.zZ0G1AProNkdNHpcEkNKxgeMNAQ_b_GgPOZ959hO1uI	2025-02-01 19:48:37.018837+00	2025-02-02 19:48:37+00	8	36caa5015f27427ba23c41acb69489aa
9	eyJhbGciOiJIUzI1NiIsInR5cCI6IkpXVCJ9.eyJ0b2tlbl90eXBlIjoicmVmcmVzaCIsImV4cCI6MTczODUyNTc0OSwiaWF0IjoxNzM4NDM5MzQ5LCJqdGkiOiJmMzkxNWU1YmMyYjI0ZDcyODE1ODJlNWVjZmYyMzQ3YSIsInVzZXJfaWQiOjh9.Pma83SkvC1j5QFdARFNinp8KyaKQngsZfN07sXMxEW8	2025-02-01 19:49:09.777175+00	2025-02-02 19:49:09+00	8	f3915e5bc2b24d7281582e5ecff2347a
10	eyJhbGciOiJIUzI1NiIsInR5cCI6IkpXVCJ9.eyJ0b2tlbl90eXBlIjoicmVmcmVzaCIsImV4cCI6MTczODUyNTkxNiwiaWF0IjoxNzM4NDM5NTE2LCJqdGkiOiJiYWU4NThlZjMyMDg0MzNmOTIyNzZkMzdiMzEzMGRjOSIsInVzZXJfaWQiOjh9.FNoN4dvAIjNwZvdk2AuSGlk3tmIVKeobOz2hOjvjw_I	2025-02-01 19:51:56.343871+00	2025-02-02 19:51:56+00	8	bae858ef3208433f92276d37b3130dc9
11	eyJhbGciOiJIUzI1NiIsInR5cCI6IkpXVCJ9.eyJ0b2tlbl90eXBlIjoicmVmcmVzaCIsImV4cCI6MTczODUyNjIxNywiaWF0IjoxNzM4NDM5ODE3LCJqdGkiOiIyN2E0YmZkOGI0ZjY0ZjE3ODdhZWNkMjFmYmQ3N2FhMCIsInVzZXJfaWQiOjExfQ.v1ke8ko_yRUuJ_COpjuIPYl87tHHl5s_LiyoeMDnR4M	2025-02-01 19:56:57.331411+00	2025-02-02 19:56:57+00	11	27a4bfd8b4f64f1787aecd21fbd77aa0
12	eyJhbGciOiJIUzI1NiIsInR5cCI6IkpXVCJ9.eyJ0b2tlbl90eXBlIjoicmVmcmVzaCIsImV4cCI6MTczODUyNjI0NiwiaWF0IjoxNzM4NDM5ODQ2LCJqdGkiOiJhYjk2MWZiYjAyMjY0NTIwYmQ1Y2FjODU0MjdmMWE4NyIsInVzZXJfaWQiOjExfQ.lrxIJhjIzN-9FIwqvABJwKEHOClyWEiwRl0DUqxDF1c	2025-02-01 19:57:26.87576+00	2025-02-02 19:57:26+00	11	ab961fbb02264520bd5cac85427f1a87
13	eyJhbGciOiJIUzI1NiIsInR5cCI6IkpXVCJ9.eyJ0b2tlbl90eXBlIjoicmVmcmVzaCIsImV4cCI6MTczODUyNjM5MSwiaWF0IjoxNzM4NDM5OTkxLCJqdGkiOiI0NDdlMWI2ZGUxMjc0MWU3YmFlNGFjY2I3M2ZjYWFhNiIsInVzZXJfaWQiOjExfQ.anWG6F9Xv3F89PFk9R1aH-4r83lXVWtU_zeuSO2m0Ok	2025-02-01 19:59:51.921746+00	2025-02-02 19:59:51+00	11	447e1b6de12741e7bae4accb73fcaaa6
14	eyJhbGciOiJIUzI1NiIsInR5cCI6IkpXVCJ9.eyJ0b2tlbl90eXBlIjoicmVmcmVzaCIsImV4cCI6MTczODUyNjYzNiwiaWF0IjoxNzM4NDQwMjM2LCJqdGkiOiJlODIyYjgwOTc3MTk0ZmQyOTQ0ZTk3YjM4NmI0OWQ3NiIsInVzZXJfaWQiOjEyfQ.0hw1HTYwBnvl7SfZTvIM1McZlP3TxwEdsZbTc4f6Wus	2025-02-01 20:03:56.961711+00	2025-02-02 20:03:56+00	12	e822b80977194fd2944e97b386b49d76
15	eyJhbGciOiJIUzI1NiIsInR5cCI6IkpXVCJ9.eyJ0b2tlbl90eXBlIjoicmVmcmVzaCIsImV4cCI6MTczODUyNjc1NCwiaWF0IjoxNzM4NDQwMzU0LCJqdGkiOiJjZGUyZWU0MDhkZjU0MmM2ODIwMTk2MDc2MGI5ODlhZSIsInVzZXJfaWQiOjEyfQ.0_cO_5akStxQ4KopCoRWazHdVEZ_8DHIw7Q5vLjJ0-c	2025-02-01 20:05:54.710875+00	2025-02-02 20:05:54+00	12	cde2ee408df542c68201960760b989ae
\.


--
-- Data for Name: user_login; Type: TABLE DATA; Schema: public; Owner: db_user
--

COPY public.user_login (id, attempts, last_failed_attempt, last_successful_attempt, secret_key, email) FROM stdin;
1	0	2024-02-02 16:57:38.399031+00	2024-02-02 16:57:38.399023+00	WIFGB6RG35TSL7STH5IBVMVOYC75CWYQ	tti@gmail.com
2	3	2025-02-01 18:26:13.663539+00	2025-02-01 18:11:28.98354+00	PE7Z7LN7MZELWUL4W2XHQY4FETZ4XODX	ttx@gmail.com
3	1	2025-02-01 18:35:00.208761+00	2025-02-01 18:34:49.759136+00	V3LYG5DVX3TR5H5RBP2VASADO4CRA4K7	test1@gmail.com
4	0	2025-02-01 18:43:04.01907+00	2025-02-01 18:47:24.685249+00	6PISGSU4KM7MMCALZQU3IOUQS7ZP76AN	test2@gmail.com
5	0	2024-02-02 18:56:01.439227+00	2024-02-02 18:56:01.439219+00	GYT5KFIRGOTX3W67BPZCIETJRXSG4DCM	ttt@gmail.com
\.


--
-- Data for Name: user_profiles; Type: TABLE DATA; Schema: public; Owner: db_user
--

COPY public.user_profiles (id, last_login, username, email, first_name, last_name, password, is_staff, is_superuser, is_active, bio, avatar, date_joined) FROM stdin;
1	\N	admin	admin@admin.com			pbkdf2_sha256$870000$iWGZn58yuHzOH4FdMA3RsS$ergaXOTf3R+Nqrh7+az4lCkeMtqIlUNpZgCOIQ0+7LY=	t	t	t	\N		2025-02-01 16:31:19.513064+00
2	\N	luix	luiz@gmail.com			pbkdf2_sha256$870000$ln4dltj0DEkh1YQ2pn95VA$FxAnC29oONZoZfS08z+aIGmS77MBLwVnWmB4AR+qbMQ=	f	f	t	\N		2025-02-01 16:48:57.628874+00
3	\N	luixa	luixa@gmail.com			pbkdf2_sha256$870000$2tHTFI87F4x1MCY67vwXt7$umTw/dcImVRpHQrmWBi9US9CtfcbL7yL+fTJoYQFHXo=	f	f	t	\N		2025-02-01 16:54:31.520918+00
4	\N	luiia	luiia@gmail.com			pbkdf2_sha256$870000$2gnO8lV7zcElXLPCgWGeYR$GnmWSaHxED7LcUnBVv4mB3SDdCLIaZDtuPFUy1k7oMc=	f	f	t	\N		2025-02-01 16:56:18.935577+00
5	\N	tti	tti@gmail.com			pbkdf2_sha256$870000$JpE8eTYdBBXjZSVG8rdFd5$xEUYtIT+bqSHP3Pedyoy44ZOR8qu8pYoOzrbJsDT6V0=	f	f	t	\N		2025-02-01 16:57:30.152326+00
6	\N	ttx	ttx@gmail.com			pbkdf2_sha256$870000$96M6kYtKbc10VLDpS2pW4u$FX8Sv/DYzsiiTPBt7IyDJv7WtD1nNQXYfwG2/AgZ/s4=	f	f	t	\N		2025-02-01 17:14:16.671103+00
7	\N	Test1	test1@gmail.com			pbkdf2_sha256$870000$X0Fp7DHX3KduAZeteJoVN5$ZSj83jNZ0cpIVfileJ4kH8BdeCD6tBovrVrqBB/pPPo=	f	f	t	\N		2025-02-01 18:33:30.793308+00
9	\N	ttt	ttt@gmail.com			pbkdf2_sha256$870000$BQMxwkDma1NNBQ3Ob45ect$qb/TmvAp2hUlRSV0Fft0ySTFxA7XGzR015U7BChIsTw=	f	f	t	\N		2025-02-01 18:56:01.041926+00
10	\N	yu	yu@gmail.com			pbkdf2_sha256$870000$74vfnlIMAmJrFGQlpx1QdR$l2v7WUUd4EFTWr/QAW/Pust4vL9sBe2nn0gayqNdxIE=	f	f	t	\N		2025-02-01 18:59:13.737002+00
8	\N	kuiza	test2@gmail.com			pbkdf2_sha256$870000$77ZgChgZzUHbbECUcFMK2j$yTyLuabrwXUArqk5nh17xHEqTmntqePmGdFbfOhsh9o=	f	f	t	\N		2025-02-01 18:38:43.431221+00
11	\N	hu	hu@gmail.br			pbkdf2_sha256$870000$55hIRN3s0TAKUdzS4ulsHG$Me/NKsntIKMCIjz6aDXOIizXxGr5mhJhA/WPK6pCymw=	f	f	t	\N		2025-02-01 19:02:10.193817+00
12	\N	ttr	ttr@gmail.com			pbkdf2_sha256$870000$Nr7RmNsHjecBThnyYXGOCi$mjyu9RVo743QzoYljwcybiqfXtNjTuZ7AoUnNxEXRYE=	f	f	t	\N		2025-02-01 20:03:44.378305+00
\.


--
-- Data for Name: user_profiles_friends; Type: TABLE DATA; Schema: public; Owner: db_user
--

COPY public.user_profiles_friends (id, from_userprofile_id, to_userprofile_id) FROM stdin;
\.


--
-- Data for Name: user_profiles_groups; Type: TABLE DATA; Schema: public; Owner: db_user
--

COPY public.user_profiles_groups (id, userprofile_id, group_id) FROM stdin;
\.


--
-- Data for Name: user_profiles_user_permissions; Type: TABLE DATA; Schema: public; Owner: db_user
--

COPY public.user_profiles_user_permissions (id, userprofile_id, permission_id) FROM stdin;
\.


--
-- Name: auth_group_id_seq; Type: SEQUENCE SET; Schema: public; Owner: db_user
--

SELECT pg_catalog.setval('public.auth_group_id_seq', 1, false);


--
-- Name: auth_group_permissions_id_seq; Type: SEQUENCE SET; Schema: public; Owner: db_user
--

SELECT pg_catalog.setval('public.auth_group_permissions_id_seq', 1, false);


--
-- Name: auth_permission_id_seq; Type: SEQUENCE SET; Schema: public; Owner: db_user
--

SELECT pg_catalog.setval('public.auth_permission_id_seq', 40, true);


--
-- Name: django_admin_log_id_seq; Type: SEQUENCE SET; Schema: public; Owner: db_user
--

SELECT pg_catalog.setval('public.django_admin_log_id_seq', 1, false);


--
-- Name: django_content_type_id_seq; Type: SEQUENCE SET; Schema: public; Owner: db_user
--

SELECT pg_catalog.setval('public.django_content_type_id_seq', 10, true);


--
-- Name: django_migrations_id_seq; Type: SEQUENCE SET; Schema: public; Owner: db_user
--

SELECT pg_catalog.setval('public.django_migrations_id_seq', 35, true);


--
-- Name: scores_score_id_seq; Type: SEQUENCE SET; Schema: public; Owner: db_user
--

SELECT pg_catalog.setval('public.scores_score_id_seq', 1, false);


--
-- Name: token_blacklist_blacklistedtoken_id_seq; Type: SEQUENCE SET; Schema: public; Owner: db_user
--

SELECT pg_catalog.setval('public.token_blacklist_blacklistedtoken_id_seq', 1, false);


--
-- Name: token_blacklist_outstandingtoken_id_seq; Type: SEQUENCE SET; Schema: public; Owner: db_user
--

SELECT pg_catalog.setval('public.token_blacklist_outstandingtoken_id_seq', 15, true);


--
-- Name: user_login_id_seq; Type: SEQUENCE SET; Schema: public; Owner: db_user
--

SELECT pg_catalog.setval('public.user_login_id_seq', 5, true);


--
-- Name: user_profiles_friends_id_seq; Type: SEQUENCE SET; Schema: public; Owner: db_user
--

SELECT pg_catalog.setval('public.user_profiles_friends_id_seq', 1, false);


--
-- Name: user_profiles_groups_id_seq; Type: SEQUENCE SET; Schema: public; Owner: db_user
--

SELECT pg_catalog.setval('public.user_profiles_groups_id_seq', 1, false);


--
-- Name: user_profiles_id_seq; Type: SEQUENCE SET; Schema: public; Owner: db_user
--

SELECT pg_catalog.setval('public.user_profiles_id_seq', 12, true);


--
-- Name: user_profiles_user_permissions_id_seq; Type: SEQUENCE SET; Schema: public; Owner: db_user
--

SELECT pg_catalog.setval('public.user_profiles_user_permissions_id_seq', 1, false);


--
-- Name: auth_group auth_group_name_key; Type: CONSTRAINT; Schema: public; Owner: db_user
--

ALTER TABLE ONLY public.auth_group
    ADD CONSTRAINT auth_group_name_key UNIQUE (name);


--
-- Name: auth_group_permissions auth_group_permissions_group_id_permission_id_0cd325b0_uniq; Type: CONSTRAINT; Schema: public; Owner: db_user
--

ALTER TABLE ONLY public.auth_group_permissions
    ADD CONSTRAINT auth_group_permissions_group_id_permission_id_0cd325b0_uniq UNIQUE (group_id, permission_id);


--
-- Name: auth_group_permissions auth_group_permissions_pkey; Type: CONSTRAINT; Schema: public; Owner: db_user
--

ALTER TABLE ONLY public.auth_group_permissions
    ADD CONSTRAINT auth_group_permissions_pkey PRIMARY KEY (id);


--
-- Name: auth_group auth_group_pkey; Type: CONSTRAINT; Schema: public; Owner: db_user
--

ALTER TABLE ONLY public.auth_group
    ADD CONSTRAINT auth_group_pkey PRIMARY KEY (id);


--
-- Name: auth_permission auth_permission_content_type_id_codename_01ab375a_uniq; Type: CONSTRAINT; Schema: public; Owner: db_user
--

ALTER TABLE ONLY public.auth_permission
    ADD CONSTRAINT auth_permission_content_type_id_codename_01ab375a_uniq UNIQUE (content_type_id, codename);


--
-- Name: auth_permission auth_permission_pkey; Type: CONSTRAINT; Schema: public; Owner: db_user
--

ALTER TABLE ONLY public.auth_permission
    ADD CONSTRAINT auth_permission_pkey PRIMARY KEY (id);


--
-- Name: django_admin_log django_admin_log_pkey; Type: CONSTRAINT; Schema: public; Owner: db_user
--

ALTER TABLE ONLY public.django_admin_log
    ADD CONSTRAINT django_admin_log_pkey PRIMARY KEY (id);


--
-- Name: django_content_type django_content_type_app_label_model_76bd3d3b_uniq; Type: CONSTRAINT; Schema: public; Owner: db_user
--

ALTER TABLE ONLY public.django_content_type
    ADD CONSTRAINT django_content_type_app_label_model_76bd3d3b_uniq UNIQUE (app_label, model);


--
-- Name: django_content_type django_content_type_pkey; Type: CONSTRAINT; Schema: public; Owner: db_user
--

ALTER TABLE ONLY public.django_content_type
    ADD CONSTRAINT django_content_type_pkey PRIMARY KEY (id);


--
-- Name: django_migrations django_migrations_pkey; Type: CONSTRAINT; Schema: public; Owner: db_user
--

ALTER TABLE ONLY public.django_migrations
    ADD CONSTRAINT django_migrations_pkey PRIMARY KEY (id);


--
-- Name: django_session django_session_pkey; Type: CONSTRAINT; Schema: public; Owner: db_user
--

ALTER TABLE ONLY public.django_session
    ADD CONSTRAINT django_session_pkey PRIMARY KEY (session_key);


--
-- Name: scores_score scores_score_pkey; Type: CONSTRAINT; Schema: public; Owner: db_user
--

ALTER TABLE ONLY public.scores_score
    ADD CONSTRAINT scores_score_pkey PRIMARY KEY (id);


--
-- Name: token_blacklist_blacklistedtoken token_blacklist_blacklistedtoken_pkey; Type: CONSTRAINT; Schema: public; Owner: db_user
--

ALTER TABLE ONLY public.token_blacklist_blacklistedtoken
    ADD CONSTRAINT token_blacklist_blacklistedtoken_pkey PRIMARY KEY (id);


--
-- Name: token_blacklist_blacklistedtoken token_blacklist_blacklistedtoken_token_id_key; Type: CONSTRAINT; Schema: public; Owner: db_user
--

ALTER TABLE ONLY public.token_blacklist_blacklistedtoken
    ADD CONSTRAINT token_blacklist_blacklistedtoken_token_id_key UNIQUE (token_id);


--
-- Name: token_blacklist_outstandingtoken token_blacklist_outstandingtoken_jti_hex_d9bdf6f7_uniq; Type: CONSTRAINT; Schema: public; Owner: db_user
--

ALTER TABLE ONLY public.token_blacklist_outstandingtoken
    ADD CONSTRAINT token_blacklist_outstandingtoken_jti_hex_d9bdf6f7_uniq UNIQUE (jti);


--
-- Name: token_blacklist_outstandingtoken token_blacklist_outstandingtoken_pkey; Type: CONSTRAINT; Schema: public; Owner: db_user
--

ALTER TABLE ONLY public.token_blacklist_outstandingtoken
    ADD CONSTRAINT token_blacklist_outstandingtoken_pkey PRIMARY KEY (id);


--
-- Name: user_login user_login_email_key; Type: CONSTRAINT; Schema: public; Owner: db_user
--

ALTER TABLE ONLY public.user_login
    ADD CONSTRAINT user_login_email_key UNIQUE (email);


--
-- Name: user_login user_login_pkey; Type: CONSTRAINT; Schema: public; Owner: db_user
--

ALTER TABLE ONLY public.user_login
    ADD CONSTRAINT user_login_pkey PRIMARY KEY (id);


--
-- Name: user_profiles user_profiles_email_key; Type: CONSTRAINT; Schema: public; Owner: db_user
--

ALTER TABLE ONLY public.user_profiles
    ADD CONSTRAINT user_profiles_email_key UNIQUE (email);


--
-- Name: user_profiles_friends user_profiles_friends_from_userprofile_id_to_u_750b7c6d_uniq; Type: CONSTRAINT; Schema: public; Owner: db_user
--

ALTER TABLE ONLY public.user_profiles_friends
    ADD CONSTRAINT user_profiles_friends_from_userprofile_id_to_u_750b7c6d_uniq UNIQUE (from_userprofile_id, to_userprofile_id);


--
-- Name: user_profiles_friends user_profiles_friends_pkey; Type: CONSTRAINT; Schema: public; Owner: db_user
--

ALTER TABLE ONLY public.user_profiles_friends
    ADD CONSTRAINT user_profiles_friends_pkey PRIMARY KEY (id);


--
-- Name: user_profiles_groups user_profiles_groups_pkey; Type: CONSTRAINT; Schema: public; Owner: db_user
--

ALTER TABLE ONLY public.user_profiles_groups
    ADD CONSTRAINT user_profiles_groups_pkey PRIMARY KEY (id);


--
-- Name: user_profiles_groups user_profiles_groups_userprofile_id_group_id_ece671ad_uniq; Type: CONSTRAINT; Schema: public; Owner: db_user
--

ALTER TABLE ONLY public.user_profiles_groups
    ADD CONSTRAINT user_profiles_groups_userprofile_id_group_id_ece671ad_uniq UNIQUE (userprofile_id, group_id);


--
-- Name: user_profiles user_profiles_pkey; Type: CONSTRAINT; Schema: public; Owner: db_user
--

ALTER TABLE ONLY public.user_profiles
    ADD CONSTRAINT user_profiles_pkey PRIMARY KEY (id);


--
-- Name: user_profiles_user_permissions user_profiles_user_permi_userprofile_id_permissio_1be244b3_uniq; Type: CONSTRAINT; Schema: public; Owner: db_user
--

ALTER TABLE ONLY public.user_profiles_user_permissions
    ADD CONSTRAINT user_profiles_user_permi_userprofile_id_permissio_1be244b3_uniq UNIQUE (userprofile_id, permission_id);


--
-- Name: user_profiles_user_permissions user_profiles_user_permissions_pkey; Type: CONSTRAINT; Schema: public; Owner: db_user
--

ALTER TABLE ONLY public.user_profiles_user_permissions
    ADD CONSTRAINT user_profiles_user_permissions_pkey PRIMARY KEY (id);


--
-- Name: user_profiles user_profiles_username_key; Type: CONSTRAINT; Schema: public; Owner: db_user
--

ALTER TABLE ONLY public.user_profiles
    ADD CONSTRAINT user_profiles_username_key UNIQUE (username);


--
-- Name: auth_group_name_a6ea08ec_like; Type: INDEX; Schema: public; Owner: db_user
--

CREATE INDEX auth_group_name_a6ea08ec_like ON public.auth_group USING btree (name varchar_pattern_ops);


--
-- Name: auth_group_permissions_group_id_b120cbf9; Type: INDEX; Schema: public; Owner: db_user
--

CREATE INDEX auth_group_permissions_group_id_b120cbf9 ON public.auth_group_permissions USING btree (group_id);


--
-- Name: auth_group_permissions_permission_id_84c5c92e; Type: INDEX; Schema: public; Owner: db_user
--

CREATE INDEX auth_group_permissions_permission_id_84c5c92e ON public.auth_group_permissions USING btree (permission_id);


--
-- Name: auth_permission_content_type_id_2f476e4b; Type: INDEX; Schema: public; Owner: db_user
--

CREATE INDEX auth_permission_content_type_id_2f476e4b ON public.auth_permission USING btree (content_type_id);


--
-- Name: django_admin_log_content_type_id_c4bce8eb; Type: INDEX; Schema: public; Owner: db_user
--

CREATE INDEX django_admin_log_content_type_id_c4bce8eb ON public.django_admin_log USING btree (content_type_id);


--
-- Name: django_admin_log_user_id_c564eba6; Type: INDEX; Schema: public; Owner: db_user
--

CREATE INDEX django_admin_log_user_id_c564eba6 ON public.django_admin_log USING btree (user_id);


--
-- Name: django_session_expire_date_a5c62663; Type: INDEX; Schema: public; Owner: db_user
--

CREATE INDEX django_session_expire_date_a5c62663 ON public.django_session USING btree (expire_date);


--
-- Name: django_session_session_key_c0390e0f_like; Type: INDEX; Schema: public; Owner: db_user
--

CREATE INDEX django_session_session_key_c0390e0f_like ON public.django_session USING btree (session_key varchar_pattern_ops);


--
-- Name: scores_score_user_id_efcc7268; Type: INDEX; Schema: public; Owner: db_user
--

CREATE INDEX scores_score_user_id_efcc7268 ON public.scores_score USING btree (user_id);


--
-- Name: token_blacklist_outstandingtoken_jti_hex_d9bdf6f7_like; Type: INDEX; Schema: public; Owner: db_user
--

CREATE INDEX token_blacklist_outstandingtoken_jti_hex_d9bdf6f7_like ON public.token_blacklist_outstandingtoken USING btree (jti varchar_pattern_ops);


--
-- Name: token_blacklist_outstandingtoken_user_id_83bc629a; Type: INDEX; Schema: public; Owner: db_user
--

CREATE INDEX token_blacklist_outstandingtoken_user_id_83bc629a ON public.token_blacklist_outstandingtoken USING btree (user_id);


--
-- Name: user_login_email_ed07d861_like; Type: INDEX; Schema: public; Owner: db_user
--

CREATE INDEX user_login_email_ed07d861_like ON public.user_login USING btree (email varchar_pattern_ops);


--
-- Name: user_profiles_email_4fd97605_like; Type: INDEX; Schema: public; Owner: db_user
--

CREATE INDEX user_profiles_email_4fd97605_like ON public.user_profiles USING btree (email varchar_pattern_ops);


--
-- Name: user_profiles_friends_from_userprofile_id_d041e6a2; Type: INDEX; Schema: public; Owner: db_user
--

CREATE INDEX user_profiles_friends_from_userprofile_id_d041e6a2 ON public.user_profiles_friends USING btree (from_userprofile_id);


--
-- Name: user_profiles_friends_to_userprofile_id_f5fe0bbc; Type: INDEX; Schema: public; Owner: db_user
--

CREATE INDEX user_profiles_friends_to_userprofile_id_f5fe0bbc ON public.user_profiles_friends USING btree (to_userprofile_id);


--
-- Name: user_profiles_groups_group_id_afb464fe; Type: INDEX; Schema: public; Owner: db_user
--

CREATE INDEX user_profiles_groups_group_id_afb464fe ON public.user_profiles_groups USING btree (group_id);


--
-- Name: user_profiles_groups_userprofile_id_0b2da12a; Type: INDEX; Schema: public; Owner: db_user
--

CREATE INDEX user_profiles_groups_userprofile_id_0b2da12a ON public.user_profiles_groups USING btree (userprofile_id);


--
-- Name: user_profiles_user_permissions_permission_id_9b866494; Type: INDEX; Schema: public; Owner: db_user
--

CREATE INDEX user_profiles_user_permissions_permission_id_9b866494 ON public.user_profiles_user_permissions USING btree (permission_id);


--
-- Name: user_profiles_user_permissions_userprofile_id_d73c7ed0; Type: INDEX; Schema: public; Owner: db_user
--

CREATE INDEX user_profiles_user_permissions_userprofile_id_d73c7ed0 ON public.user_profiles_user_permissions USING btree (userprofile_id);


--
-- Name: user_profiles_username_356fa919_like; Type: INDEX; Schema: public; Owner: db_user
--

CREATE INDEX user_profiles_username_356fa919_like ON public.user_profiles USING btree (username varchar_pattern_ops);


--
-- Name: auth_group_permissions auth_group_permissio_permission_id_84c5c92e_fk_auth_perm; Type: FK CONSTRAINT; Schema: public; Owner: db_user
--

ALTER TABLE ONLY public.auth_group_permissions
    ADD CONSTRAINT auth_group_permissio_permission_id_84c5c92e_fk_auth_perm FOREIGN KEY (permission_id) REFERENCES public.auth_permission(id) DEFERRABLE INITIALLY DEFERRED;


--
-- Name: auth_group_permissions auth_group_permissions_group_id_b120cbf9_fk_auth_group_id; Type: FK CONSTRAINT; Schema: public; Owner: db_user
--

ALTER TABLE ONLY public.auth_group_permissions
    ADD CONSTRAINT auth_group_permissions_group_id_b120cbf9_fk_auth_group_id FOREIGN KEY (group_id) REFERENCES public.auth_group(id) DEFERRABLE INITIALLY DEFERRED;


--
-- Name: auth_permission auth_permission_content_type_id_2f476e4b_fk_django_co; Type: FK CONSTRAINT; Schema: public; Owner: db_user
--

ALTER TABLE ONLY public.auth_permission
    ADD CONSTRAINT auth_permission_content_type_id_2f476e4b_fk_django_co FOREIGN KEY (content_type_id) REFERENCES public.django_content_type(id) DEFERRABLE INITIALLY DEFERRED;


--
-- Name: django_admin_log django_admin_log_content_type_id_c4bce8eb_fk_django_co; Type: FK CONSTRAINT; Schema: public; Owner: db_user
--

ALTER TABLE ONLY public.django_admin_log
    ADD CONSTRAINT django_admin_log_content_type_id_c4bce8eb_fk_django_co FOREIGN KEY (content_type_id) REFERENCES public.django_content_type(id) DEFERRABLE INITIALLY DEFERRED;


--
-- Name: django_admin_log django_admin_log_user_id_c564eba6_fk_user_profiles_id; Type: FK CONSTRAINT; Schema: public; Owner: db_user
--

ALTER TABLE ONLY public.django_admin_log
    ADD CONSTRAINT django_admin_log_user_id_c564eba6_fk_user_profiles_id FOREIGN KEY (user_id) REFERENCES public.user_profiles(id) DEFERRABLE INITIALLY DEFERRED;


--
-- Name: scores_score scores_score_user_id_efcc7268_fk_user_profiles_id; Type: FK CONSTRAINT; Schema: public; Owner: db_user
--

ALTER TABLE ONLY public.scores_score
    ADD CONSTRAINT scores_score_user_id_efcc7268_fk_user_profiles_id FOREIGN KEY (user_id) REFERENCES public.user_profiles(id) DEFERRABLE INITIALLY DEFERRED;


--
-- Name: token_blacklist_blacklistedtoken token_blacklist_blacklistedtoken_token_id_3cc7fe56_fk; Type: FK CONSTRAINT; Schema: public; Owner: db_user
--

ALTER TABLE ONLY public.token_blacklist_blacklistedtoken
    ADD CONSTRAINT token_blacklist_blacklistedtoken_token_id_3cc7fe56_fk FOREIGN KEY (token_id) REFERENCES public.token_blacklist_outstandingtoken(id) DEFERRABLE INITIALLY DEFERRED;


--
-- Name: token_blacklist_outstandingtoken token_blacklist_outs_user_id_83bc629a_fk_user_prof; Type: FK CONSTRAINT; Schema: public; Owner: db_user
--

ALTER TABLE ONLY public.token_blacklist_outstandingtoken
    ADD CONSTRAINT token_blacklist_outs_user_id_83bc629a_fk_user_prof FOREIGN KEY (user_id) REFERENCES public.user_profiles(id) DEFERRABLE INITIALLY DEFERRED;


--
-- Name: user_profiles_friends user_profiles_friend_from_userprofile_id_d041e6a2_fk_user_prof; Type: FK CONSTRAINT; Schema: public; Owner: db_user
--

ALTER TABLE ONLY public.user_profiles_friends
    ADD CONSTRAINT user_profiles_friend_from_userprofile_id_d041e6a2_fk_user_prof FOREIGN KEY (from_userprofile_id) REFERENCES public.user_profiles(id) DEFERRABLE INITIALLY DEFERRED;


--
-- Name: user_profiles_friends user_profiles_friend_to_userprofile_id_f5fe0bbc_fk_user_prof; Type: FK CONSTRAINT; Schema: public; Owner: db_user
--

ALTER TABLE ONLY public.user_profiles_friends
    ADD CONSTRAINT user_profiles_friend_to_userprofile_id_f5fe0bbc_fk_user_prof FOREIGN KEY (to_userprofile_id) REFERENCES public.user_profiles(id) DEFERRABLE INITIALLY DEFERRED;


--
-- Name: user_profiles_groups user_profiles_groups_group_id_afb464fe_fk_auth_group_id; Type: FK CONSTRAINT; Schema: public; Owner: db_user
--

ALTER TABLE ONLY public.user_profiles_groups
    ADD CONSTRAINT user_profiles_groups_group_id_afb464fe_fk_auth_group_id FOREIGN KEY (group_id) REFERENCES public.auth_group(id) DEFERRABLE INITIALLY DEFERRED;


--
-- Name: user_profiles_groups user_profiles_groups_userprofile_id_0b2da12a_fk_user_prof; Type: FK CONSTRAINT; Schema: public; Owner: db_user
--

ALTER TABLE ONLY public.user_profiles_groups
    ADD CONSTRAINT user_profiles_groups_userprofile_id_0b2da12a_fk_user_prof FOREIGN KEY (userprofile_id) REFERENCES public.user_profiles(id) DEFERRABLE INITIALLY DEFERRED;


--
-- Name: user_profiles_user_permissions user_profiles_user_p_permission_id_9b866494_fk_auth_perm; Type: FK CONSTRAINT; Schema: public; Owner: db_user
--

ALTER TABLE ONLY public.user_profiles_user_permissions
    ADD CONSTRAINT user_profiles_user_p_permission_id_9b866494_fk_auth_perm FOREIGN KEY (permission_id) REFERENCES public.auth_permission(id) DEFERRABLE INITIALLY DEFERRED;


--
-- Name: user_profiles_user_permissions user_profiles_user_p_userprofile_id_d73c7ed0_fk_user_prof; Type: FK CONSTRAINT; Schema: public; Owner: db_user
--

ALTER TABLE ONLY public.user_profiles_user_permissions
    ADD CONSTRAINT user_profiles_user_p_userprofile_id_d73c7ed0_fk_user_prof FOREIGN KEY (userprofile_id) REFERENCES public.user_profiles(id) DEFERRABLE INITIALLY DEFERRED;


--
-- PostgreSQL database dump complete
--

