--
-- PostgreSQL database dump
--

-- Dumped from database version 14.3 (Debian 14.3-1.pgdg110+1)
-- Dumped by pg_dump version 14.3 (Debian 14.3-1.pgdg110+1)

SET statement_timeout = 0;
SET lock_timeout = 0;
SET idle_in_transaction_session_timeout = 0;
SET client_encoding = 'UTF8';
SET standard_conforming_strings = on;
SELECT pg_catalog.set_config('search_path', '', false);
SET check_function_bodies = false;
SET xmloption = content;
SET client_min_messages = warning;
SET row_security = off;

SET default_tablespace = '';

SET default_table_access_method = heap;

--
-- Name: user_profiles_friends; Type: TABLE; Schema: public; Owner: db_user
--

CREATE TABLE public.user_profiles_friends (
    id bigint NOT NULL,
    from_userprofile_id bigint NOT NULL,
    to_userprofile_id bigint NOT NULL
);


ALTER TABLE public.user_profiles_friends OWNER TO db_user;

--
-- Name: api_userprofile_friends_id_seq; Type: SEQUENCE; Schema: public; Owner: db_user
--

ALTER TABLE public.user_profiles_friends ALTER COLUMN id ADD GENERATED BY DEFAULT AS IDENTITY (
    SEQUENCE NAME public.api_userprofile_friends_id_seq
    START WITH 1
    INCREMENT BY 1
    NO MINVALUE
    NO MAXVALUE
    CACHE 1
);


--
-- Name: user_profiles_groups; Type: TABLE; Schema: public; Owner: db_user
--

CREATE TABLE public.user_profiles_groups (
    id bigint NOT NULL,
    userprofile_id bigint NOT NULL,
    group_id integer NOT NULL
);


ALTER TABLE public.user_profiles_groups OWNER TO db_user;

--
-- Name: api_userprofile_groups_id_seq; Type: SEQUENCE; Schema: public; Owner: db_user
--

ALTER TABLE public.user_profiles_groups ALTER COLUMN id ADD GENERATED BY DEFAULT AS IDENTITY (
    SEQUENCE NAME public.api_userprofile_groups_id_seq
    START WITH 1
    INCREMENT BY 1
    NO MINVALUE
    NO MAXVALUE
    CACHE 1
);


--
-- Name: user_profiles; Type: TABLE; Schema: public; Owner: db_user
--

CREATE TABLE public.user_profiles (
    id bigint NOT NULL,
    bio text,
    avatar character varying(100),
    last_login timestamp with time zone,
    email character varying(254),
    password character varying(100),
    username character varying(30),
    first_name character varying(150) NOT NULL,
    last_name character varying(150) NOT NULL,
    is_active boolean NOT NULL,
    is_staff boolean NOT NULL,
    is_superuser boolean NOT NULL,
    date_joined timestamp with time zone NOT NULL
);


ALTER TABLE public.user_profiles OWNER TO db_user;

--
-- Name: api_userprofile_id_seq; Type: SEQUENCE; Schema: public; Owner: db_user
--

ALTER TABLE public.user_profiles ALTER COLUMN id ADD GENERATED BY DEFAULT AS IDENTITY (
    SEQUENCE NAME public.api_userprofile_id_seq
    START WITH 1
    INCREMENT BY 1
    NO MINVALUE
    NO MAXVALUE
    CACHE 1
);


--
-- Name: user_profiles_user_permissions; Type: TABLE; Schema: public; Owner: db_user
--

CREATE TABLE public.user_profiles_user_permissions (
    id bigint NOT NULL,
    userprofile_id bigint NOT NULL,
    permission_id integer NOT NULL
);


ALTER TABLE public.user_profiles_user_permissions OWNER TO db_user;

--
-- Name: api_userprofile_user_permissions_id_seq; Type: SEQUENCE; Schema: public; Owner: db_user
--

ALTER TABLE public.user_profiles_user_permissions ALTER COLUMN id ADD GENERATED BY DEFAULT AS IDENTITY (
    SEQUENCE NAME public.api_userprofile_user_permissions_id_seq
    START WITH 1
    INCREMENT BY 1
    NO MINVALUE
    NO MAXVALUE
    CACHE 1
);


--
-- Name: auth_group; Type: TABLE; Schema: public; Owner: db_user
--

CREATE TABLE public.auth_group (
    id integer NOT NULL,
    name character varying(150) NOT NULL
);


ALTER TABLE public.auth_group OWNER TO db_user;

--
-- Name: auth_group_id_seq; Type: SEQUENCE; Schema: public; Owner: db_user
--

ALTER TABLE public.auth_group ALTER COLUMN id ADD GENERATED BY DEFAULT AS IDENTITY (
    SEQUENCE NAME public.auth_group_id_seq
    START WITH 1
    INCREMENT BY 1
    NO MINVALUE
    NO MAXVALUE
    CACHE 1
);


--
-- Name: auth_group_permissions; Type: TABLE; Schema: public; Owner: db_user
--

CREATE TABLE public.auth_group_permissions (
    id bigint NOT NULL,
    group_id integer NOT NULL,
    permission_id integer NOT NULL
);


ALTER TABLE public.auth_group_permissions OWNER TO db_user;

--
-- Name: auth_group_permissions_id_seq; Type: SEQUENCE; Schema: public; Owner: db_user
--

ALTER TABLE public.auth_group_permissions ALTER COLUMN id ADD GENERATED BY DEFAULT AS IDENTITY (
    SEQUENCE NAME public.auth_group_permissions_id_seq
    START WITH 1
    INCREMENT BY 1
    NO MINVALUE
    NO MAXVALUE
    CACHE 1
);


--
-- Name: auth_permission; Type: TABLE; Schema: public; Owner: db_user
--

CREATE TABLE public.auth_permission (
    id integer NOT NULL,
    name character varying(255) NOT NULL,
    content_type_id integer NOT NULL,
    codename character varying(100) NOT NULL
);


ALTER TABLE public.auth_permission OWNER TO db_user;

--
-- Name: auth_permission_id_seq; Type: SEQUENCE; Schema: public; Owner: db_user
--

ALTER TABLE public.auth_permission ALTER COLUMN id ADD GENERATED BY DEFAULT AS IDENTITY (
    SEQUENCE NAME public.auth_permission_id_seq
    START WITH 1
    INCREMENT BY 1
    NO MINVALUE
    NO MAXVALUE
    CACHE 1
);


--
-- Name: auth_user; Type: TABLE; Schema: public; Owner: db_user
--

CREATE TABLE public.auth_user (
    id integer NOT NULL,
    password character varying(128) NOT NULL,
    last_login timestamp with time zone,
    is_superuser boolean NOT NULL,
    username character varying(150) NOT NULL,
    first_name character varying(150) NOT NULL,
    last_name character varying(150) NOT NULL,
    email character varying(254) NOT NULL,
    is_staff boolean NOT NULL,
    is_active boolean NOT NULL,
    date_joined timestamp with time zone NOT NULL
);


ALTER TABLE public.auth_user OWNER TO db_user;

--
-- Name: auth_user_groups; Type: TABLE; Schema: public; Owner: db_user
--

CREATE TABLE public.auth_user_groups (
    id bigint NOT NULL,
    user_id integer NOT NULL,
    group_id integer NOT NULL
);


ALTER TABLE public.auth_user_groups OWNER TO db_user;

--
-- Name: auth_user_groups_id_seq; Type: SEQUENCE; Schema: public; Owner: db_user
--

ALTER TABLE public.auth_user_groups ALTER COLUMN id ADD GENERATED BY DEFAULT AS IDENTITY (
    SEQUENCE NAME public.auth_user_groups_id_seq
    START WITH 1
    INCREMENT BY 1
    NO MINVALUE
    NO MAXVALUE
    CACHE 1
);


--
-- Name: auth_user_id_seq; Type: SEQUENCE; Schema: public; Owner: db_user
--

ALTER TABLE public.auth_user ALTER COLUMN id ADD GENERATED BY DEFAULT AS IDENTITY (
    SEQUENCE NAME public.auth_user_id_seq
    START WITH 1
    INCREMENT BY 1
    NO MINVALUE
    NO MAXVALUE
    CACHE 1
);


--
-- Name: auth_user_user_permissions; Type: TABLE; Schema: public; Owner: db_user
--

CREATE TABLE public.auth_user_user_permissions (
    id bigint NOT NULL,
    user_id integer NOT NULL,
    permission_id integer NOT NULL
);


ALTER TABLE public.auth_user_user_permissions OWNER TO db_user;

--
-- Name: auth_user_user_permissions_id_seq; Type: SEQUENCE; Schema: public; Owner: db_user
--

ALTER TABLE public.auth_user_user_permissions ALTER COLUMN id ADD GENERATED BY DEFAULT AS IDENTITY (
    SEQUENCE NAME public.auth_user_user_permissions_id_seq
    START WITH 1
    INCREMENT BY 1
    NO MINVALUE
    NO MAXVALUE
    CACHE 1
);


--
-- Name: django_admin_log; Type: TABLE; Schema: public; Owner: db_user
--

CREATE TABLE public.django_admin_log (
    id integer NOT NULL,
    action_time timestamp with time zone NOT NULL,
    object_id text,
    object_repr character varying(200) NOT NULL,
    action_flag smallint NOT NULL,
    change_message text NOT NULL,
    content_type_id integer,
    user_id integer NOT NULL,
    CONSTRAINT django_admin_log_action_flag_check CHECK ((action_flag >= 0))
);


ALTER TABLE public.django_admin_log OWNER TO db_user;

--
-- Name: django_admin_log_id_seq; Type: SEQUENCE; Schema: public; Owner: db_user
--

ALTER TABLE public.django_admin_log ALTER COLUMN id ADD GENERATED BY DEFAULT AS IDENTITY (
    SEQUENCE NAME public.django_admin_log_id_seq
    START WITH 1
    INCREMENT BY 1
    NO MINVALUE
    NO MAXVALUE
    CACHE 1
);


--
-- Name: django_content_type; Type: TABLE; Schema: public; Owner: db_user
--

CREATE TABLE public.django_content_type (
    id integer NOT NULL,
    app_label character varying(100) NOT NULL,
    model character varying(100) NOT NULL
);


ALTER TABLE public.django_content_type OWNER TO db_user;

--
-- Name: django_content_type_id_seq; Type: SEQUENCE; Schema: public; Owner: db_user
--

ALTER TABLE public.django_content_type ALTER COLUMN id ADD GENERATED BY DEFAULT AS IDENTITY (
    SEQUENCE NAME public.django_content_type_id_seq
    START WITH 1
    INCREMENT BY 1
    NO MINVALUE
    NO MAXVALUE
    CACHE 1
);


--
-- Name: django_migrations; Type: TABLE; Schema: public; Owner: db_user
--

CREATE TABLE public.django_migrations (
    id bigint NOT NULL,
    app character varying(255) NOT NULL,
    name character varying(255) NOT NULL,
    applied timestamp with time zone NOT NULL
);


ALTER TABLE public.django_migrations OWNER TO db_user;

--
-- Name: django_migrations_id_seq; Type: SEQUENCE; Schema: public; Owner: db_user
--

ALTER TABLE public.django_migrations ALTER COLUMN id ADD GENERATED BY DEFAULT AS IDENTITY (
    SEQUENCE NAME public.django_migrations_id_seq
    START WITH 1
    INCREMENT BY 1
    NO MINVALUE
    NO MAXVALUE
    CACHE 1
);


--
-- Name: django_session; Type: TABLE; Schema: public; Owner: db_user
--

CREATE TABLE public.django_session (
    session_key character varying(40) NOT NULL,
    session_data text NOT NULL,
    expire_date timestamp with time zone NOT NULL
);


ALTER TABLE public.django_session OWNER TO db_user;

--
-- Name: scores_score; Type: TABLE; Schema: public; Owner: db_user
--

CREATE TABLE public.scores_score (
    id bigint NOT NULL,
    opponent character varying(255) NOT NULL,
    score integer NOT NULL,
    date timestamp with time zone NOT NULL,
    user_id bigint NOT NULL
);


ALTER TABLE public.scores_score OWNER TO db_user;

--
-- Name: scores_score_id_seq; Type: SEQUENCE; Schema: public; Owner: db_user
--

ALTER TABLE public.scores_score ALTER COLUMN id ADD GENERATED BY DEFAULT AS IDENTITY (
    SEQUENCE NAME public.scores_score_id_seq
    START WITH 1
    INCREMENT BY 1
    NO MINVALUE
    NO MAXVALUE
    CACHE 1
);


--
-- Name: token_blacklist_blacklistedtoken; Type: TABLE; Schema: public; Owner: db_user
--

CREATE TABLE public.token_blacklist_blacklistedtoken (
    id bigint NOT NULL,
    blacklisted_at timestamp with time zone NOT NULL,
    token_id bigint NOT NULL
);


ALTER TABLE public.token_blacklist_blacklistedtoken OWNER TO db_user;

--
-- Name: token_blacklist_blacklistedtoken_id_seq; Type: SEQUENCE; Schema: public; Owner: db_user
--

ALTER TABLE public.token_blacklist_blacklistedtoken ALTER COLUMN id ADD GENERATED BY DEFAULT AS IDENTITY (
    SEQUENCE NAME public.token_blacklist_blacklistedtoken_id_seq
    START WITH 1
    INCREMENT BY 1
    NO MINVALUE
    NO MAXVALUE
    CACHE 1
);


--
-- Name: token_blacklist_outstandingtoken; Type: TABLE; Schema: public; Owner: db_user
--

CREATE TABLE public.token_blacklist_outstandingtoken (
    id bigint NOT NULL,
    token text NOT NULL,
    created_at timestamp with time zone,
    expires_at timestamp with time zone NOT NULL,
    user_id bigint,
    jti character varying(255) NOT NULL
);


ALTER TABLE public.token_blacklist_outstandingtoken OWNER TO db_user;

--
-- Name: token_blacklist_outstandingtoken_id_seq; Type: SEQUENCE; Schema: public; Owner: db_user
--

ALTER TABLE public.token_blacklist_outstandingtoken ALTER COLUMN id ADD GENERATED BY DEFAULT AS IDENTITY (
    SEQUENCE NAME public.token_blacklist_outstandingtoken_id_seq
    START WITH 1
    INCREMENT BY 1
    NO MINVALUE
    NO MAXVALUE
    CACHE 1
);


--
-- Data for Name: auth_group; Type: TABLE DATA; Schema: public; Owner: db_user
--

COPY public.auth_group (id, name) FROM stdin;
\.


--
-- Data for Name: auth_group_permissions; Type: TABLE DATA; Schema: public; Owner: db_user
--

COPY public.auth_group_permissions (id, group_id, permission_id) FROM stdin;
\.


--
-- Data for Name: auth_permission; Type: TABLE DATA; Schema: public; Owner: db_user
--

COPY public.auth_permission (id, name, content_type_id, codename) FROM stdin;
1	Can add log entry	1	add_logentry
2	Can change log entry	1	change_logentry
3	Can delete log entry	1	delete_logentry
4	Can view log entry	1	view_logentry
5	Can add permission	2	add_permission
6	Can change permission	2	change_permission
7	Can delete permission	2	delete_permission
8	Can view permission	2	view_permission
9	Can add group	3	add_group
10	Can change group	3	change_group
11	Can delete group	3	delete_group
12	Can view group	3	view_group
13	Can add user	4	add_user
14	Can change user	4	change_user
15	Can delete user	4	delete_user
16	Can view user	4	view_user
17	Can add content type	5	add_contenttype
18	Can change content type	5	change_contenttype
19	Can delete content type	5	delete_contenttype
20	Can view content type	5	view_contenttype
21	Can add session	6	add_session
22	Can change session	6	change_session
23	Can delete session	6	delete_session
24	Can view session	6	view_session
25	Can add user profile	7	add_userprofile
26	Can change user profile	7	change_userprofile
27	Can delete user profile	7	delete_userprofile
28	Can view user profile	7	view_userprofile
29	Can add blacklisted token	8	add_blacklistedtoken
30	Can change blacklisted token	8	change_blacklistedtoken
31	Can delete blacklisted token	8	delete_blacklistedtoken
32	Can view blacklisted token	8	view_blacklistedtoken
33	Can add outstanding token	9	add_outstandingtoken
34	Can change outstanding token	9	change_outstandingtoken
35	Can delete outstanding token	9	delete_outstandingtoken
36	Can view outstanding token	9	view_outstandingtoken
37	Can add score	10	add_score
38	Can change score	10	change_score
39	Can delete score	10	delete_score
40	Can view score	10	view_score
\.


--
-- Data for Name: auth_user; Type: TABLE DATA; Schema: public; Owner: db_user
--

COPY public.auth_user (id, password, last_login, is_superuser, username, first_name, last_name, email, is_staff, is_active, date_joined) FROM stdin;
1	pbkdf2_sha256$870000$fxEYj0WMhKTFTLfA0pJxDq$ubYAl2/ARgXAmCXDGZCqwVGbBShTaXkFkyVJGrrf/vg=	2024-10-19 13:08:36.419181+00	t	chicken			sopadegalinha23@gmail.com	t	t	2024-10-18 16:04:28.908867+00
2	pbkdf2_sha256$870000$EKo7ODGpwobrP9THrG6RSi$GzOYJQdf4dUrebQONW34uM32O2e/DjVBkD/Wto/zZh8=	\N	t	root			admin@admin.com	t	t	2024-10-23 12:12:12.310126+00
4	pbkdf2_sha256$870000$X2e7idaw1SARZjkz2rmAku$8gDvdMK/EaQ1Omiskj6O2QG6ONjpV/q3OzhgAY3WNj4=	\N	t	django_admin			admin@admin.com	t	t	2024-10-29 11:00:53.101692+00
\.


--
-- Data for Name: auth_user_groups; Type: TABLE DATA; Schema: public; Owner: db_user
--

COPY public.auth_user_groups (id, user_id, group_id) FROM stdin;
\.


--
-- Data for Name: auth_user_user_permissions; Type: TABLE DATA; Schema: public; Owner: db_user
--

COPY public.auth_user_user_permissions (id, user_id, permission_id) FROM stdin;
\.


--
-- Data for Name: django_admin_log; Type: TABLE DATA; Schema: public; Owner: db_user
--

COPY public.django_admin_log (id, action_time, object_id, object_repr, action_flag, change_message, content_type_id, user_id) FROM stdin;
\.


--
-- Data for Name: django_content_type; Type: TABLE DATA; Schema: public; Owner: db_user
--

COPY public.django_content_type (id, app_label, model) FROM stdin;
1	admin	logentry
2	auth	permission
3	auth	group
4	auth	user
5	contenttypes	contenttype
6	sessions	session
7	authentication	userprofile
8	token_blacklist	blacklistedtoken
9	token_blacklist	outstandingtoken
10	scores	score
\.


--
-- Data for Name: django_migrations; Type: TABLE DATA; Schema: public; Owner: db_user
--

COPY public.django_migrations (id, app, name, applied) FROM stdin;
1	contenttypes	0001_initial	2024-10-17 14:05:48.639529+00
2	auth	0001_initial	2024-10-17 14:05:48.777803+00
3	admin	0001_initial	2024-10-17 14:05:48.815102+00
4	admin	0002_logentry_remove_auto_add	2024-10-17 14:05:48.824467+00
5	admin	0003_logentry_add_action_flag_choices	2024-10-17 14:05:48.836553+00
6	contenttypes	0002_remove_content_type_name	2024-10-17 14:05:48.854624+00
7	auth	0002_alter_permission_name_max_length	2024-10-17 14:05:48.865632+00
8	auth	0003_alter_user_email_max_length	2024-10-17 14:05:48.87966+00
9	auth	0004_alter_user_username_opts	2024-10-17 14:05:48.889442+00
10	auth	0005_alter_user_last_login_null	2024-10-17 14:05:48.90069+00
11	auth	0006_require_contenttypes_0002	2024-10-17 14:05:48.903866+00
12	auth	0007_alter_validators_add_error_messages	2024-10-17 14:05:48.914181+00
13	auth	0008_alter_user_username_max_length	2024-10-17 14:05:48.933062+00
14	auth	0009_alter_user_last_name_max_length	2024-10-17 14:05:48.943211+00
15	auth	0010_alter_group_name_max_length	2024-10-17 14:05:48.957971+00
16	auth	0011_update_proxy_permissions	2024-10-17 14:05:48.966998+00
17	auth	0012_alter_user_first_name_max_length	2024-10-17 14:05:48.97727+00
18	sessions	0001_initial	2024-10-17 14:05:49.005392+00
19	authentication	0001_initial	2024-10-28 10:32:06.68933+00
20	authentication	0002_remove_userprofile_user_userprofile_email_and_more	2024-10-28 11:23:49.125556+00
21	authentication	0003_alter_userprofile_table	2024-10-28 11:46:47.840092+00
22	authentication	0004_alter_userprofile_friends	2024-10-28 12:15:01.551493+00
23	authentication	0005_alter_userprofile_friends	2024-10-29 08:02:36.372167+00
24	authentication	0006_userprofile_is_staff	2024-10-29 08:02:36.379807+00
25	authentication	0007_userprofile_is_active_alter_userprofile_is_superuser	2024-10-29 09:12:19.877661+00
26	authentication	0008_alter_userprofile_table	2024-10-29 09:12:19.88265+00
27	authentication	0009_alter_userprofile_is_staff_and_more	2024-10-29 11:00:50.610694+00
28	authentication	0010_alter_userprofile_is_staff_and_more	2024-10-29 11:00:50.622054+00
29	authentication	0011_userprofile_first_name_userprofile_last_name	2024-10-29 11:00:50.630302+00
30	authentication	0012_remove_userprofile_is_active_and_more	2024-10-29 11:00:50.651804+00
31	authentication	0013_remove_userprofile_active_remove_userprofile_staff_and_more	2024-10-29 11:00:50.673517+00
32	authentication	0014_alter_userprofile_last_login	2024-10-29 15:03:01.819131+00
33	authentication	0015_userprofile_date_joined	2024-10-30 11:25:55.447351+00
34	token_blacklist	0001_initial	2024-10-31 13:50:08.160793+00
35	token_blacklist	0002_outstandingtoken_jti_hex	2024-10-31 13:50:08.1625+00
36	token_blacklist	0003_auto_20171017_2007	2024-10-31 13:50:08.165725+00
37	token_blacklist	0004_auto_20171017_2013	2024-10-31 13:50:08.169058+00
38	token_blacklist	0005_remove_outstandingtoken_jti	2024-10-31 13:50:08.170745+00
39	token_blacklist	0006_auto_20171017_2113	2024-10-31 13:50:08.17238+00
40	token_blacklist	0007_auto_20171017_2214	2024-10-31 13:50:08.179008+00
41	token_blacklist	0008_migrate_to_bigautofield	2024-10-31 13:50:08.191335+00
42	token_blacklist	0010_fix_migrate_to_bigautofield	2024-10-31 13:50:08.194969+00
43	token_blacklist	0011_linearizes_history	2024-10-31 13:50:08.195422+00
44	token_blacklist	0012_alter_outstandingtoken_user	2024-10-31 13:50:08.197623+00
45	authentication	0002_remove_userprofile_score	2024-12-07 15:17:10.510331+00
46	authentication	0003_userprofile_score	2024-12-07 15:17:10.51601+00
47	authentication	0004_remove_userprofile_score	2024-12-07 15:19:07.561143+00
48	authentication	0005_userprofile_score	2024-12-07 15:54:28.098187+00
49	scores	0001_initial	2024-12-07 16:14:11.713186+00
\.


--
-- Data for Name: django_session; Type: TABLE DATA; Schema: public; Owner: db_user
--

COPY public.django_session (session_key, session_data, expire_date) FROM stdin;
y9wprxld7ozshzo250dk8qbp4h1fepvk	.eJxVjEsOAiEQBe_C2pDGRj4u3XsGAnQjowaSYWZlvLtOMgvdvqp6LxHiutSwDp7DROIslDj8binmB7cN0D22W5e5t2WektwUudMhr534edndv4MaR_3WOgFrjYQu61KMhUjZs0IGVcBZ9B5MycjWZgJCSlgSIBzJJHvSzoj3B-awN88:1t1pTG:TfW1vP6iZsQ6tlypwr-UT62jyKrLfTTjmU7R1oT5Z30	2024-11-01 16:04:58.102906+00
2s3stkyvtqt2kwtv2v88ntry76ick9at	.eJxVjEsOAiEQBe_C2pDGRj4u3XsGAnQjowaSYWZlvLtOMgvdvqp6LxHiutSwDp7DROIslDj8binmB7cN0D22W5e5t2WektwUudMhr534edndv4MaR_3WOgFrjYQu61KMhUjZs0IGVcBZ9B5MycjWZgJCSlgSIBzJJHvSzoj3B-awN88:1t29C8:BBSFWUTtAG0JJweTVzvfwxlv42qADO2CQRng7wcmIQs	2024-11-02 13:08:36.421699+00
ain1mm7tw4gbw8rhg2tgi9fqaskvpk90	.eJxVjMsOwiAQRf-FtSEDw0Ncuu83EGBAqgaS0q6M_65NutDtPefcF_NhW6vfRl78TOzCkJ1-txjSI7cd0D20W-ept3WZI98VftDBp075eT3cv4MaRv3WsmhwqEx0TitjA4EgbYIUBkFKpSlKwCSctQqsVKCxJDKuACXM5Yzs_QGi7DZ8:1t5XMG:NIBw2XV0WbUzVQLADMvIjcWyXV13IBqHV8FcOKeCzhM	2024-11-11 21:33:04.275333+00
uk3g7hbrm9fyhrj0f1v43kwnk06379qv	.eJxVjMsOwiAQRf-FtSG8CoxL934DAWaQqoGktCvjv2uTLnR7zzn3xULc1hq2QUuYkZ2ZY6ffLcX8oLYDvMd26zz3ti5z4rvCDzr4tSM9L4f7d1DjqN_auwmlLMra4l0G1MZInVwiAjKCQCfI6JQqmMEr5eREVpmShUUQUQr2_gDa7zeI:1t5k1w:WnzkWdaX2s7OOL1lnCf3aaUXYrxXbUFcbjtrYf7neTc	2024-11-12 11:04:56.852884+00
fji08bfbroe2pip45rlo78ar7z9f0v0o	.eJxVjMsOwiAQRf-FtSFDgQFcuvcbyAwPqZo2Ke3K-O_apAvd3nPOfYlI29ri1ssSxyzOQoE4_Y5M6VGmneQ7TbdZpnlal5HlrsiDdnmdc3leDvfvoFFv31qj4ZSsCw4HDSEAeMcaBlt0JoLK3hoLSRVVAnvMPKBjrFjJowEdxPsD4TQ3SA:1t6VZ0:BpheUTNOgeTlTHLDha4n96nPboVP-rOqaE_0LKFb8zY	2024-11-14 13:50:14.36849+00
pfbzf47irj4lrgx008b5wfe6ctkbtv3d	.eJxVjMsOwiAQRf-FtSFDgQFcuvcbyAwPqZo2Ke3K-O_apAvd3nPOfYlI29ri1ssSxyzOQoE4_Y5M6VGmneQ7TbdZpnlal5HlrsiDdnmdc3leDvfvoFFv31qj4ZSsCw4HDSEAeMcaBlt0JoLK3hoLSRVVAnvMPKBjrFjJowEdxPsD4TQ3SA:1tJwiI:S9vpHU9udT_Uwbz8nmLe5G_62tXqqaSyxzGfYFwHo4U	2024-12-21 15:27:22.405501+00
\.


--
-- Data for Name: scores_score; Type: TABLE DATA; Schema: public; Owner: db_user
--

COPY public.scores_score (id, opponent, score, date, user_id) FROM stdin;
1	trompette	2	2024-12-07 16:30:21.074836+00	10
2	trompette	254	2024-12-07 16:30:45.428929+00	10
\.


--
-- Data for Name: token_blacklist_blacklistedtoken; Type: TABLE DATA; Schema: public; Owner: db_user
--

COPY public.token_blacklist_blacklistedtoken (id, blacklisted_at, token_id) FROM stdin;
\.


--
-- Data for Name: token_blacklist_outstandingtoken; Type: TABLE DATA; Schema: public; Owner: db_user
--

COPY public.token_blacklist_outstandingtoken (id, token, created_at, expires_at, user_id, jti) FROM stdin;
1	eyJhbGciOiJIUzI1NiIsInR5cCI6IkpXVCJ9.eyJ0b2tlbl90eXBlIjoicmVmcmVzaCIsImV4cCI6MTczMDQ3ODYxNywiaWF0IjoxNzMwMzkyMjE3LCJqdGkiOiI2ODAyMTdjYzBhODY0Y2JmODliMmFjOGI4NzkzOWJkNyIsInVzZXJfaWQiOjEwfQ.WF6SP1RcIR19ZX2DzHJl4BvgLlBdcoUB1H_Y6H3wais	2024-10-31 16:30:17.430753+00	2024-11-01 16:30:17+00	10	680217cc0a864cbf89b2ac8b87939bd7
2	eyJhbGciOiJIUzI1NiIsInR5cCI6IkpXVCJ9.eyJ0b2tlbl90eXBlIjoicmVmcmVzaCIsImV4cCI6MTczMDQ3OTk5NCwiaWF0IjoxNzMwMzkzNTk0LCJqdGkiOiIyMDYyODVmMzI5ZGI0YzNkYmNhM2UzYzVmZmZkZDNjZSIsInVzZXJfaWQiOjEwfQ.aogu2aER7bRzq42KI3mRYxAuJt9_bcLZzW_QjsYOeng	2024-10-31 16:53:14.43644+00	2024-11-01 16:53:14+00	10	206285f329db4c3dbca3e3c5fffdd3ce
3	eyJhbGciOiJIUzI1NiIsInR5cCI6IkpXVCJ9.eyJ0b2tlbl90eXBlIjoicmVmcmVzaCIsImV4cCI6MTczMDQ4MDgyNiwiaWF0IjoxNzMwMzk0NDI2LCJqdGkiOiJjNmZkYjZiMTRhMDY0OTNhODcxOGQyNzI2ZDRlNThjMyIsInVzZXJfaWQiOjEwfQ.gKMPYtY2iTO-hTA5t6KhXIVAT7FfSUSRaCOt9EbWMDw	2024-10-31 17:07:06.624619+00	2024-11-01 17:07:06+00	10	c6fdb6b14a06493a8718d2726d4e58c3
4	eyJhbGciOiJIUzI1NiIsInR5cCI6IkpXVCJ9.eyJ0b2tlbl90eXBlIjoicmVmcmVzaCIsImV4cCI6MTczMDQ5MTk4NSwiaWF0IjoxNzMwNDA1NTg1LCJqdGkiOiI0MmJjYzczNWEwZTc0OTg0YjJmZTNmY2Q2YWI3Y2U1OSIsInVzZXJfaWQiOjEwfQ.yfi_ULcCdABWxwvGTnr5gaxIJx-RVEZ5S6fTSBZgIC4	2024-10-31 20:13:05.223588+00	2024-11-01 20:13:05+00	10	42bcc735a0e74984b2fe3fcd6ab7ce59
5	eyJhbGciOiJIUzI1NiIsInR5cCI6IkpXVCJ9.eyJ0b2tlbl90eXBlIjoicmVmcmVzaCIsImV4cCI6MTczMzY3MTcxMSwiaWF0IjoxNzMzNTg1MzExLCJqdGkiOiI3MzZjOGFjNWU4OWQ0ZTdhOWQxZDc2NmJiMWNlMjU4YSIsInVzZXJfaWQiOjEwfQ.jS2h2rnZ7bBbE-hj2aNXOTQvuFK6SnnF3wvV1erAwQY	2024-12-07 15:28:31.727285+00	2024-12-08 15:28:31+00	10	736c8ac5e89d4e7a9d1d766bb1ce258a
6	eyJhbGciOiJIUzI1NiIsInR5cCI6IkpXVCJ9.eyJ0b2tlbl90eXBlIjoicmVmcmVzaCIsImV4cCI6MTczMzY3Mjc3MiwiaWF0IjoxNzMzNTg2MzcyLCJqdGkiOiI1YTZkNWNjMmE3MTk0MGZlYWMwMzUwYWE1OGMwZTE4YyIsInVzZXJfaWQiOjEwfQ.ds_Pvdne-5Gw_gM4At8FPJWunHYCZ0kIrYCipeY_ibo	2024-12-07 15:46:12.540291+00	2024-12-08 15:46:12+00	10	5a6d5cc2a71940feac0350aa58c0e18c
7	eyJhbGciOiJIUzI1NiIsInR5cCI6IkpXVCJ9.eyJ0b2tlbl90eXBlIjoicmVmcmVzaCIsImV4cCI6MTczMzY3MzA2MCwiaWF0IjoxNzMzNTg2NjYwLCJqdGkiOiIwYWVhYTg3ZGQ1ZTA0ZmZkYjQ1ODU4Y2E2ZTU0ZGQxMSIsInVzZXJfaWQiOjEwfQ.gurY14lwP4ET3j6tqasnfAUqwjkTQCf1stBDfumWLLg	2024-12-07 15:51:00.773318+00	2024-12-08 15:51:00+00	10	0aeaa87dd5e04ffdb45858ca6e54dd11
8	eyJhbGciOiJIUzI1NiIsInR5cCI6IkpXVCJ9.eyJ0b2tlbl90eXBlIjoicmVmcmVzaCIsImV4cCI6MTczMzY3MzI5NywiaWF0IjoxNzMzNTg2ODk3LCJqdGkiOiJjZTdhZTUyZDI5MTk0ZmFkYWQ4NmFlNmQ5ZTAyYTYzMSIsInVzZXJfaWQiOjEwfQ.NRounij2WMP65PXNkEpCRKnTI6MYug0bs5esrbqtzAY	2024-12-07 15:54:57.409458+00	2024-12-08 15:54:57+00	10	ce7ae52d29194fadad86ae6d9e02a631
9	eyJhbGciOiJIUzI1NiIsInR5cCI6IkpXVCJ9.eyJ0b2tlbl90eXBlIjoicmVmcmVzaCIsImV4cCI6MTczMzY3NDEzNCwiaWF0IjoxNzMzNTg3NzM0LCJqdGkiOiI2YzU3YmViNDJjYzA0OGE2YmFiZGU3NzJlMTdjMGYzZCIsInVzZXJfaWQiOjEwfQ.WJIVWXVLcGOpb4V45zJMioo82UVHPxBANevDNQvO9ZA	2024-12-07 16:08:54.760673+00	2024-12-08 16:08:54+00	10	6c57beb42cc048a6babde772e17c0f3d
10	eyJhbGciOiJIUzI1NiIsInR5cCI6IkpXVCJ9.eyJ0b2tlbl90eXBlIjoicmVmcmVzaCIsImV4cCI6MTczMzY3NDI2NywiaWF0IjoxNzMzNTg3ODY3LCJqdGkiOiIzYjEyNDczMWY2NzM0MmYzOWViYTA3ZWE5N2MyMDZmMCIsInVzZXJfaWQiOjEwfQ._3Biqfo1ZwZ3MhcBHosSeYJl1iiEFx7vvIGVBqewqXE	2024-12-07 16:11:07.006884+00	2024-12-08 16:11:07+00	10	3b124731f67342f39eba07ea97c206f0
11	eyJhbGciOiJIUzI1NiIsInR5cCI6IkpXVCJ9.eyJ0b2tlbl90eXBlIjoicmVmcmVzaCIsImV4cCI6MTczMzY3NDY4NCwiaWF0IjoxNzMzNTg4Mjg0LCJqdGkiOiJlMDY4NGFiZjFlMWU0YzU0YTRkYzUwY2MwZDczMWNmNSIsInVzZXJfaWQiOjEwfQ.KhR5OJvPQuXAItlsF6RspYVE4nCwVkiG1HlubNWHpA4	2024-12-07 16:18:04.66855+00	2024-12-08 16:18:04+00	10	e0684abf1e1e4c54a4dc50cc0d731cf5
12	eyJhbGciOiJIUzI1NiIsInR5cCI6IkpXVCJ9.eyJ0b2tlbl90eXBlIjoicmVmcmVzaCIsImV4cCI6MTczMzY3NTE2OSwiaWF0IjoxNzMzNTg4NzY5LCJqdGkiOiJlMmYzYTM5YzE4OGM0YzYxOWFlYWI0ODdmZmE5NGE2OCIsInVzZXJfaWQiOjEwfQ.6hNNg0R4aLCy_7kbJOcSsefnRt7BY8Q43QaCHuuXhEM	2024-12-07 16:26:09.416136+00	2024-12-08 16:26:09+00	10	e2f3a39c188c4c619aeab487ffa94a68
13	eyJhbGciOiJIUzI1NiIsInR5cCI6IkpXVCJ9.eyJ0b2tlbl90eXBlIjoicmVmcmVzaCIsImV4cCI6MTczMzY3NTgyMiwiaWF0IjoxNzMzNTg5NDIyLCJqdGkiOiI1NDNlYzhkNGZhNzc0NDJiOTQ1ZGMwMDdiMTkwMzkyMiIsInVzZXJfaWQiOjEwfQ.5rnKB8qv6hT9rffN9m_CJSNJOpzdMosGdt0Gd4tJHfg	2024-12-07 16:37:02.285795+00	2024-12-08 16:37:02+00	10	543ec8d4fa77442b945dc007b1903922
14	eyJhbGciOiJIUzI1NiIsInR5cCI6IkpXVCJ9.eyJ0b2tlbl90eXBlIjoicmVmcmVzaCIsImV4cCI6MTczMzY3NjQzMywiaWF0IjoxNzMzNTkwMDMzLCJqdGkiOiIzYWNlNjNiNDAxZGE0ZmU1ODMxMTQwODdjZmVhNGU3ZiIsInVzZXJfaWQiOjE1fQ.I42TKm7pUUE-RzJiH7cuUWQqb_Fflzch4kPhI9zuU9Y	2024-12-07 16:47:13.256631+00	2024-12-08 16:47:13+00	\N	3ace63b401da4fe583114087cfea4e7f
15	eyJhbGciOiJIUzI1NiIsInR5cCI6IkpXVCJ9.eyJ0b2tlbl90eXBlIjoicmVmcmVzaCIsImV4cCI6MTczMzg0MzM5NiwiaWF0IjoxNzMzNzU2OTk2LCJqdGkiOiJlYzgyNWVmZTczZjg0NDBkOThhNGM4MTVmYzJlMTE2NiIsInVzZXJfaWQiOjEwfQ.vTKNB3A-Pts71SwNEMICJZfhwQnc4dAcZ18hjuXc38k	2024-12-09 15:09:56.120111+00	2024-12-10 15:09:56+00	10	ec825efe73f8440d98a4c815fc2e1166
16	eyJhbGciOiJIUzI1NiIsInR5cCI6IkpXVCJ9.eyJ0b2tlbl90eXBlIjoicmVmcmVzaCIsImV4cCI6MTczNjQyMTQ1NSwiaWF0IjoxNzM2MzM1MDU1LCJqdGkiOiI1NGIzMTk5NGM4MTE0NTBjYTU1YzM4NDBkMmU1ZmZmOCIsInVzZXJfaWQiOjEwfQ.0xDILB5uTISrZpKx0QwDTrHotE3wpGEu3xzqJvBnUrs	2025-01-08 11:17:35.940765+00	2025-01-09 11:17:35+00	10	54b31994c811450ca55c3840d2e5fff8
17	eyJhbGciOiJIUzI1NiIsInR5cCI6IkpXVCJ9.eyJ0b2tlbl90eXBlIjoicmVmcmVzaCIsImV4cCI6MTczNjQyMjIzNiwiaWF0IjoxNzM2MzM1ODM2LCJqdGkiOiJlZjI2ZmY4NDhlY2U0NWYxOTA4YmFkOWEzYjgzYjBmZCIsInVzZXJfaWQiOjEwfQ.N1NI3lya8pu9XzMw_qsz_-_n14tJriKFgtJ7oLBHfqw	2025-01-08 11:30:36.446376+00	2025-01-09 11:30:36+00	10	ef26ff848ece45f1908bad9a3b83b0fd
18	eyJhbGciOiJIUzI1NiIsInR5cCI6IkpXVCJ9.eyJ0b2tlbl90eXBlIjoicmVmcmVzaCIsImV4cCI6MTczNjQyMjMxNywiaWF0IjoxNzM2MzM1OTE3LCJqdGkiOiJmMTkxZmQxN2FiZTg0NDViOTU5NmViM2ZhYzliMjM3ZiIsInVzZXJfaWQiOjEwfQ.YhUZv7HGP0Azj8tKNfuRymLpvEfDOYeepHWXSEIYxe0	2025-01-08 11:31:57.147116+00	2025-01-09 11:31:57+00	10	f191fd17abe8445b9596eb3fac9b237f
19	eyJhbGciOiJIUzI1NiIsInR5cCI6IkpXVCJ9.eyJ0b2tlbl90eXBlIjoicmVmcmVzaCIsImV4cCI6MTczODc0NzYzNywiaWF0IjoxNzM4NjYxMjM3LCJqdGkiOiIxOWM5MGM4ZjdiYTg0NmE5OTA5OGZmMmIzYjg5OWEyMiIsInVzZXJfaWQiOjEwfQ.J7pfqtYnASW2OWg9F4T1XgYVUnbsgatRj3OxfiGVULU	2025-02-04 09:27:17.196912+00	2025-02-05 09:27:17+00	10	19c90c8f7ba846a99098ff2b3b899a22
20	eyJhbGciOiJIUzI1NiIsInR5cCI6IkpXVCJ9.eyJ0b2tlbl90eXBlIjoicmVmcmVzaCIsImV4cCI6MTczODc0ODg2NywiaWF0IjoxNzM4NjYyNDY3LCJqdGkiOiI4ZDc3YWE3ZDZjNmE0ZmIxYWZjZjQyY2JjMDlhMTI5ZCIsInVzZXJfaWQiOjEwfQ.XLOYIaYE_hbH6PZ6b0vYkNucp-icLOKgsquiSvJYLZQ	2025-02-04 09:47:47.428304+00	2025-02-05 09:47:47+00	10	8d77aa7d6c6a4fb1afcf42cbc09a129d
21	eyJhbGciOiJIUzI1NiIsInR5cCI6IkpXVCJ9.eyJ0b2tlbl90eXBlIjoicmVmcmVzaCIsImV4cCI6MTczODc1MDg1NCwiaWF0IjoxNzM4NjY0NDU0LCJqdGkiOiI1YmI2ZThlMmEzYjI0YzJlYjY0OWUyYjY2NzAwMzM2MSIsInVzZXJfaWQiOjEwfQ._De5p4431jGJpBDES8DLcE1wMfHNtjt9GpTeosxt0Xk	2025-02-04 10:20:54.555337+00	2025-02-05 10:20:54+00	10	5bb6e8e2a3b24c2eb649e2b667003361
\.


--
-- Data for Name: user_profiles; Type: TABLE DATA; Schema: public; Owner: db_user
--

COPY public.user_profiles (id, bio, avatar, last_login, email, password, username, first_name, last_name, is_active, is_staff, is_superuser, date_joined) FROM stdin;
10	blabla		2024-12-07 15:27:22.404319+00	admin@admin.com	pbkdf2_sha256$870000$9MCMTsLSgGPu3AmRKgWxyd$ci0Q4vKWVzri54KG9SPXlOlkrF94ew4J6ZTs2go+1QE=	admin			t	t	t	2024-10-31 13:50:09.248031+00
\.


--
-- Data for Name: user_profiles_friends; Type: TABLE DATA; Schema: public; Owner: db_user
--

COPY public.user_profiles_friends (id, from_userprofile_id, to_userprofile_id) FROM stdin;
\.


--
-- Data for Name: user_profiles_groups; Type: TABLE DATA; Schema: public; Owner: db_user
--

COPY public.user_profiles_groups (id, userprofile_id, group_id) FROM stdin;
\.


--
-- Data for Name: user_profiles_user_permissions; Type: TABLE DATA; Schema: public; Owner: db_user
--

COPY public.user_profiles_user_permissions (id, userprofile_id, permission_id) FROM stdin;
\.


--
-- Name: api_userprofile_friends_id_seq; Type: SEQUENCE SET; Schema: public; Owner: db_user
--

SELECT pg_catalog.setval('public.api_userprofile_friends_id_seq', 2, true);


--
-- Name: api_userprofile_groups_id_seq; Type: SEQUENCE SET; Schema: public; Owner: db_user
--

SELECT pg_catalog.setval('public.api_userprofile_groups_id_seq', 1, false);


--
-- Name: api_userprofile_id_seq; Type: SEQUENCE SET; Schema: public; Owner: db_user
--

SELECT pg_catalog.setval('public.api_userprofile_id_seq', 15, true);


--
-- Name: api_userprofile_user_permissions_id_seq; Type: SEQUENCE SET; Schema: public; Owner: db_user
--

SELECT pg_catalog.setval('public.api_userprofile_user_permissions_id_seq', 1, false);


--
-- Name: auth_group_id_seq; Type: SEQUENCE SET; Schema: public; Owner: db_user
--

SELECT pg_catalog.setval('public.auth_group_id_seq', 1, false);


--
-- Name: auth_group_permissions_id_seq; Type: SEQUENCE SET; Schema: public; Owner: db_user
--

SELECT pg_catalog.setval('public.auth_group_permissions_id_seq', 1, false);


--
-- Name: auth_permission_id_seq; Type: SEQUENCE SET; Schema: public; Owner: db_user
--

SELECT pg_catalog.setval('public.auth_permission_id_seq', 40, true);


--
-- Name: auth_user_groups_id_seq; Type: SEQUENCE SET; Schema: public; Owner: db_user
--

SELECT pg_catalog.setval('public.auth_user_groups_id_seq', 1, false);


--
-- Name: auth_user_id_seq; Type: SEQUENCE SET; Schema: public; Owner: db_user
--

SELECT pg_catalog.setval('public.auth_user_id_seq', 4, true);


--
-- Name: auth_user_user_permissions_id_seq; Type: SEQUENCE SET; Schema: public; Owner: db_user
--

SELECT pg_catalog.setval('public.auth_user_user_permissions_id_seq', 1, false);


--
-- Name: django_admin_log_id_seq; Type: SEQUENCE SET; Schema: public; Owner: db_user
--

SELECT pg_catalog.setval('public.django_admin_log_id_seq', 10, true);


--
-- Name: django_content_type_id_seq; Type: SEQUENCE SET; Schema: public; Owner: db_user
--

SELECT pg_catalog.setval('public.django_content_type_id_seq', 10, true);


--
-- Name: django_migrations_id_seq; Type: SEQUENCE SET; Schema: public; Owner: db_user
--

SELECT pg_catalog.setval('public.django_migrations_id_seq', 49, true);


--
-- Name: scores_score_id_seq; Type: SEQUENCE SET; Schema: public; Owner: db_user
--

SELECT pg_catalog.setval('public.scores_score_id_seq', 2, true);


--
-- Name: token_blacklist_blacklistedtoken_id_seq; Type: SEQUENCE SET; Schema: public; Owner: db_user
--

SELECT pg_catalog.setval('public.token_blacklist_blacklistedtoken_id_seq', 1, false);


--
-- Name: token_blacklist_outstandingtoken_id_seq; Type: SEQUENCE SET; Schema: public; Owner: db_user
--

SELECT pg_catalog.setval('public.token_blacklist_outstandingtoken_id_seq', 21, true);


--
-- Name: user_profiles api_userprofile_email_key; Type: CONSTRAINT; Schema: public; Owner: db_user
--

ALTER TABLE ONLY public.user_profiles
    ADD CONSTRAINT api_userprofile_email_key UNIQUE (email);


--
-- Name: user_profiles_friends api_userprofile_friends_from_userprofile_id_to_u_a21308bd_uniq; Type: CONSTRAINT; Schema: public; Owner: db_user
--

ALTER TABLE ONLY public.user_profiles_friends
    ADD CONSTRAINT api_userprofile_friends_from_userprofile_id_to_u_a21308bd_uniq UNIQUE (from_userprofile_id, to_userprofile_id);


--
-- Name: user_profiles_friends api_userprofile_friends_pkey; Type: CONSTRAINT; Schema: public; Owner: db_user
--

ALTER TABLE ONLY public.user_profiles_friends
    ADD CONSTRAINT api_userprofile_friends_pkey PRIMARY KEY (id);


--
-- Name: user_profiles_groups api_userprofile_groups_pkey; Type: CONSTRAINT; Schema: public; Owner: db_user
--

ALTER TABLE ONLY public.user_profiles_groups
    ADD CONSTRAINT api_userprofile_groups_pkey PRIMARY KEY (id);


--
-- Name: user_profiles_groups api_userprofile_groups_userprofile_id_group_id_f2d1b2f8_uniq; Type: CONSTRAINT; Schema: public; Owner: db_user
--

ALTER TABLE ONLY public.user_profiles_groups
    ADD CONSTRAINT api_userprofile_groups_userprofile_id_group_id_f2d1b2f8_uniq UNIQUE (userprofile_id, group_id);


--
-- Name: user_profiles api_userprofile_pkey; Type: CONSTRAINT; Schema: public; Owner: db_user
--

ALTER TABLE ONLY public.user_profiles
    ADD CONSTRAINT api_userprofile_pkey PRIMARY KEY (id);


--
-- Name: user_profiles_user_permissions api_userprofile_user_per_userprofile_id_permissio_791df516_uniq; Type: CONSTRAINT; Schema: public; Owner: db_user
--

ALTER TABLE ONLY public.user_profiles_user_permissions
    ADD CONSTRAINT api_userprofile_user_per_userprofile_id_permissio_791df516_uniq UNIQUE (userprofile_id, permission_id);


--
-- Name: user_profiles_user_permissions api_userprofile_user_permissions_pkey; Type: CONSTRAINT; Schema: public; Owner: db_user
--

ALTER TABLE ONLY public.user_profiles_user_permissions
    ADD CONSTRAINT api_userprofile_user_permissions_pkey PRIMARY KEY (id);


--
-- Name: user_profiles api_userprofile_username_key; Type: CONSTRAINT; Schema: public; Owner: db_user
--

ALTER TABLE ONLY public.user_profiles
    ADD CONSTRAINT api_userprofile_username_key UNIQUE (username);


--
-- Name: auth_group auth_group_name_key; Type: CONSTRAINT; Schema: public; Owner: db_user
--

ALTER TABLE ONLY public.auth_group
    ADD CONSTRAINT auth_group_name_key UNIQUE (name);


--
-- Name: auth_group_permissions auth_group_permissions_group_id_permission_id_0cd325b0_uniq; Type: CONSTRAINT; Schema: public; Owner: db_user
--

ALTER TABLE ONLY public.auth_group_permissions
    ADD CONSTRAINT auth_group_permissions_group_id_permission_id_0cd325b0_uniq UNIQUE (group_id, permission_id);


--
-- Name: auth_group_permissions auth_group_permissions_pkey; Type: CONSTRAINT; Schema: public; Owner: db_user
--

ALTER TABLE ONLY public.auth_group_permissions
    ADD CONSTRAINT auth_group_permissions_pkey PRIMARY KEY (id);


--
-- Name: auth_group auth_group_pkey; Type: CONSTRAINT; Schema: public; Owner: db_user
--

ALTER TABLE ONLY public.auth_group
    ADD CONSTRAINT auth_group_pkey PRIMARY KEY (id);


--
-- Name: auth_permission auth_permission_content_type_id_codename_01ab375a_uniq; Type: CONSTRAINT; Schema: public; Owner: db_user
--

ALTER TABLE ONLY public.auth_permission
    ADD CONSTRAINT auth_permission_content_type_id_codename_01ab375a_uniq UNIQUE (content_type_id, codename);


--
-- Name: auth_permission auth_permission_pkey; Type: CONSTRAINT; Schema: public; Owner: db_user
--

ALTER TABLE ONLY public.auth_permission
    ADD CONSTRAINT auth_permission_pkey PRIMARY KEY (id);


--
-- Name: auth_user_groups auth_user_groups_pkey; Type: CONSTRAINT; Schema: public; Owner: db_user
--

ALTER TABLE ONLY public.auth_user_groups
    ADD CONSTRAINT auth_user_groups_pkey PRIMARY KEY (id);


--
-- Name: auth_user_groups auth_user_groups_user_id_group_id_94350c0c_uniq; Type: CONSTRAINT; Schema: public; Owner: db_user
--

ALTER TABLE ONLY public.auth_user_groups
    ADD CONSTRAINT auth_user_groups_user_id_group_id_94350c0c_uniq UNIQUE (user_id, group_id);


--
-- Name: auth_user auth_user_pkey; Type: CONSTRAINT; Schema: public; Owner: db_user
--

ALTER TABLE ONLY public.auth_user
    ADD CONSTRAINT auth_user_pkey PRIMARY KEY (id);


--
-- Name: auth_user_user_permissions auth_user_user_permissions_pkey; Type: CONSTRAINT; Schema: public; Owner: db_user
--

ALTER TABLE ONLY public.auth_user_user_permissions
    ADD CONSTRAINT auth_user_user_permissions_pkey PRIMARY KEY (id);


--
-- Name: auth_user_user_permissions auth_user_user_permissions_user_id_permission_id_14a6b632_uniq; Type: CONSTRAINT; Schema: public; Owner: db_user
--

ALTER TABLE ONLY public.auth_user_user_permissions
    ADD CONSTRAINT auth_user_user_permissions_user_id_permission_id_14a6b632_uniq UNIQUE (user_id, permission_id);


--
-- Name: auth_user auth_user_username_key; Type: CONSTRAINT; Schema: public; Owner: db_user
--

ALTER TABLE ONLY public.auth_user
    ADD CONSTRAINT auth_user_username_key UNIQUE (username);


--
-- Name: django_admin_log django_admin_log_pkey; Type: CONSTRAINT; Schema: public; Owner: db_user
--

ALTER TABLE ONLY public.django_admin_log
    ADD CONSTRAINT django_admin_log_pkey PRIMARY KEY (id);


--
-- Name: django_content_type django_content_type_app_label_model_76bd3d3b_uniq; Type: CONSTRAINT; Schema: public; Owner: db_user
--

ALTER TABLE ONLY public.django_content_type
    ADD CONSTRAINT django_content_type_app_label_model_76bd3d3b_uniq UNIQUE (app_label, model);


--
-- Name: django_content_type django_content_type_pkey; Type: CONSTRAINT; Schema: public; Owner: db_user
--

ALTER TABLE ONLY public.django_content_type
    ADD CONSTRAINT django_content_type_pkey PRIMARY KEY (id);


--
-- Name: django_migrations django_migrations_pkey; Type: CONSTRAINT; Schema: public; Owner: db_user
--

ALTER TABLE ONLY public.django_migrations
    ADD CONSTRAINT django_migrations_pkey PRIMARY KEY (id);


--
-- Name: django_session django_session_pkey; Type: CONSTRAINT; Schema: public; Owner: db_user
--

ALTER TABLE ONLY public.django_session
    ADD CONSTRAINT django_session_pkey PRIMARY KEY (session_key);


--
-- Name: scores_score scores_score_pkey; Type: CONSTRAINT; Schema: public; Owner: db_user
--

ALTER TABLE ONLY public.scores_score
    ADD CONSTRAINT scores_score_pkey PRIMARY KEY (id);


--
-- Name: token_blacklist_blacklistedtoken token_blacklist_blacklistedtoken_pkey; Type: CONSTRAINT; Schema: public; Owner: db_user
--

ALTER TABLE ONLY public.token_blacklist_blacklistedtoken
    ADD CONSTRAINT token_blacklist_blacklistedtoken_pkey PRIMARY KEY (id);


--
-- Name: token_blacklist_blacklistedtoken token_blacklist_blacklistedtoken_token_id_key; Type: CONSTRAINT; Schema: public; Owner: db_user
--

ALTER TABLE ONLY public.token_blacklist_blacklistedtoken
    ADD CONSTRAINT token_blacklist_blacklistedtoken_token_id_key UNIQUE (token_id);


--
-- Name: token_blacklist_outstandingtoken token_blacklist_outstandingtoken_jti_hex_d9bdf6f7_uniq; Type: CONSTRAINT; Schema: public; Owner: db_user
--

ALTER TABLE ONLY public.token_blacklist_outstandingtoken
    ADD CONSTRAINT token_blacklist_outstandingtoken_jti_hex_d9bdf6f7_uniq UNIQUE (jti);


--
-- Name: token_blacklist_outstandingtoken token_blacklist_outstandingtoken_pkey; Type: CONSTRAINT; Schema: public; Owner: db_user
--

ALTER TABLE ONLY public.token_blacklist_outstandingtoken
    ADD CONSTRAINT token_blacklist_outstandingtoken_pkey PRIMARY KEY (id);


--
-- Name: api_userprofile_email_6279d7da_like; Type: INDEX; Schema: public; Owner: db_user
--

CREATE INDEX api_userprofile_email_6279d7da_like ON public.user_profiles USING btree (email varchar_pattern_ops);


--
-- Name: api_userprofile_friends_from_userprofile_id_f82d9108; Type: INDEX; Schema: public; Owner: db_user
--

CREATE INDEX api_userprofile_friends_from_userprofile_id_f82d9108 ON public.user_profiles_friends USING btree (from_userprofile_id);


--
-- Name: api_userprofile_friends_to_userprofile_id_0e1cefb8; Type: INDEX; Schema: public; Owner: db_user
--

CREATE INDEX api_userprofile_friends_to_userprofile_id_0e1cefb8 ON public.user_profiles_friends USING btree (to_userprofile_id);


--
-- Name: api_userprofile_groups_group_id_4bbb714d; Type: INDEX; Schema: public; Owner: db_user
--

CREATE INDEX api_userprofile_groups_group_id_4bbb714d ON public.user_profiles_groups USING btree (group_id);


--
-- Name: api_userprofile_groups_userprofile_id_c604c343; Type: INDEX; Schema: public; Owner: db_user
--

CREATE INDEX api_userprofile_groups_userprofile_id_c604c343 ON public.user_profiles_groups USING btree (userprofile_id);


--
-- Name: api_userprofile_user_permissions_permission_id_f8a7bcee; Type: INDEX; Schema: public; Owner: db_user
--

CREATE INDEX api_userprofile_user_permissions_permission_id_f8a7bcee ON public.user_profiles_user_permissions USING btree (permission_id);


--
-- Name: api_userprofile_user_permissions_userprofile_id_6c285edb; Type: INDEX; Schema: public; Owner: db_user
--

CREATE INDEX api_userprofile_user_permissions_userprofile_id_6c285edb ON public.user_profiles_user_permissions USING btree (userprofile_id);


--
-- Name: api_userprofile_username_74f62e22_like; Type: INDEX; Schema: public; Owner: db_user
--

CREATE INDEX api_userprofile_username_74f62e22_like ON public.user_profiles USING btree (username varchar_pattern_ops);


--
-- Name: auth_group_name_a6ea08ec_like; Type: INDEX; Schema: public; Owner: db_user
--

CREATE INDEX auth_group_name_a6ea08ec_like ON public.auth_group USING btree (name varchar_pattern_ops);


--
-- Name: auth_group_permissions_group_id_b120cbf9; Type: INDEX; Schema: public; Owner: db_user
--

CREATE INDEX auth_group_permissions_group_id_b120cbf9 ON public.auth_group_permissions USING btree (group_id);


--
-- Name: auth_group_permissions_permission_id_84c5c92e; Type: INDEX; Schema: public; Owner: db_user
--

CREATE INDEX auth_group_permissions_permission_id_84c5c92e ON public.auth_group_permissions USING btree (permission_id);


--
-- Name: auth_permission_content_type_id_2f476e4b; Type: INDEX; Schema: public; Owner: db_user
--

CREATE INDEX auth_permission_content_type_id_2f476e4b ON public.auth_permission USING btree (content_type_id);


--
-- Name: auth_user_groups_group_id_97559544; Type: INDEX; Schema: public; Owner: db_user
--

CREATE INDEX auth_user_groups_group_id_97559544 ON public.auth_user_groups USING btree (group_id);


--
-- Name: auth_user_groups_user_id_6a12ed8b; Type: INDEX; Schema: public; Owner: db_user
--

CREATE INDEX auth_user_groups_user_id_6a12ed8b ON public.auth_user_groups USING btree (user_id);


--
-- Name: auth_user_user_permissions_permission_id_1fbb5f2c; Type: INDEX; Schema: public; Owner: db_user
--

CREATE INDEX auth_user_user_permissions_permission_id_1fbb5f2c ON public.auth_user_user_permissions USING btree (permission_id);


--
-- Name: auth_user_user_permissions_user_id_a95ead1b; Type: INDEX; Schema: public; Owner: db_user
--

CREATE INDEX auth_user_user_permissions_user_id_a95ead1b ON public.auth_user_user_permissions USING btree (user_id);


--
-- Name: auth_user_username_6821ab7c_like; Type: INDEX; Schema: public; Owner: db_user
--

CREATE INDEX auth_user_username_6821ab7c_like ON public.auth_user USING btree (username varchar_pattern_ops);


--
-- Name: django_admin_log_content_type_id_c4bce8eb; Type: INDEX; Schema: public; Owner: db_user
--

CREATE INDEX django_admin_log_content_type_id_c4bce8eb ON public.django_admin_log USING btree (content_type_id);


--
-- Name: django_admin_log_user_id_c564eba6; Type: INDEX; Schema: public; Owner: db_user
--

CREATE INDEX django_admin_log_user_id_c564eba6 ON public.django_admin_log USING btree (user_id);


--
-- Name: django_session_expire_date_a5c62663; Type: INDEX; Schema: public; Owner: db_user
--

CREATE INDEX django_session_expire_date_a5c62663 ON public.django_session USING btree (expire_date);


--
-- Name: django_session_session_key_c0390e0f_like; Type: INDEX; Schema: public; Owner: db_user
--

CREATE INDEX django_session_session_key_c0390e0f_like ON public.django_session USING btree (session_key varchar_pattern_ops);


--
-- Name: scores_score_user_id_efcc7268; Type: INDEX; Schema: public; Owner: db_user
--

CREATE INDEX scores_score_user_id_efcc7268 ON public.scores_score USING btree (user_id);


--
-- Name: token_blacklist_outstandingtoken_jti_hex_d9bdf6f7_like; Type: INDEX; Schema: public; Owner: db_user
--

CREATE INDEX token_blacklist_outstandingtoken_jti_hex_d9bdf6f7_like ON public.token_blacklist_outstandingtoken USING btree (jti varchar_pattern_ops);


--
-- Name: token_blacklist_outstandingtoken_user_id_83bc629a; Type: INDEX; Schema: public; Owner: db_user
--

CREATE INDEX token_blacklist_outstandingtoken_user_id_83bc629a ON public.token_blacklist_outstandingtoken USING btree (user_id);


--
-- Name: user_profiles_friends api_userprofile_frie_from_userprofile_id_f82d9108_fk_api_userp; Type: FK CONSTRAINT; Schema: public; Owner: db_user
--

ALTER TABLE ONLY public.user_profiles_friends
    ADD CONSTRAINT api_userprofile_frie_from_userprofile_id_f82d9108_fk_api_userp FOREIGN KEY (from_userprofile_id) REFERENCES public.user_profiles(id) DEFERRABLE INITIALLY DEFERRED;


--
-- Name: user_profiles_friends api_userprofile_frie_to_userprofile_id_0e1cefb8_fk_api_userp; Type: FK CONSTRAINT; Schema: public; Owner: db_user
--

ALTER TABLE ONLY public.user_profiles_friends
    ADD CONSTRAINT api_userprofile_frie_to_userprofile_id_0e1cefb8_fk_api_userp FOREIGN KEY (to_userprofile_id) REFERENCES public.user_profiles(id) DEFERRABLE INITIALLY DEFERRED;


--
-- Name: user_profiles_groups api_userprofile_grou_userprofile_id_c604c343_fk_api_userp; Type: FK CONSTRAINT; Schema: public; Owner: db_user
--

ALTER TABLE ONLY public.user_profiles_groups
    ADD CONSTRAINT api_userprofile_grou_userprofile_id_c604c343_fk_api_userp FOREIGN KEY (userprofile_id) REFERENCES public.user_profiles(id) DEFERRABLE INITIALLY DEFERRED;


--
-- Name: user_profiles_groups api_userprofile_groups_group_id_4bbb714d_fk_auth_group_id; Type: FK CONSTRAINT; Schema: public; Owner: db_user
--

ALTER TABLE ONLY public.user_profiles_groups
    ADD CONSTRAINT api_userprofile_groups_group_id_4bbb714d_fk_auth_group_id FOREIGN KEY (group_id) REFERENCES public.auth_group(id) DEFERRABLE INITIALLY DEFERRED;


--
-- Name: user_profiles_user_permissions api_userprofile_user_permission_id_f8a7bcee_fk_auth_perm; Type: FK CONSTRAINT; Schema: public; Owner: db_user
--

ALTER TABLE ONLY public.user_profiles_user_permissions
    ADD CONSTRAINT api_userprofile_user_permission_id_f8a7bcee_fk_auth_perm FOREIGN KEY (permission_id) REFERENCES public.auth_permission(id) DEFERRABLE INITIALLY DEFERRED;


--
-- Name: user_profiles_user_permissions api_userprofile_user_userprofile_id_6c285edb_fk_api_userp; Type: FK CONSTRAINT; Schema: public; Owner: db_user
--

ALTER TABLE ONLY public.user_profiles_user_permissions
    ADD CONSTRAINT api_userprofile_user_userprofile_id_6c285edb_fk_api_userp FOREIGN KEY (userprofile_id) REFERENCES public.user_profiles(id) DEFERRABLE INITIALLY DEFERRED;


--
-- Name: auth_group_permissions auth_group_permissio_permission_id_84c5c92e_fk_auth_perm; Type: FK CONSTRAINT; Schema: public; Owner: db_user
--

ALTER TABLE ONLY public.auth_group_permissions
    ADD CONSTRAINT auth_group_permissio_permission_id_84c5c92e_fk_auth_perm FOREIGN KEY (permission_id) REFERENCES public.auth_permission(id) DEFERRABLE INITIALLY DEFERRED;


--
-- Name: auth_group_permissions auth_group_permissions_group_id_b120cbf9_fk_auth_group_id; Type: FK CONSTRAINT; Schema: public; Owner: db_user
--

ALTER TABLE ONLY public.auth_group_permissions
    ADD CONSTRAINT auth_group_permissions_group_id_b120cbf9_fk_auth_group_id FOREIGN KEY (group_id) REFERENCES public.auth_group(id) DEFERRABLE INITIALLY DEFERRED;


--
-- Name: auth_permission auth_permission_content_type_id_2f476e4b_fk_django_co; Type: FK CONSTRAINT; Schema: public; Owner: db_user
--

ALTER TABLE ONLY public.auth_permission
    ADD CONSTRAINT auth_permission_content_type_id_2f476e4b_fk_django_co FOREIGN KEY (content_type_id) REFERENCES public.django_content_type(id) DEFERRABLE INITIALLY DEFERRED;


--
-- Name: auth_user_groups auth_user_groups_group_id_97559544_fk_auth_group_id; Type: FK CONSTRAINT; Schema: public; Owner: db_user
--

ALTER TABLE ONLY public.auth_user_groups
    ADD CONSTRAINT auth_user_groups_group_id_97559544_fk_auth_group_id FOREIGN KEY (group_id) REFERENCES public.auth_group(id) DEFERRABLE INITIALLY DEFERRED;


--
-- Name: auth_user_groups auth_user_groups_user_id_6a12ed8b_fk_auth_user_id; Type: FK CONSTRAINT; Schema: public; Owner: db_user
--

ALTER TABLE ONLY public.auth_user_groups
    ADD CONSTRAINT auth_user_groups_user_id_6a12ed8b_fk_auth_user_id FOREIGN KEY (user_id) REFERENCES public.auth_user(id) DEFERRABLE INITIALLY DEFERRED;


--
-- Name: auth_user_user_permissions auth_user_user_permi_permission_id_1fbb5f2c_fk_auth_perm; Type: FK CONSTRAINT; Schema: public; Owner: db_user
--

ALTER TABLE ONLY public.auth_user_user_permissions
    ADD CONSTRAINT auth_user_user_permi_permission_id_1fbb5f2c_fk_auth_perm FOREIGN KEY (permission_id) REFERENCES public.auth_permission(id) DEFERRABLE INITIALLY DEFERRED;


--
-- Name: auth_user_user_permissions auth_user_user_permissions_user_id_a95ead1b_fk_auth_user_id; Type: FK CONSTRAINT; Schema: public; Owner: db_user
--

ALTER TABLE ONLY public.auth_user_user_permissions
    ADD CONSTRAINT auth_user_user_permissions_user_id_a95ead1b_fk_auth_user_id FOREIGN KEY (user_id) REFERENCES public.auth_user(id) DEFERRABLE INITIALLY DEFERRED;


--
-- Name: django_admin_log django_admin_log_content_type_id_c4bce8eb_fk_django_co; Type: FK CONSTRAINT; Schema: public; Owner: db_user
--

ALTER TABLE ONLY public.django_admin_log
    ADD CONSTRAINT django_admin_log_content_type_id_c4bce8eb_fk_django_co FOREIGN KEY (content_type_id) REFERENCES public.django_content_type(id) DEFERRABLE INITIALLY DEFERRED;


--
-- Name: django_admin_log django_admin_log_user_id_c564eba6_fk_auth_user_id; Type: FK CONSTRAINT; Schema: public; Owner: db_user
--

ALTER TABLE ONLY public.django_admin_log
    ADD CONSTRAINT django_admin_log_user_id_c564eba6_fk_auth_user_id FOREIGN KEY (user_id) REFERENCES public.auth_user(id) DEFERRABLE INITIALLY DEFERRED;


--
-- Name: scores_score scores_score_user_id_efcc7268_fk_user_profiles_id; Type: FK CONSTRAINT; Schema: public; Owner: db_user
--

ALTER TABLE ONLY public.scores_score
    ADD CONSTRAINT scores_score_user_id_efcc7268_fk_user_profiles_id FOREIGN KEY (user_id) REFERENCES public.user_profiles(id) DEFERRABLE INITIALLY DEFERRED;


--
-- Name: token_blacklist_blacklistedtoken token_blacklist_blacklistedtoken_token_id_3cc7fe56_fk; Type: FK CONSTRAINT; Schema: public; Owner: db_user
--

ALTER TABLE ONLY public.token_blacklist_blacklistedtoken
    ADD CONSTRAINT token_blacklist_blacklistedtoken_token_id_3cc7fe56_fk FOREIGN KEY (token_id) REFERENCES public.token_blacklist_outstandingtoken(id) DEFERRABLE INITIALLY DEFERRED;


--
-- Name: token_blacklist_outstandingtoken token_blacklist_outs_user_id_83bc629a_fk_user_prof; Type: FK CONSTRAINT; Schema: public; Owner: db_user
--

ALTER TABLE ONLY public.token_blacklist_outstandingtoken
    ADD CONSTRAINT token_blacklist_outs_user_id_83bc629a_fk_user_prof FOREIGN KEY (user_id) REFERENCES public.user_profiles(id) DEFERRABLE INITIALLY DEFERRED;


--
-- PostgreSQL database dump complete
--

