--
-- PostgreSQL database dump
--

-- Dumped from database version 14.3 (Debian 14.3-1.pgdg110+1)
-- Dumped by pg_dump version 14.3 (Debian 14.3-1.pgdg110+1)

SET statement_timeout = 0;
SET lock_timeout = 0;
SET idle_in_transaction_session_timeout = 0;
SET client_encoding = 'UTF8';
SET standard_conforming_strings = on;
SELECT pg_catalog.set_config('search_path', '', false);
SET check_function_bodies = false;
SET xmloption = content;
SET client_min_messages = warning;
SET row_security = off;

SET default_tablespace = '';

SET default_table_access_method = heap;

--
-- Name: auth_group; Type: TABLE; Schema: public; Owner: v-token-django_u-w3DtxiWjV7qiMKHn3hG7-1741890674
--

CREATE TABLE public.auth_group (
    id integer NOT NULL,
    name character varying(150) NOT NULL
);


ALTER TABLE public.auth_group OWNER TO "v-token-django_u-w3DtxiWjV7qiMKHn3hG7-1741890674";

--
-- Name: auth_group_id_seq; Type: SEQUENCE; Schema: public; Owner: v-token-django_u-w3DtxiWjV7qiMKHn3hG7-1741890674
--

ALTER TABLE public.auth_group ALTER COLUMN id ADD GENERATED BY DEFAULT AS IDENTITY (
    SEQUENCE NAME public.auth_group_id_seq
    START WITH 1
    INCREMENT BY 1
    NO MINVALUE
    NO MAXVALUE
    CACHE 1
);


--
-- Name: auth_group_permissions; Type: TABLE; Schema: public; Owner: v-token-django_u-w3DtxiWjV7qiMKHn3hG7-1741890674
--

CREATE TABLE public.auth_group_permissions (
    id bigint NOT NULL,
    group_id integer NOT NULL,
    permission_id integer NOT NULL
);


ALTER TABLE public.auth_group_permissions OWNER TO "v-token-django_u-w3DtxiWjV7qiMKHn3hG7-1741890674";

--
-- Name: auth_group_permissions_id_seq; Type: SEQUENCE; Schema: public; Owner: v-token-django_u-w3DtxiWjV7qiMKHn3hG7-1741890674
--

ALTER TABLE public.auth_group_permissions ALTER COLUMN id ADD GENERATED BY DEFAULT AS IDENTITY (
    SEQUENCE NAME public.auth_group_permissions_id_seq
    START WITH 1
    INCREMENT BY 1
    NO MINVALUE
    NO MAXVALUE
    CACHE 1
);


--
-- Name: auth_permission; Type: TABLE; Schema: public; Owner: v-token-django_u-w3DtxiWjV7qiMKHn3hG7-1741890674
--

CREATE TABLE public.auth_permission (
    id integer NOT NULL,
    name character varying(255) NOT NULL,
    content_type_id integer NOT NULL,
    codename character varying(100) NOT NULL
);


ALTER TABLE public.auth_permission OWNER TO "v-token-django_u-w3DtxiWjV7qiMKHn3hG7-1741890674";

--
-- Name: auth_permission_id_seq; Type: SEQUENCE; Schema: public; Owner: v-token-django_u-w3DtxiWjV7qiMKHn3hG7-1741890674
--

ALTER TABLE public.auth_permission ALTER COLUMN id ADD GENERATED BY DEFAULT AS IDENTITY (
    SEQUENCE NAME public.auth_permission_id_seq
    START WITH 1
    INCREMENT BY 1
    NO MINVALUE
    NO MAXVALUE
    CACHE 1
);


--
-- Name: django_admin_log; Type: TABLE; Schema: public; Owner: v-token-django_u-w3DtxiWjV7qiMKHn3hG7-1741890674
--

CREATE TABLE public.django_admin_log (
    id integer NOT NULL,
    action_time timestamp with time zone NOT NULL,
    object_id text,
    object_repr character varying(200) NOT NULL,
    action_flag smallint NOT NULL,
    change_message text NOT NULL,
    content_type_id integer,
    user_id bigint NOT NULL,
    CONSTRAINT django_admin_log_action_flag_check CHECK ((action_flag >= 0))
);


ALTER TABLE public.django_admin_log OWNER TO "v-token-django_u-w3DtxiWjV7qiMKHn3hG7-1741890674";

--
-- Name: django_admin_log_id_seq; Type: SEQUENCE; Schema: public; Owner: v-token-django_u-w3DtxiWjV7qiMKHn3hG7-1741890674
--

ALTER TABLE public.django_admin_log ALTER COLUMN id ADD GENERATED BY DEFAULT AS IDENTITY (
    SEQUENCE NAME public.django_admin_log_id_seq
    START WITH 1
    INCREMENT BY 1
    NO MINVALUE
    NO MAXVALUE
    CACHE 1
);


--
-- Name: django_content_type; Type: TABLE; Schema: public; Owner: v-token-django_u-w3DtxiWjV7qiMKHn3hG7-1741890674
--

CREATE TABLE public.django_content_type (
    id integer NOT NULL,
    app_label character varying(100) NOT NULL,
    model character varying(100) NOT NULL
);


ALTER TABLE public.django_content_type OWNER TO "v-token-django_u-w3DtxiWjV7qiMKHn3hG7-1741890674";

--
-- Name: django_content_type_id_seq; Type: SEQUENCE; Schema: public; Owner: v-token-django_u-w3DtxiWjV7qiMKHn3hG7-1741890674
--

ALTER TABLE public.django_content_type ALTER COLUMN id ADD GENERATED BY DEFAULT AS IDENTITY (
    SEQUENCE NAME public.django_content_type_id_seq
    START WITH 1
    INCREMENT BY 1
    NO MINVALUE
    NO MAXVALUE
    CACHE 1
);


--
-- Name: django_migrations; Type: TABLE; Schema: public; Owner: v-token-django_u-w3DtxiWjV7qiMKHn3hG7-1741890674
--

CREATE TABLE public.django_migrations (
    id bigint NOT NULL,
    app character varying(255) NOT NULL,
    name character varying(255) NOT NULL,
    applied timestamp with time zone NOT NULL
);


ALTER TABLE public.django_migrations OWNER TO "v-token-django_u-w3DtxiWjV7qiMKHn3hG7-1741890674";

--
-- Name: django_migrations_id_seq; Type: SEQUENCE; Schema: public; Owner: v-token-django_u-w3DtxiWjV7qiMKHn3hG7-1741890674
--

ALTER TABLE public.django_migrations ALTER COLUMN id ADD GENERATED BY DEFAULT AS IDENTITY (
    SEQUENCE NAME public.django_migrations_id_seq
    START WITH 1
    INCREMENT BY 1
    NO MINVALUE
    NO MAXVALUE
    CACHE 1
);


--
-- Name: django_session; Type: TABLE; Schema: public; Owner: v-token-django_u-w3DtxiWjV7qiMKHn3hG7-1741890674
--

CREATE TABLE public.django_session (
    session_key character varying(40) NOT NULL,
    session_data text NOT NULL,
    expire_date timestamp with time zone NOT NULL
);


ALTER TABLE public.django_session OWNER TO "v-token-django_u-w3DtxiWjV7qiMKHn3hG7-1741890674";

--
-- Name: scores_score; Type: TABLE; Schema: public; Owner: v-token-django_u-w3DtxiWjV7qiMKHn3hG7-1741890674
--

CREATE TABLE public.scores_score (
    id bigint NOT NULL,
    opponent character varying(255) NOT NULL,
    user_score integer NOT NULL,
    opponent_score integer NOT NULL,
    date timestamp with time zone NOT NULL,
    game_type character varying(255) NOT NULL,
    tournament_name character varying(255) NOT NULL,
    user_id bigint NOT NULL
);


ALTER TABLE public.scores_score OWNER TO "v-token-django_u-w3DtxiWjV7qiMKHn3hG7-1741890674";

--
-- Name: scores_score_id_seq; Type: SEQUENCE; Schema: public; Owner: v-token-django_u-w3DtxiWjV7qiMKHn3hG7-1741890674
--

ALTER TABLE public.scores_score ALTER COLUMN id ADD GENERATED BY DEFAULT AS IDENTITY (
    SEQUENCE NAME public.scores_score_id_seq
    START WITH 1
    INCREMENT BY 1
    NO MINVALUE
    NO MAXVALUE
    CACHE 1
);


--
-- Name: token_blacklist_blacklistedtoken; Type: TABLE; Schema: public; Owner: v-token-django_u-w3DtxiWjV7qiMKHn3hG7-1741890674
--

CREATE TABLE public.token_blacklist_blacklistedtoken (
    id bigint NOT NULL,
    blacklisted_at timestamp with time zone NOT NULL,
    token_id bigint NOT NULL
);


ALTER TABLE public.token_blacklist_blacklistedtoken OWNER TO "v-token-django_u-w3DtxiWjV7qiMKHn3hG7-1741890674";

--
-- Name: token_blacklist_blacklistedtoken_id_seq; Type: SEQUENCE; Schema: public; Owner: v-token-django_u-w3DtxiWjV7qiMKHn3hG7-1741890674
--

ALTER TABLE public.token_blacklist_blacklistedtoken ALTER COLUMN id ADD GENERATED BY DEFAULT AS IDENTITY (
    SEQUENCE NAME public.token_blacklist_blacklistedtoken_id_seq
    START WITH 1
    INCREMENT BY 1
    NO MINVALUE
    NO MAXVALUE
    CACHE 1
);


--
-- Name: token_blacklist_outstandingtoken; Type: TABLE; Schema: public; Owner: v-token-django_u-w3DtxiWjV7qiMKHn3hG7-1741890674
--

CREATE TABLE public.token_blacklist_outstandingtoken (
    id bigint NOT NULL,
    token text NOT NULL,
    created_at timestamp with time zone,
    expires_at timestamp with time zone NOT NULL,
    user_id bigint,
    jti character varying(255) NOT NULL
);


ALTER TABLE public.token_blacklist_outstandingtoken OWNER TO "v-token-django_u-w3DtxiWjV7qiMKHn3hG7-1741890674";

--
-- Name: token_blacklist_outstandingtoken_id_seq; Type: SEQUENCE; Schema: public; Owner: v-token-django_u-w3DtxiWjV7qiMKHn3hG7-1741890674
--

ALTER TABLE public.token_blacklist_outstandingtoken ALTER COLUMN id ADD GENERATED BY DEFAULT AS IDENTITY (
    SEQUENCE NAME public.token_blacklist_outstandingtoken_id_seq
    START WITH 1
    INCREMENT BY 1
    NO MINVALUE
    NO MAXVALUE
    CACHE 1
);


--
-- Name: user_login; Type: TABLE; Schema: public; Owner: v-token-django_u-w3DtxiWjV7qiMKHn3hG7-1741890674
--

CREATE TABLE public.user_login (
    id bigint NOT NULL,
    email character varying(254),
    attempts integer NOT NULL,
    last_failed_attempt timestamp with time zone,
    last_successful_attempt timestamp with time zone,
    secret_key character varying(32),
    CONSTRAINT user_login_attempts_check CHECK ((attempts >= 0))
);


ALTER TABLE public.user_login OWNER TO "v-token-django_u-w3DtxiWjV7qiMKHn3hG7-1741890674";

--
-- Name: user_login_id_seq; Type: SEQUENCE; Schema: public; Owner: v-token-django_u-w3DtxiWjV7qiMKHn3hG7-1741890674
--

ALTER TABLE public.user_login ALTER COLUMN id ADD GENERATED BY DEFAULT AS IDENTITY (
    SEQUENCE NAME public.user_login_id_seq
    START WITH 1
    INCREMENT BY 1
    NO MINVALUE
    NO MAXVALUE
    CACHE 1
);


--
-- Name: user_profiles; Type: TABLE; Schema: public; Owner: v-token-django_u-w3DtxiWjV7qiMKHn3hG7-1741890674
--

CREATE TABLE public.user_profiles (
    id bigint NOT NULL,
    last_login timestamp with time zone,
    username character varying(30),
    email character varying(254),
    first_name character varying(150) NOT NULL,
    last_name character varying(150) NOT NULL,
    password character varying(100),
    is_staff boolean NOT NULL,
    is_superuser boolean NOT NULL,
    is_active boolean NOT NULL,
    bio text,
    avatar character varying(150) NOT NULL,
    date_joined timestamp with time zone NOT NULL,
    is_online boolean NOT NULL
);


ALTER TABLE public.user_profiles OWNER TO "v-token-django_u-w3DtxiWjV7qiMKHn3hG7-1741890674";

--
-- Name: user_profiles_friends; Type: TABLE; Schema: public; Owner: v-token-django_u-w3DtxiWjV7qiMKHn3hG7-1741890674
--

CREATE TABLE public.user_profiles_friends (
    id bigint NOT NULL,
    from_userprofile_id bigint NOT NULL,
    to_userprofile_id bigint NOT NULL
);


ALTER TABLE public.user_profiles_friends OWNER TO "v-token-django_u-w3DtxiWjV7qiMKHn3hG7-1741890674";

--
-- Name: user_profiles_friends_id_seq; Type: SEQUENCE; Schema: public; Owner: v-token-django_u-w3DtxiWjV7qiMKHn3hG7-1741890674
--

ALTER TABLE public.user_profiles_friends ALTER COLUMN id ADD GENERATED BY DEFAULT AS IDENTITY (
    SEQUENCE NAME public.user_profiles_friends_id_seq
    START WITH 1
    INCREMENT BY 1
    NO MINVALUE
    NO MAXVALUE
    CACHE 1
);


--
-- Name: user_profiles_groups; Type: TABLE; Schema: public; Owner: v-token-django_u-w3DtxiWjV7qiMKHn3hG7-1741890674
--

CREATE TABLE public.user_profiles_groups (
    id bigint NOT NULL,
    userprofile_id bigint NOT NULL,
    group_id integer NOT NULL
);


ALTER TABLE public.user_profiles_groups OWNER TO "v-token-django_u-w3DtxiWjV7qiMKHn3hG7-1741890674";

--
-- Name: user_profiles_groups_id_seq; Type: SEQUENCE; Schema: public; Owner: v-token-django_u-w3DtxiWjV7qiMKHn3hG7-1741890674
--

ALTER TABLE public.user_profiles_groups ALTER COLUMN id ADD GENERATED BY DEFAULT AS IDENTITY (
    SEQUENCE NAME public.user_profiles_groups_id_seq
    START WITH 1
    INCREMENT BY 1
    NO MINVALUE
    NO MAXVALUE
    CACHE 1
);


--
-- Name: user_profiles_id_seq; Type: SEQUENCE; Schema: public; Owner: v-token-django_u-w3DtxiWjV7qiMKHn3hG7-1741890674
--

ALTER TABLE public.user_profiles ALTER COLUMN id ADD GENERATED BY DEFAULT AS IDENTITY (
    SEQUENCE NAME public.user_profiles_id_seq
    START WITH 1
    INCREMENT BY 1
    NO MINVALUE
    NO MAXVALUE
    CACHE 1
);


--
-- Name: user_profiles_user_permissions; Type: TABLE; Schema: public; Owner: v-token-django_u-w3DtxiWjV7qiMKHn3hG7-1741890674
--

CREATE TABLE public.user_profiles_user_permissions (
    id bigint NOT NULL,
    userprofile_id bigint NOT NULL,
    permission_id integer NOT NULL
);


ALTER TABLE public.user_profiles_user_permissions OWNER TO "v-token-django_u-w3DtxiWjV7qiMKHn3hG7-1741890674";

--
-- Name: user_profiles_user_permissions_id_seq; Type: SEQUENCE; Schema: public; Owner: v-token-django_u-w3DtxiWjV7qiMKHn3hG7-1741890674
--

ALTER TABLE public.user_profiles_user_permissions ALTER COLUMN id ADD GENERATED BY DEFAULT AS IDENTITY (
    SEQUENCE NAME public.user_profiles_user_permissions_id_seq
    START WITH 1
    INCREMENT BY 1
    NO MINVALUE
    NO MAXVALUE
    CACHE 1
);


--
-- Data for Name: auth_group; Type: TABLE DATA; Schema: public; Owner: v-token-django_u-w3DtxiWjV7qiMKHn3hG7-1741890674
--

COPY public.auth_group (id, name) FROM stdin;
\.


--
-- Data for Name: auth_group_permissions; Type: TABLE DATA; Schema: public; Owner: v-token-django_u-w3DtxiWjV7qiMKHn3hG7-1741890674
--

COPY public.auth_group_permissions (id, group_id, permission_id) FROM stdin;
\.


--
-- Data for Name: auth_permission; Type: TABLE DATA; Schema: public; Owner: v-token-django_u-w3DtxiWjV7qiMKHn3hG7-1741890674
--

COPY public.auth_permission (id, name, content_type_id, codename) FROM stdin;
1	Can add log entry	1	add_logentry
2	Can change log entry	1	change_logentry
3	Can delete log entry	1	delete_logentry
4	Can view log entry	1	view_logentry
5	Can add permission	2	add_permission
6	Can change permission	2	change_permission
7	Can delete permission	2	delete_permission
8	Can view permission	2	view_permission
9	Can add group	3	add_group
10	Can change group	3	change_group
11	Can delete group	3	delete_group
12	Can view group	3	view_group
13	Can add content type	4	add_contenttype
14	Can change content type	4	change_contenttype
15	Can delete content type	4	delete_contenttype
16	Can view content type	4	view_contenttype
17	Can add session	5	add_session
18	Can change session	5	change_session
19	Can delete session	5	delete_session
20	Can view session	5	view_session
21	Can add blacklisted token	6	add_blacklistedtoken
22	Can change blacklisted token	6	change_blacklistedtoken
23	Can delete blacklisted token	6	delete_blacklistedtoken
24	Can view blacklisted token	6	view_blacklistedtoken
25	Can add outstanding token	7	add_outstandingtoken
26	Can change outstanding token	7	change_outstandingtoken
27	Can delete outstanding token	7	delete_outstandingtoken
28	Can view outstanding token	7	view_outstandingtoken
29	Can add user profile	8	add_userprofile
30	Can change user profile	8	change_userprofile
31	Can delete user profile	8	delete_userprofile
32	Can view user profile	8	view_userprofile
33	Can add score	9	add_score
34	Can change score	9	change_score
35	Can delete score	9	delete_score
36	Can view score	9	view_score
37	Can add user login attempt	10	add_userloginattempt
38	Can change user login attempt	10	change_userloginattempt
39	Can delete user login attempt	10	delete_userloginattempt
40	Can view user login attempt	10	view_userloginattempt
\.


--
-- Data for Name: django_admin_log; Type: TABLE DATA; Schema: public; Owner: v-token-django_u-w3DtxiWjV7qiMKHn3hG7-1741890674
--

COPY public.django_admin_log (id, action_time, object_id, object_repr, action_flag, change_message, content_type_id, user_id) FROM stdin;
\.


--
-- Data for Name: django_content_type; Type: TABLE DATA; Schema: public; Owner: v-token-django_u-w3DtxiWjV7qiMKHn3hG7-1741890674
--

COPY public.django_content_type (id, app_label, model) FROM stdin;
1	admin	logentry
2	auth	permission
3	auth	group
4	contenttypes	contenttype
5	sessions	session
6	token_blacklist	blacklistedtoken
7	token_blacklist	outstandingtoken
8	authentication	userprofile
9	scores	score
10	Two_factor_authentication	userloginattempt
\.


--
-- Data for Name: django_migrations; Type: TABLE DATA; Schema: public; Owner: v-token-django_u-w3DtxiWjV7qiMKHn3hG7-1741890674
--

COPY public.django_migrations (id, app, name, applied) FROM stdin;
1	Two_factor_authentication	0001_initial	2025-03-13 18:31:14.987271+00
2	contenttypes	0001_initial	2025-03-13 18:31:14.995954+00
3	contenttypes	0002_remove_content_type_name	2025-03-13 18:31:15.000191+00
4	auth	0001_initial	2025-03-13 18:31:15.03849+00
5	auth	0002_alter_permission_name_max_length	2025-03-13 18:31:15.041856+00
6	auth	0003_alter_user_email_max_length	2025-03-13 18:31:15.045275+00
7	auth	0004_alter_user_username_opts	2025-03-13 18:31:15.048755+00
8	auth	0005_alter_user_last_login_null	2025-03-13 18:31:15.052369+00
9	auth	0006_require_contenttypes_0002	2025-03-13 18:31:15.053751+00
10	auth	0007_alter_validators_add_error_messages	2025-03-13 18:31:15.057038+00
11	auth	0008_alter_user_username_max_length	2025-03-13 18:31:15.061484+00
12	auth	0009_alter_user_last_name_max_length	2025-03-13 18:31:15.065632+00
13	auth	0010_alter_group_name_max_length	2025-03-13 18:31:15.070255+00
14	auth	0011_update_proxy_permissions	2025-03-13 18:31:15.074663+00
15	auth	0012_alter_user_first_name_max_length	2025-03-13 18:31:15.079124+00
16	authentication	0001_initial	2025-03-13 18:31:15.140202+00
17	admin	0001_initial	2025-03-13 18:31:15.162634+00
18	admin	0002_logentry_remove_auto_add	2025-03-13 18:31:15.168032+00
19	admin	0003_logentry_add_action_flag_choices	2025-03-13 18:31:15.174448+00
20	scores	0001_initial	2025-03-13 18:31:15.193788+00
21	sessions	0001_initial	2025-03-13 18:31:15.206595+00
22	token_blacklist	0001_initial	2025-03-13 18:31:15.246782+00
23	token_blacklist	0002_outstandingtoken_jti_hex	2025-03-13 18:31:15.253137+00
24	token_blacklist	0003_auto_20171017_2007	2025-03-13 18:31:15.261417+00
25	token_blacklist	0004_auto_20171017_2013	2025-03-13 18:31:15.272829+00
26	token_blacklist	0005_remove_outstandingtoken_jti	2025-03-13 18:31:15.279634+00
27	token_blacklist	0006_auto_20171017_2113	2025-03-13 18:31:15.286024+00
28	token_blacklist	0007_auto_20171017_2214	2025-03-13 18:31:15.302336+00
29	token_blacklist	0008_migrate_to_bigautofield	2025-03-13 18:31:15.338507+00
30	token_blacklist	0010_fix_migrate_to_bigautofield	2025-03-13 18:31:15.34866+00
31	token_blacklist	0011_linearizes_history	2025-03-13 18:31:15.35017+00
32	token_blacklist	0012_alter_outstandingtoken_user	2025-03-13 18:31:15.356625+00
\.


--
-- Data for Name: django_session; Type: TABLE DATA; Schema: public; Owner: v-token-django_u-w3DtxiWjV7qiMKHn3hG7-1741890674
--

COPY public.django_session (session_key, session_data, expire_date) FROM stdin;
\.


--
-- Data for Name: scores_score; Type: TABLE DATA; Schema: public; Owner: v-token-django_u-w3DtxiWjV7qiMKHn3hG7-1741890674
--

COPY public.scores_score (id, opponent, user_score, opponent_score, date, game_type, tournament_name, user_id) FROM stdin;
\.


--
-- Data for Name: token_blacklist_blacklistedtoken; Type: TABLE DATA; Schema: public; Owner: v-token-django_u-w3DtxiWjV7qiMKHn3hG7-1741890674
--

COPY public.token_blacklist_blacklistedtoken (id, blacklisted_at, token_id) FROM stdin;
\.


--
-- Data for Name: token_blacklist_outstandingtoken; Type: TABLE DATA; Schema: public; Owner: v-token-django_u-w3DtxiWjV7qiMKHn3hG7-1741890674
--

COPY public.token_blacklist_outstandingtoken (id, token, created_at, expires_at, user_id, jti) FROM stdin;
1	eyJhbGciOiJIUzI1NiIsInR5cCI6IkpXVCJ9.eyJ0b2tlbl90eXBlIjoicmVmcmVzaCIsImV4cCI6MTc0MjQ5NTQ4OSwiaWF0IjoxNzQxODkwNjg5LCJqdGkiOiI4Mjc3OGI4NjA4YzY0N2I0YWM3ODE5MmQ0NDJlNTczMyIsInVzZXJfaWQiOjF9.QisJsNsYnZGUgxEjRuBIfFPuPcmi2pwiZp35IlHulpI	2025-03-13 18:31:29.944207+00	2025-03-20 18:31:29+00	1	82778b8608c647b4ac78192d442e5733
\.


--
-- Data for Name: user_login; Type: TABLE DATA; Schema: public; Owner: v-token-django_u-w3DtxiWjV7qiMKHn3hG7-1741890674
--

COPY public.user_login (id, email, attempts, last_failed_attempt, last_successful_attempt, secret_key) FROM stdin;
\.


--
-- Data for Name: user_profiles; Type: TABLE DATA; Schema: public; Owner: v-token-django_u-w3DtxiWjV7qiMKHn3hG7-1741890674
--

COPY public.user_profiles (id, last_login, username, email, first_name, last_name, password, is_staff, is_superuser, is_active, bio, avatar, date_joined, is_online) FROM stdin;
1	\N	admin	admin@admin.com			pbkdf2_sha256$870000$uTNjQ4dEsIjLqSLelgGZZj$dcR6Sibdp5qon6irLj42Hp2PoD+f7ipMQuJpFXw+P8w=	t	t	t	\N		2025-03-13 18:31:17.061015+00	t
2	\N	axel	axel.chabrerie@gmail.com			pbkdf2_sha256$870000$wYWHdrlBBT06ijypPtUt47$+LjeFoG/xH5uGTDzNj99b8TAaxnNVfrIIoPQsp94NSU=	f	f	t	\N	https://mdbcdn.b-cdn.net/img/Photos/new-templates/bootstrap-chat/ava3-bg.webp	2025-03-13 18:32:11.695152+00	t
\.


--
-- Data for Name: user_profiles_friends; Type: TABLE DATA; Schema: public; Owner: v-token-django_u-w3DtxiWjV7qiMKHn3hG7-1741890674
--

COPY public.user_profiles_friends (id, from_userprofile_id, to_userprofile_id) FROM stdin;
\.


--
-- Data for Name: user_profiles_groups; Type: TABLE DATA; Schema: public; Owner: v-token-django_u-w3DtxiWjV7qiMKHn3hG7-1741890674
--

COPY public.user_profiles_groups (id, userprofile_id, group_id) FROM stdin;
\.


--
-- Data for Name: user_profiles_user_permissions; Type: TABLE DATA; Schema: public; Owner: v-token-django_u-w3DtxiWjV7qiMKHn3hG7-1741890674
--

COPY public.user_profiles_user_permissions (id, userprofile_id, permission_id) FROM stdin;
\.


--
-- Name: auth_group_id_seq; Type: SEQUENCE SET; Schema: public; Owner: v-token-django_u-w3DtxiWjV7qiMKHn3hG7-1741890674
--

SELECT pg_catalog.setval('public.auth_group_id_seq', 1, false);


--
-- Name: auth_group_permissions_id_seq; Type: SEQUENCE SET; Schema: public; Owner: v-token-django_u-w3DtxiWjV7qiMKHn3hG7-1741890674
--

SELECT pg_catalog.setval('public.auth_group_permissions_id_seq', 1, false);


--
-- Name: auth_permission_id_seq; Type: SEQUENCE SET; Schema: public; Owner: v-token-django_u-w3DtxiWjV7qiMKHn3hG7-1741890674
--

SELECT pg_catalog.setval('public.auth_permission_id_seq', 40, true);


--
-- Name: django_admin_log_id_seq; Type: SEQUENCE SET; Schema: public; Owner: v-token-django_u-w3DtxiWjV7qiMKHn3hG7-1741890674
--

SELECT pg_catalog.setval('public.django_admin_log_id_seq', 1, false);


--
-- Name: django_content_type_id_seq; Type: SEQUENCE SET; Schema: public; Owner: v-token-django_u-w3DtxiWjV7qiMKHn3hG7-1741890674
--

SELECT pg_catalog.setval('public.django_content_type_id_seq', 10, true);


--
-- Name: django_migrations_id_seq; Type: SEQUENCE SET; Schema: public; Owner: v-token-django_u-w3DtxiWjV7qiMKHn3hG7-1741890674
--

SELECT pg_catalog.setval('public.django_migrations_id_seq', 32, true);


--
-- Name: scores_score_id_seq; Type: SEQUENCE SET; Schema: public; Owner: v-token-django_u-w3DtxiWjV7qiMKHn3hG7-1741890674
--

SELECT pg_catalog.setval('public.scores_score_id_seq', 1, false);


--
-- Name: token_blacklist_blacklistedtoken_id_seq; Type: SEQUENCE SET; Schema: public; Owner: v-token-django_u-w3DtxiWjV7qiMKHn3hG7-1741890674
--

SELECT pg_catalog.setval('public.token_blacklist_blacklistedtoken_id_seq', 1, false);


--
-- Name: token_blacklist_outstandingtoken_id_seq; Type: SEQUENCE SET; Schema: public; Owner: v-token-django_u-w3DtxiWjV7qiMKHn3hG7-1741890674
--

SELECT pg_catalog.setval('public.token_blacklist_outstandingtoken_id_seq', 2, true);


--
-- Name: user_login_id_seq; Type: SEQUENCE SET; Schema: public; Owner: v-token-django_u-w3DtxiWjV7qiMKHn3hG7-1741890674
--

SELECT pg_catalog.setval('public.user_login_id_seq', 1, false);


--
-- Name: user_profiles_friends_id_seq; Type: SEQUENCE SET; Schema: public; Owner: v-token-django_u-w3DtxiWjV7qiMKHn3hG7-1741890674
--

SELECT pg_catalog.setval('public.user_profiles_friends_id_seq', 1, false);


--
-- Name: user_profiles_groups_id_seq; Type: SEQUENCE SET; Schema: public; Owner: v-token-django_u-w3DtxiWjV7qiMKHn3hG7-1741890674
--

SELECT pg_catalog.setval('public.user_profiles_groups_id_seq', 1, false);


--
-- Name: user_profiles_id_seq; Type: SEQUENCE SET; Schema: public; Owner: v-token-django_u-w3DtxiWjV7qiMKHn3hG7-1741890674
--

SELECT pg_catalog.setval('public.user_profiles_id_seq', 2, true);


--
-- Name: user_profiles_user_permissions_id_seq; Type: SEQUENCE SET; Schema: public; Owner: v-token-django_u-w3DtxiWjV7qiMKHn3hG7-1741890674
--

SELECT pg_catalog.setval('public.user_profiles_user_permissions_id_seq', 1, false);


--
-- Name: auth_group auth_group_name_key; Type: CONSTRAINT; Schema: public; Owner: v-token-django_u-w3DtxiWjV7qiMKHn3hG7-1741890674
--

ALTER TABLE ONLY public.auth_group
    ADD CONSTRAINT auth_group_name_key UNIQUE (name);


--
-- Name: auth_group_permissions auth_group_permissions_group_id_permission_id_0cd325b0_uniq; Type: CONSTRAINT; Schema: public; Owner: v-token-django_u-w3DtxiWjV7qiMKHn3hG7-1741890674
--

ALTER TABLE ONLY public.auth_group_permissions
    ADD CONSTRAINT auth_group_permissions_group_id_permission_id_0cd325b0_uniq UNIQUE (group_id, permission_id);


--
-- Name: auth_group_permissions auth_group_permissions_pkey; Type: CONSTRAINT; Schema: public; Owner: v-token-django_u-w3DtxiWjV7qiMKHn3hG7-1741890674
--

ALTER TABLE ONLY public.auth_group_permissions
    ADD CONSTRAINT auth_group_permissions_pkey PRIMARY KEY (id);


--
-- Name: auth_group auth_group_pkey; Type: CONSTRAINT; Schema: public; Owner: v-token-django_u-w3DtxiWjV7qiMKHn3hG7-1741890674
--

ALTER TABLE ONLY public.auth_group
    ADD CONSTRAINT auth_group_pkey PRIMARY KEY (id);


--
-- Name: auth_permission auth_permission_content_type_id_codename_01ab375a_uniq; Type: CONSTRAINT; Schema: public; Owner: v-token-django_u-w3DtxiWjV7qiMKHn3hG7-1741890674
--

ALTER TABLE ONLY public.auth_permission
    ADD CONSTRAINT auth_permission_content_type_id_codename_01ab375a_uniq UNIQUE (content_type_id, codename);


--
-- Name: auth_permission auth_permission_pkey; Type: CONSTRAINT; Schema: public; Owner: v-token-django_u-w3DtxiWjV7qiMKHn3hG7-1741890674
--

ALTER TABLE ONLY public.auth_permission
    ADD CONSTRAINT auth_permission_pkey PRIMARY KEY (id);


--
-- Name: django_admin_log django_admin_log_pkey; Type: CONSTRAINT; Schema: public; Owner: v-token-django_u-w3DtxiWjV7qiMKHn3hG7-1741890674
--

ALTER TABLE ONLY public.django_admin_log
    ADD CONSTRAINT django_admin_log_pkey PRIMARY KEY (id);


--
-- Name: django_content_type django_content_type_app_label_model_76bd3d3b_uniq; Type: CONSTRAINT; Schema: public; Owner: v-token-django_u-w3DtxiWjV7qiMKHn3hG7-1741890674
--

ALTER TABLE ONLY public.django_content_type
    ADD CONSTRAINT django_content_type_app_label_model_76bd3d3b_uniq UNIQUE (app_label, model);


--
-- Name: django_content_type django_content_type_pkey; Type: CONSTRAINT; Schema: public; Owner: v-token-django_u-w3DtxiWjV7qiMKHn3hG7-1741890674
--

ALTER TABLE ONLY public.django_content_type
    ADD CONSTRAINT django_content_type_pkey PRIMARY KEY (id);


--
-- Name: django_migrations django_migrations_pkey; Type: CONSTRAINT; Schema: public; Owner: v-token-django_u-w3DtxiWjV7qiMKHn3hG7-1741890674
--

ALTER TABLE ONLY public.django_migrations
    ADD CONSTRAINT django_migrations_pkey PRIMARY KEY (id);


--
-- Name: django_session django_session_pkey; Type: CONSTRAINT; Schema: public; Owner: v-token-django_u-w3DtxiWjV7qiMKHn3hG7-1741890674
--

ALTER TABLE ONLY public.django_session
    ADD CONSTRAINT django_session_pkey PRIMARY KEY (session_key);


--
-- Name: scores_score scores_score_pkey; Type: CONSTRAINT; Schema: public; Owner: v-token-django_u-w3DtxiWjV7qiMKHn3hG7-1741890674
--

ALTER TABLE ONLY public.scores_score
    ADD CONSTRAINT scores_score_pkey PRIMARY KEY (id);


--
-- Name: token_blacklist_blacklistedtoken token_blacklist_blacklistedtoken_pkey; Type: CONSTRAINT; Schema: public; Owner: v-token-django_u-w3DtxiWjV7qiMKHn3hG7-1741890674
--

ALTER TABLE ONLY public.token_blacklist_blacklistedtoken
    ADD CONSTRAINT token_blacklist_blacklistedtoken_pkey PRIMARY KEY (id);


--
-- Name: token_blacklist_blacklistedtoken token_blacklist_blacklistedtoken_token_id_key; Type: CONSTRAINT; Schema: public; Owner: v-token-django_u-w3DtxiWjV7qiMKHn3hG7-1741890674
--

ALTER TABLE ONLY public.token_blacklist_blacklistedtoken
    ADD CONSTRAINT token_blacklist_blacklistedtoken_token_id_key UNIQUE (token_id);


--
-- Name: token_blacklist_outstandingtoken token_blacklist_outstandingtoken_jti_hex_d9bdf6f7_uniq; Type: CONSTRAINT; Schema: public; Owner: v-token-django_u-w3DtxiWjV7qiMKHn3hG7-1741890674
--

ALTER TABLE ONLY public.token_blacklist_outstandingtoken
    ADD CONSTRAINT token_blacklist_outstandingtoken_jti_hex_d9bdf6f7_uniq UNIQUE (jti);


--
-- Name: token_blacklist_outstandingtoken token_blacklist_outstandingtoken_pkey; Type: CONSTRAINT; Schema: public; Owner: v-token-django_u-w3DtxiWjV7qiMKHn3hG7-1741890674
--

ALTER TABLE ONLY public.token_blacklist_outstandingtoken
    ADD CONSTRAINT token_blacklist_outstandingtoken_pkey PRIMARY KEY (id);


--
-- Name: user_login user_login_email_key; Type: CONSTRAINT; Schema: public; Owner: v-token-django_u-w3DtxiWjV7qiMKHn3hG7-1741890674
--

ALTER TABLE ONLY public.user_login
    ADD CONSTRAINT user_login_email_key UNIQUE (email);


--
-- Name: user_login user_login_pkey; Type: CONSTRAINT; Schema: public; Owner: v-token-django_u-w3DtxiWjV7qiMKHn3hG7-1741890674
--

ALTER TABLE ONLY public.user_login
    ADD CONSTRAINT user_login_pkey PRIMARY KEY (id);


--
-- Name: user_profiles user_profiles_email_key; Type: CONSTRAINT; Schema: public; Owner: v-token-django_u-w3DtxiWjV7qiMKHn3hG7-1741890674
--

ALTER TABLE ONLY public.user_profiles
    ADD CONSTRAINT user_profiles_email_key UNIQUE (email);


--
-- Name: user_profiles_friends user_profiles_friends_from_userprofile_id_to_u_750b7c6d_uniq; Type: CONSTRAINT; Schema: public; Owner: v-token-django_u-w3DtxiWjV7qiMKHn3hG7-1741890674
--

ALTER TABLE ONLY public.user_profiles_friends
    ADD CONSTRAINT user_profiles_friends_from_userprofile_id_to_u_750b7c6d_uniq UNIQUE (from_userprofile_id, to_userprofile_id);


--
-- Name: user_profiles_friends user_profiles_friends_pkey; Type: CONSTRAINT; Schema: public; Owner: v-token-django_u-w3DtxiWjV7qiMKHn3hG7-1741890674
--

ALTER TABLE ONLY public.user_profiles_friends
    ADD CONSTRAINT user_profiles_friends_pkey PRIMARY KEY (id);


--
-- Name: user_profiles_groups user_profiles_groups_pkey; Type: CONSTRAINT; Schema: public; Owner: v-token-django_u-w3DtxiWjV7qiMKHn3hG7-1741890674
--

ALTER TABLE ONLY public.user_profiles_groups
    ADD CONSTRAINT user_profiles_groups_pkey PRIMARY KEY (id);


--
-- Name: user_profiles_groups user_profiles_groups_userprofile_id_group_id_ece671ad_uniq; Type: CONSTRAINT; Schema: public; Owner: v-token-django_u-w3DtxiWjV7qiMKHn3hG7-1741890674
--

ALTER TABLE ONLY public.user_profiles_groups
    ADD CONSTRAINT user_profiles_groups_userprofile_id_group_id_ece671ad_uniq UNIQUE (userprofile_id, group_id);


--
-- Name: user_profiles user_profiles_pkey; Type: CONSTRAINT; Schema: public; Owner: v-token-django_u-w3DtxiWjV7qiMKHn3hG7-1741890674
--

ALTER TABLE ONLY public.user_profiles
    ADD CONSTRAINT user_profiles_pkey PRIMARY KEY (id);


--
-- Name: user_profiles_user_permissions user_profiles_user_permi_userprofile_id_permissio_1be244b3_uniq; Type: CONSTRAINT; Schema: public; Owner: v-token-django_u-w3DtxiWjV7qiMKHn3hG7-1741890674
--

ALTER TABLE ONLY public.user_profiles_user_permissions
    ADD CONSTRAINT user_profiles_user_permi_userprofile_id_permissio_1be244b3_uniq UNIQUE (userprofile_id, permission_id);


--
-- Name: user_profiles_user_permissions user_profiles_user_permissions_pkey; Type: CONSTRAINT; Schema: public; Owner: v-token-django_u-w3DtxiWjV7qiMKHn3hG7-1741890674
--

ALTER TABLE ONLY public.user_profiles_user_permissions
    ADD CONSTRAINT user_profiles_user_permissions_pkey PRIMARY KEY (id);


--
-- Name: user_profiles user_profiles_username_key; Type: CONSTRAINT; Schema: public; Owner: v-token-django_u-w3DtxiWjV7qiMKHn3hG7-1741890674
--

ALTER TABLE ONLY public.user_profiles
    ADD CONSTRAINT user_profiles_username_key UNIQUE (username);


--
-- Name: auth_group_name_a6ea08ec_like; Type: INDEX; Schema: public; Owner: v-token-django_u-w3DtxiWjV7qiMKHn3hG7-1741890674
--

CREATE INDEX auth_group_name_a6ea08ec_like ON public.auth_group USING btree (name varchar_pattern_ops);


--
-- Name: auth_group_permissions_group_id_b120cbf9; Type: INDEX; Schema: public; Owner: v-token-django_u-w3DtxiWjV7qiMKHn3hG7-1741890674
--

CREATE INDEX auth_group_permissions_group_id_b120cbf9 ON public.auth_group_permissions USING btree (group_id);


--
-- Name: auth_group_permissions_permission_id_84c5c92e; Type: INDEX; Schema: public; Owner: v-token-django_u-w3DtxiWjV7qiMKHn3hG7-1741890674
--

CREATE INDEX auth_group_permissions_permission_id_84c5c92e ON public.auth_group_permissions USING btree (permission_id);


--
-- Name: auth_permission_content_type_id_2f476e4b; Type: INDEX; Schema: public; Owner: v-token-django_u-w3DtxiWjV7qiMKHn3hG7-1741890674
--

CREATE INDEX auth_permission_content_type_id_2f476e4b ON public.auth_permission USING btree (content_type_id);


--
-- Name: django_admin_log_content_type_id_c4bce8eb; Type: INDEX; Schema: public; Owner: v-token-django_u-w3DtxiWjV7qiMKHn3hG7-1741890674
--

CREATE INDEX django_admin_log_content_type_id_c4bce8eb ON public.django_admin_log USING btree (content_type_id);


--
-- Name: django_admin_log_user_id_c564eba6; Type: INDEX; Schema: public; Owner: v-token-django_u-w3DtxiWjV7qiMKHn3hG7-1741890674
--

CREATE INDEX django_admin_log_user_id_c564eba6 ON public.django_admin_log USING btree (user_id);


--
-- Name: django_session_expire_date_a5c62663; Type: INDEX; Schema: public; Owner: v-token-django_u-w3DtxiWjV7qiMKHn3hG7-1741890674
--

CREATE INDEX django_session_expire_date_a5c62663 ON public.django_session USING btree (expire_date);


--
-- Name: django_session_session_key_c0390e0f_like; Type: INDEX; Schema: public; Owner: v-token-django_u-w3DtxiWjV7qiMKHn3hG7-1741890674
--

CREATE INDEX django_session_session_key_c0390e0f_like ON public.django_session USING btree (session_key varchar_pattern_ops);


--
-- Name: scores_score_user_id_efcc7268; Type: INDEX; Schema: public; Owner: v-token-django_u-w3DtxiWjV7qiMKHn3hG7-1741890674
--

CREATE INDEX scores_score_user_id_efcc7268 ON public.scores_score USING btree (user_id);


--
-- Name: token_blacklist_outstandingtoken_jti_hex_d9bdf6f7_like; Type: INDEX; Schema: public; Owner: v-token-django_u-w3DtxiWjV7qiMKHn3hG7-1741890674
--

CREATE INDEX token_blacklist_outstandingtoken_jti_hex_d9bdf6f7_like ON public.token_blacklist_outstandingtoken USING btree (jti varchar_pattern_ops);


--
-- Name: token_blacklist_outstandingtoken_user_id_83bc629a; Type: INDEX; Schema: public; Owner: v-token-django_u-w3DtxiWjV7qiMKHn3hG7-1741890674
--

CREATE INDEX token_blacklist_outstandingtoken_user_id_83bc629a ON public.token_blacklist_outstandingtoken USING btree (user_id);


--
-- Name: user_login_email_ed07d861_like; Type: INDEX; Schema: public; Owner: v-token-django_u-w3DtxiWjV7qiMKHn3hG7-1741890674
--

CREATE INDEX user_login_email_ed07d861_like ON public.user_login USING btree (email varchar_pattern_ops);


--
-- Name: user_profiles_email_4fd97605_like; Type: INDEX; Schema: public; Owner: v-token-django_u-w3DtxiWjV7qiMKHn3hG7-1741890674
--

CREATE INDEX user_profiles_email_4fd97605_like ON public.user_profiles USING btree (email varchar_pattern_ops);


--
-- Name: user_profiles_friends_from_userprofile_id_d041e6a2; Type: INDEX; Schema: public; Owner: v-token-django_u-w3DtxiWjV7qiMKHn3hG7-1741890674
--

CREATE INDEX user_profiles_friends_from_userprofile_id_d041e6a2 ON public.user_profiles_friends USING btree (from_userprofile_id);


--
-- Name: user_profiles_friends_to_userprofile_id_f5fe0bbc; Type: INDEX; Schema: public; Owner: v-token-django_u-w3DtxiWjV7qiMKHn3hG7-1741890674
--

CREATE INDEX user_profiles_friends_to_userprofile_id_f5fe0bbc ON public.user_profiles_friends USING btree (to_userprofile_id);


--
-- Name: user_profiles_groups_group_id_afb464fe; Type: INDEX; Schema: public; Owner: v-token-django_u-w3DtxiWjV7qiMKHn3hG7-1741890674
--

CREATE INDEX user_profiles_groups_group_id_afb464fe ON public.user_profiles_groups USING btree (group_id);


--
-- Name: user_profiles_groups_userprofile_id_0b2da12a; Type: INDEX; Schema: public; Owner: v-token-django_u-w3DtxiWjV7qiMKHn3hG7-1741890674
--

CREATE INDEX user_profiles_groups_userprofile_id_0b2da12a ON public.user_profiles_groups USING btree (userprofile_id);


--
-- Name: user_profiles_user_permissions_permission_id_9b866494; Type: INDEX; Schema: public; Owner: v-token-django_u-w3DtxiWjV7qiMKHn3hG7-1741890674
--

CREATE INDEX user_profiles_user_permissions_permission_id_9b866494 ON public.user_profiles_user_permissions USING btree (permission_id);


--
-- Name: user_profiles_user_permissions_userprofile_id_d73c7ed0; Type: INDEX; Schema: public; Owner: v-token-django_u-w3DtxiWjV7qiMKHn3hG7-1741890674
--

CREATE INDEX user_profiles_user_permissions_userprofile_id_d73c7ed0 ON public.user_profiles_user_permissions USING btree (userprofile_id);


--
-- Name: user_profiles_username_356fa919_like; Type: INDEX; Schema: public; Owner: v-token-django_u-w3DtxiWjV7qiMKHn3hG7-1741890674
--

CREATE INDEX user_profiles_username_356fa919_like ON public.user_profiles USING btree (username varchar_pattern_ops);


--
-- Name: auth_group_permissions auth_group_permissio_permission_id_84c5c92e_fk_auth_perm; Type: FK CONSTRAINT; Schema: public; Owner: v-token-django_u-w3DtxiWjV7qiMKHn3hG7-1741890674
--

ALTER TABLE ONLY public.auth_group_permissions
    ADD CONSTRAINT auth_group_permissio_permission_id_84c5c92e_fk_auth_perm FOREIGN KEY (permission_id) REFERENCES public.auth_permission(id) DEFERRABLE INITIALLY DEFERRED;


--
-- Name: auth_group_permissions auth_group_permissions_group_id_b120cbf9_fk_auth_group_id; Type: FK CONSTRAINT; Schema: public; Owner: v-token-django_u-w3DtxiWjV7qiMKHn3hG7-1741890674
--

ALTER TABLE ONLY public.auth_group_permissions
    ADD CONSTRAINT auth_group_permissions_group_id_b120cbf9_fk_auth_group_id FOREIGN KEY (group_id) REFERENCES public.auth_group(id) DEFERRABLE INITIALLY DEFERRED;


--
-- Name: auth_permission auth_permission_content_type_id_2f476e4b_fk_django_co; Type: FK CONSTRAINT; Schema: public; Owner: v-token-django_u-w3DtxiWjV7qiMKHn3hG7-1741890674
--

ALTER TABLE ONLY public.auth_permission
    ADD CONSTRAINT auth_permission_content_type_id_2f476e4b_fk_django_co FOREIGN KEY (content_type_id) REFERENCES public.django_content_type(id) DEFERRABLE INITIALLY DEFERRED;


--
-- Name: django_admin_log django_admin_log_content_type_id_c4bce8eb_fk_django_co; Type: FK CONSTRAINT; Schema: public; Owner: v-token-django_u-w3DtxiWjV7qiMKHn3hG7-1741890674
--

ALTER TABLE ONLY public.django_admin_log
    ADD CONSTRAINT django_admin_log_content_type_id_c4bce8eb_fk_django_co FOREIGN KEY (content_type_id) REFERENCES public.django_content_type(id) DEFERRABLE INITIALLY DEFERRED;


--
-- Name: django_admin_log django_admin_log_user_id_c564eba6_fk_user_profiles_id; Type: FK CONSTRAINT; Schema: public; Owner: v-token-django_u-w3DtxiWjV7qiMKHn3hG7-1741890674
--

ALTER TABLE ONLY public.django_admin_log
    ADD CONSTRAINT django_admin_log_user_id_c564eba6_fk_user_profiles_id FOREIGN KEY (user_id) REFERENCES public.user_profiles(id) DEFERRABLE INITIALLY DEFERRED;


--
-- Name: scores_score scores_score_user_id_efcc7268_fk_user_profiles_id; Type: FK CONSTRAINT; Schema: public; Owner: v-token-django_u-w3DtxiWjV7qiMKHn3hG7-1741890674
--

ALTER TABLE ONLY public.scores_score
    ADD CONSTRAINT scores_score_user_id_efcc7268_fk_user_profiles_id FOREIGN KEY (user_id) REFERENCES public.user_profiles(id) DEFERRABLE INITIALLY DEFERRED;


--
-- Name: token_blacklist_blacklistedtoken token_blacklist_blacklistedtoken_token_id_3cc7fe56_fk; Type: FK CONSTRAINT; Schema: public; Owner: v-token-django_u-w3DtxiWjV7qiMKHn3hG7-1741890674
--

ALTER TABLE ONLY public.token_blacklist_blacklistedtoken
    ADD CONSTRAINT token_blacklist_blacklistedtoken_token_id_3cc7fe56_fk FOREIGN KEY (token_id) REFERENCES public.token_blacklist_outstandingtoken(id) DEFERRABLE INITIALLY DEFERRED;


--
-- Name: token_blacklist_outstandingtoken token_blacklist_outs_user_id_83bc629a_fk_user_prof; Type: FK CONSTRAINT; Schema: public; Owner: v-token-django_u-w3DtxiWjV7qiMKHn3hG7-1741890674
--

ALTER TABLE ONLY public.token_blacklist_outstandingtoken
    ADD CONSTRAINT token_blacklist_outs_user_id_83bc629a_fk_user_prof FOREIGN KEY (user_id) REFERENCES public.user_profiles(id) DEFERRABLE INITIALLY DEFERRED;


--
-- Name: user_profiles_friends user_profiles_friend_from_userprofile_id_d041e6a2_fk_user_prof; Type: FK CONSTRAINT; Schema: public; Owner: v-token-django_u-w3DtxiWjV7qiMKHn3hG7-1741890674
--

ALTER TABLE ONLY public.user_profiles_friends
    ADD CONSTRAINT user_profiles_friend_from_userprofile_id_d041e6a2_fk_user_prof FOREIGN KEY (from_userprofile_id) REFERENCES public.user_profiles(id) DEFERRABLE INITIALLY DEFERRED;


--
-- Name: user_profiles_friends user_profiles_friend_to_userprofile_id_f5fe0bbc_fk_user_prof; Type: FK CONSTRAINT; Schema: public; Owner: v-token-django_u-w3DtxiWjV7qiMKHn3hG7-1741890674
--

ALTER TABLE ONLY public.user_profiles_friends
    ADD CONSTRAINT user_profiles_friend_to_userprofile_id_f5fe0bbc_fk_user_prof FOREIGN KEY (to_userprofile_id) REFERENCES public.user_profiles(id) DEFERRABLE INITIALLY DEFERRED;


--
-- Name: user_profiles_groups user_profiles_groups_group_id_afb464fe_fk_auth_group_id; Type: FK CONSTRAINT; Schema: public; Owner: v-token-django_u-w3DtxiWjV7qiMKHn3hG7-1741890674
--

ALTER TABLE ONLY public.user_profiles_groups
    ADD CONSTRAINT user_profiles_groups_group_id_afb464fe_fk_auth_group_id FOREIGN KEY (group_id) REFERENCES public.auth_group(id) DEFERRABLE INITIALLY DEFERRED;


--
-- Name: user_profiles_groups user_profiles_groups_userprofile_id_0b2da12a_fk_user_prof; Type: FK CONSTRAINT; Schema: public; Owner: v-token-django_u-w3DtxiWjV7qiMKHn3hG7-1741890674
--

ALTER TABLE ONLY public.user_profiles_groups
    ADD CONSTRAINT user_profiles_groups_userprofile_id_0b2da12a_fk_user_prof FOREIGN KEY (userprofile_id) REFERENCES public.user_profiles(id) DEFERRABLE INITIALLY DEFERRED;


--
-- Name: user_profiles_user_permissions user_profiles_user_p_permission_id_9b866494_fk_auth_perm; Type: FK CONSTRAINT; Schema: public; Owner: v-token-django_u-w3DtxiWjV7qiMKHn3hG7-1741890674
--

ALTER TABLE ONLY public.user_profiles_user_permissions
    ADD CONSTRAINT user_profiles_user_p_permission_id_9b866494_fk_auth_perm FOREIGN KEY (permission_id) REFERENCES public.auth_permission(id) DEFERRABLE INITIALLY DEFERRED;


--
-- Name: user_profiles_user_permissions user_profiles_user_p_userprofile_id_d73c7ed0_fk_user_prof; Type: FK CONSTRAINT; Schema: public; Owner: v-token-django_u-w3DtxiWjV7qiMKHn3hG7-1741890674
--

ALTER TABLE ONLY public.user_profiles_user_permissions
    ADD CONSTRAINT user_profiles_user_p_userprofile_id_d73c7ed0_fk_user_prof FOREIGN KEY (userprofile_id) REFERENCES public.user_profiles(id) DEFERRABLE INITIALLY DEFERRED;


--
-- Name: TABLE auth_group; Type: ACL; Schema: public; Owner: v-token-django_u-w3DtxiWjV7qiMKHn3hG7-1741890674
--

REVOKE ALL ON TABLE public.auth_group FROM "v-token-django_u-w3DtxiWjV7qiMKHn3hG7-1741890674";
GRANT SELECT,INSERT,DELETE,UPDATE ON TABLE public.auth_group TO "v-token-django_u-NPxPSwPwb3b9BlVb0Tuh-1741890919";
GRANT SELECT,INSERT,DELETE,UPDATE ON TABLE public.auth_group TO "v-token-django_u-GBiwRJHL8Noio8n2kL0i-1741890920";
GRANT SELECT,INSERT,DELETE,UPDATE ON TABLE public.auth_group TO "v-token-django_u-o184yLaE9u0z7ESsBMmg-1741890939";
GRANT SELECT,INSERT,DELETE,UPDATE ON TABLE public.auth_group TO "v-token-django_u-h2WHcdBXleJd0vf6fTyo-1741890939";


--
-- Name: SEQUENCE auth_group_id_seq; Type: ACL; Schema: public; Owner: v-token-django_u-w3DtxiWjV7qiMKHn3hG7-1741890674
--

REVOKE ALL ON SEQUENCE public.auth_group_id_seq FROM "v-token-django_u-w3DtxiWjV7qiMKHn3hG7-1741890674";
GRANT SELECT,USAGE ON SEQUENCE public.auth_group_id_seq TO "v-token-django_u-NPxPSwPwb3b9BlVb0Tuh-1741890919";
GRANT SELECT,USAGE ON SEQUENCE public.auth_group_id_seq TO "v-token-django_u-GBiwRJHL8Noio8n2kL0i-1741890920";
GRANT SELECT,USAGE ON SEQUENCE public.auth_group_id_seq TO "v-token-django_u-o184yLaE9u0z7ESsBMmg-1741890939";
GRANT SELECT,USAGE ON SEQUENCE public.auth_group_id_seq TO "v-token-django_u-h2WHcdBXleJd0vf6fTyo-1741890939";


--
-- Name: TABLE auth_group_permissions; Type: ACL; Schema: public; Owner: v-token-django_u-w3DtxiWjV7qiMKHn3hG7-1741890674
--

REVOKE ALL ON TABLE public.auth_group_permissions FROM "v-token-django_u-w3DtxiWjV7qiMKHn3hG7-1741890674";
GRANT SELECT,INSERT,DELETE,UPDATE ON TABLE public.auth_group_permissions TO "v-token-django_u-NPxPSwPwb3b9BlVb0Tuh-1741890919";
GRANT SELECT,INSERT,DELETE,UPDATE ON TABLE public.auth_group_permissions TO "v-token-django_u-GBiwRJHL8Noio8n2kL0i-1741890920";
GRANT SELECT,INSERT,DELETE,UPDATE ON TABLE public.auth_group_permissions TO "v-token-django_u-o184yLaE9u0z7ESsBMmg-1741890939";
GRANT SELECT,INSERT,DELETE,UPDATE ON TABLE public.auth_group_permissions TO "v-token-django_u-h2WHcdBXleJd0vf6fTyo-1741890939";


--
-- Name: SEQUENCE auth_group_permissions_id_seq; Type: ACL; Schema: public; Owner: v-token-django_u-w3DtxiWjV7qiMKHn3hG7-1741890674
--

REVOKE ALL ON SEQUENCE public.auth_group_permissions_id_seq FROM "v-token-django_u-w3DtxiWjV7qiMKHn3hG7-1741890674";
GRANT SELECT,USAGE ON SEQUENCE public.auth_group_permissions_id_seq TO "v-token-django_u-NPxPSwPwb3b9BlVb0Tuh-1741890919";
GRANT SELECT,USAGE ON SEQUENCE public.auth_group_permissions_id_seq TO "v-token-django_u-GBiwRJHL8Noio8n2kL0i-1741890920";
GRANT SELECT,USAGE ON SEQUENCE public.auth_group_permissions_id_seq TO "v-token-django_u-o184yLaE9u0z7ESsBMmg-1741890939";
GRANT SELECT,USAGE ON SEQUENCE public.auth_group_permissions_id_seq TO "v-token-django_u-h2WHcdBXleJd0vf6fTyo-1741890939";


--
-- Name: TABLE auth_permission; Type: ACL; Schema: public; Owner: v-token-django_u-w3DtxiWjV7qiMKHn3hG7-1741890674
--

REVOKE ALL ON TABLE public.auth_permission FROM "v-token-django_u-w3DtxiWjV7qiMKHn3hG7-1741890674";
GRANT SELECT,INSERT,DELETE,UPDATE ON TABLE public.auth_permission TO "v-token-django_u-NPxPSwPwb3b9BlVb0Tuh-1741890919";
GRANT SELECT,INSERT,DELETE,UPDATE ON TABLE public.auth_permission TO "v-token-django_u-GBiwRJHL8Noio8n2kL0i-1741890920";
GRANT SELECT,INSERT,DELETE,UPDATE ON TABLE public.auth_permission TO "v-token-django_u-o184yLaE9u0z7ESsBMmg-1741890939";
GRANT SELECT,INSERT,DELETE,UPDATE ON TABLE public.auth_permission TO "v-token-django_u-h2WHcdBXleJd0vf6fTyo-1741890939";


--
-- Name: SEQUENCE auth_permission_id_seq; Type: ACL; Schema: public; Owner: v-token-django_u-w3DtxiWjV7qiMKHn3hG7-1741890674
--

REVOKE ALL ON SEQUENCE public.auth_permission_id_seq FROM "v-token-django_u-w3DtxiWjV7qiMKHn3hG7-1741890674";
GRANT SELECT,USAGE ON SEQUENCE public.auth_permission_id_seq TO "v-token-django_u-NPxPSwPwb3b9BlVb0Tuh-1741890919";
GRANT SELECT,USAGE ON SEQUENCE public.auth_permission_id_seq TO "v-token-django_u-GBiwRJHL8Noio8n2kL0i-1741890920";
GRANT SELECT,USAGE ON SEQUENCE public.auth_permission_id_seq TO "v-token-django_u-o184yLaE9u0z7ESsBMmg-1741890939";
GRANT SELECT,USAGE ON SEQUENCE public.auth_permission_id_seq TO "v-token-django_u-h2WHcdBXleJd0vf6fTyo-1741890939";


--
-- Name: TABLE django_admin_log; Type: ACL; Schema: public; Owner: v-token-django_u-w3DtxiWjV7qiMKHn3hG7-1741890674
--

REVOKE ALL ON TABLE public.django_admin_log FROM "v-token-django_u-w3DtxiWjV7qiMKHn3hG7-1741890674";
GRANT SELECT,INSERT,DELETE,UPDATE ON TABLE public.django_admin_log TO "v-token-django_u-NPxPSwPwb3b9BlVb0Tuh-1741890919";
GRANT SELECT,INSERT,DELETE,UPDATE ON TABLE public.django_admin_log TO "v-token-django_u-GBiwRJHL8Noio8n2kL0i-1741890920";
GRANT SELECT,INSERT,DELETE,UPDATE ON TABLE public.django_admin_log TO "v-token-django_u-o184yLaE9u0z7ESsBMmg-1741890939";
GRANT SELECT,INSERT,DELETE,UPDATE ON TABLE public.django_admin_log TO "v-token-django_u-h2WHcdBXleJd0vf6fTyo-1741890939";


--
-- Name: SEQUENCE django_admin_log_id_seq; Type: ACL; Schema: public; Owner: v-token-django_u-w3DtxiWjV7qiMKHn3hG7-1741890674
--

REVOKE ALL ON SEQUENCE public.django_admin_log_id_seq FROM "v-token-django_u-w3DtxiWjV7qiMKHn3hG7-1741890674";
GRANT SELECT,USAGE ON SEQUENCE public.django_admin_log_id_seq TO "v-token-django_u-NPxPSwPwb3b9BlVb0Tuh-1741890919";
GRANT SELECT,USAGE ON SEQUENCE public.django_admin_log_id_seq TO "v-token-django_u-GBiwRJHL8Noio8n2kL0i-1741890920";
GRANT SELECT,USAGE ON SEQUENCE public.django_admin_log_id_seq TO "v-token-django_u-o184yLaE9u0z7ESsBMmg-1741890939";
GRANT SELECT,USAGE ON SEQUENCE public.django_admin_log_id_seq TO "v-token-django_u-h2WHcdBXleJd0vf6fTyo-1741890939";


--
-- Name: TABLE django_content_type; Type: ACL; Schema: public; Owner: v-token-django_u-w3DtxiWjV7qiMKHn3hG7-1741890674
--

REVOKE ALL ON TABLE public.django_content_type FROM "v-token-django_u-w3DtxiWjV7qiMKHn3hG7-1741890674";
GRANT SELECT,INSERT,DELETE,UPDATE ON TABLE public.django_content_type TO "v-token-django_u-NPxPSwPwb3b9BlVb0Tuh-1741890919";
GRANT SELECT,INSERT,DELETE,UPDATE ON TABLE public.django_content_type TO "v-token-django_u-GBiwRJHL8Noio8n2kL0i-1741890920";
GRANT SELECT,INSERT,DELETE,UPDATE ON TABLE public.django_content_type TO "v-token-django_u-o184yLaE9u0z7ESsBMmg-1741890939";
GRANT SELECT,INSERT,DELETE,UPDATE ON TABLE public.django_content_type TO "v-token-django_u-h2WHcdBXleJd0vf6fTyo-1741890939";


--
-- Name: SEQUENCE django_content_type_id_seq; Type: ACL; Schema: public; Owner: v-token-django_u-w3DtxiWjV7qiMKHn3hG7-1741890674
--

REVOKE ALL ON SEQUENCE public.django_content_type_id_seq FROM "v-token-django_u-w3DtxiWjV7qiMKHn3hG7-1741890674";
GRANT SELECT,USAGE ON SEQUENCE public.django_content_type_id_seq TO "v-token-django_u-NPxPSwPwb3b9BlVb0Tuh-1741890919";
GRANT SELECT,USAGE ON SEQUENCE public.django_content_type_id_seq TO "v-token-django_u-GBiwRJHL8Noio8n2kL0i-1741890920";
GRANT SELECT,USAGE ON SEQUENCE public.django_content_type_id_seq TO "v-token-django_u-o184yLaE9u0z7ESsBMmg-1741890939";
GRANT SELECT,USAGE ON SEQUENCE public.django_content_type_id_seq TO "v-token-django_u-h2WHcdBXleJd0vf6fTyo-1741890939";


--
-- Name: TABLE django_migrations; Type: ACL; Schema: public; Owner: v-token-django_u-w3DtxiWjV7qiMKHn3hG7-1741890674
--

REVOKE ALL ON TABLE public.django_migrations FROM "v-token-django_u-w3DtxiWjV7qiMKHn3hG7-1741890674";
GRANT SELECT,INSERT,DELETE,UPDATE ON TABLE public.django_migrations TO "v-token-django_u-NPxPSwPwb3b9BlVb0Tuh-1741890919";
GRANT SELECT,INSERT,DELETE,UPDATE ON TABLE public.django_migrations TO "v-token-django_u-GBiwRJHL8Noio8n2kL0i-1741890920";
GRANT SELECT,INSERT,DELETE,UPDATE ON TABLE public.django_migrations TO "v-token-django_u-o184yLaE9u0z7ESsBMmg-1741890939";
GRANT SELECT,INSERT,DELETE,UPDATE ON TABLE public.django_migrations TO "v-token-django_u-h2WHcdBXleJd0vf6fTyo-1741890939";


--
-- Name: SEQUENCE django_migrations_id_seq; Type: ACL; Schema: public; Owner: v-token-django_u-w3DtxiWjV7qiMKHn3hG7-1741890674
--

REVOKE ALL ON SEQUENCE public.django_migrations_id_seq FROM "v-token-django_u-w3DtxiWjV7qiMKHn3hG7-1741890674";
GRANT SELECT,USAGE ON SEQUENCE public.django_migrations_id_seq TO "v-token-django_u-NPxPSwPwb3b9BlVb0Tuh-1741890919";
GRANT SELECT,USAGE ON SEQUENCE public.django_migrations_id_seq TO "v-token-django_u-GBiwRJHL8Noio8n2kL0i-1741890920";
GRANT SELECT,USAGE ON SEQUENCE public.django_migrations_id_seq TO "v-token-django_u-o184yLaE9u0z7ESsBMmg-1741890939";
GRANT SELECT,USAGE ON SEQUENCE public.django_migrations_id_seq TO "v-token-django_u-h2WHcdBXleJd0vf6fTyo-1741890939";


--
-- Name: TABLE django_session; Type: ACL; Schema: public; Owner: v-token-django_u-w3DtxiWjV7qiMKHn3hG7-1741890674
--

REVOKE ALL ON TABLE public.django_session FROM "v-token-django_u-w3DtxiWjV7qiMKHn3hG7-1741890674";
GRANT SELECT,INSERT,DELETE,UPDATE ON TABLE public.django_session TO "v-token-django_u-NPxPSwPwb3b9BlVb0Tuh-1741890919";
GRANT SELECT,INSERT,DELETE,UPDATE ON TABLE public.django_session TO "v-token-django_u-GBiwRJHL8Noio8n2kL0i-1741890920";
GRANT SELECT,INSERT,DELETE,UPDATE ON TABLE public.django_session TO "v-token-django_u-o184yLaE9u0z7ESsBMmg-1741890939";
GRANT SELECT,INSERT,DELETE,UPDATE ON TABLE public.django_session TO "v-token-django_u-h2WHcdBXleJd0vf6fTyo-1741890939";


--
-- Name: TABLE scores_score; Type: ACL; Schema: public; Owner: v-token-django_u-w3DtxiWjV7qiMKHn3hG7-1741890674
--

REVOKE ALL ON TABLE public.scores_score FROM "v-token-django_u-w3DtxiWjV7qiMKHn3hG7-1741890674";
GRANT SELECT,INSERT,DELETE,UPDATE ON TABLE public.scores_score TO "v-token-django_u-NPxPSwPwb3b9BlVb0Tuh-1741890919";
GRANT SELECT,INSERT,DELETE,UPDATE ON TABLE public.scores_score TO "v-token-django_u-GBiwRJHL8Noio8n2kL0i-1741890920";
GRANT SELECT,INSERT,DELETE,UPDATE ON TABLE public.scores_score TO "v-token-django_u-o184yLaE9u0z7ESsBMmg-1741890939";
GRANT SELECT,INSERT,DELETE,UPDATE ON TABLE public.scores_score TO "v-token-django_u-h2WHcdBXleJd0vf6fTyo-1741890939";


--
-- Name: SEQUENCE scores_score_id_seq; Type: ACL; Schema: public; Owner: v-token-django_u-w3DtxiWjV7qiMKHn3hG7-1741890674
--

REVOKE ALL ON SEQUENCE public.scores_score_id_seq FROM "v-token-django_u-w3DtxiWjV7qiMKHn3hG7-1741890674";
GRANT SELECT,USAGE ON SEQUENCE public.scores_score_id_seq TO "v-token-django_u-NPxPSwPwb3b9BlVb0Tuh-1741890919";
GRANT SELECT,USAGE ON SEQUENCE public.scores_score_id_seq TO "v-token-django_u-GBiwRJHL8Noio8n2kL0i-1741890920";
GRANT SELECT,USAGE ON SEQUENCE public.scores_score_id_seq TO "v-token-django_u-o184yLaE9u0z7ESsBMmg-1741890939";
GRANT SELECT,USAGE ON SEQUENCE public.scores_score_id_seq TO "v-token-django_u-h2WHcdBXleJd0vf6fTyo-1741890939";


--
-- Name: TABLE token_blacklist_blacklistedtoken; Type: ACL; Schema: public; Owner: v-token-django_u-w3DtxiWjV7qiMKHn3hG7-1741890674
--

REVOKE ALL ON TABLE public.token_blacklist_blacklistedtoken FROM "v-token-django_u-w3DtxiWjV7qiMKHn3hG7-1741890674";
GRANT SELECT,INSERT,DELETE,UPDATE ON TABLE public.token_blacklist_blacklistedtoken TO "v-token-django_u-NPxPSwPwb3b9BlVb0Tuh-1741890919";
GRANT SELECT,INSERT,DELETE,UPDATE ON TABLE public.token_blacklist_blacklistedtoken TO "v-token-django_u-GBiwRJHL8Noio8n2kL0i-1741890920";
GRANT SELECT,INSERT,DELETE,UPDATE ON TABLE public.token_blacklist_blacklistedtoken TO "v-token-django_u-o184yLaE9u0z7ESsBMmg-1741890939";
GRANT SELECT,INSERT,DELETE,UPDATE ON TABLE public.token_blacklist_blacklistedtoken TO "v-token-django_u-h2WHcdBXleJd0vf6fTyo-1741890939";


--
-- Name: SEQUENCE token_blacklist_blacklistedtoken_id_seq; Type: ACL; Schema: public; Owner: v-token-django_u-w3DtxiWjV7qiMKHn3hG7-1741890674
--

REVOKE ALL ON SEQUENCE public.token_blacklist_blacklistedtoken_id_seq FROM "v-token-django_u-w3DtxiWjV7qiMKHn3hG7-1741890674";
GRANT SELECT,USAGE ON SEQUENCE public.token_blacklist_blacklistedtoken_id_seq TO "v-token-django_u-NPxPSwPwb3b9BlVb0Tuh-1741890919";
GRANT SELECT,USAGE ON SEQUENCE public.token_blacklist_blacklistedtoken_id_seq TO "v-token-django_u-GBiwRJHL8Noio8n2kL0i-1741890920";
GRANT SELECT,USAGE ON SEQUENCE public.token_blacklist_blacklistedtoken_id_seq TO "v-token-django_u-o184yLaE9u0z7ESsBMmg-1741890939";
GRANT SELECT,USAGE ON SEQUENCE public.token_blacklist_blacklistedtoken_id_seq TO "v-token-django_u-h2WHcdBXleJd0vf6fTyo-1741890939";


--
-- Name: TABLE token_blacklist_outstandingtoken; Type: ACL; Schema: public; Owner: v-token-django_u-w3DtxiWjV7qiMKHn3hG7-1741890674
--

REVOKE ALL ON TABLE public.token_blacklist_outstandingtoken FROM "v-token-django_u-w3DtxiWjV7qiMKHn3hG7-1741890674";
GRANT SELECT,INSERT,DELETE,UPDATE ON TABLE public.token_blacklist_outstandingtoken TO "v-token-django_u-NPxPSwPwb3b9BlVb0Tuh-1741890919";
GRANT SELECT,INSERT,DELETE,UPDATE ON TABLE public.token_blacklist_outstandingtoken TO "v-token-django_u-GBiwRJHL8Noio8n2kL0i-1741890920";
GRANT SELECT,INSERT,DELETE,UPDATE ON TABLE public.token_blacklist_outstandingtoken TO "v-token-django_u-o184yLaE9u0z7ESsBMmg-1741890939";
GRANT SELECT,INSERT,DELETE,UPDATE ON TABLE public.token_blacklist_outstandingtoken TO "v-token-django_u-h2WHcdBXleJd0vf6fTyo-1741890939";


--
-- Name: SEQUENCE token_blacklist_outstandingtoken_id_seq; Type: ACL; Schema: public; Owner: v-token-django_u-w3DtxiWjV7qiMKHn3hG7-1741890674
--

REVOKE ALL ON SEQUENCE public.token_blacklist_outstandingtoken_id_seq FROM "v-token-django_u-w3DtxiWjV7qiMKHn3hG7-1741890674";
GRANT SELECT,USAGE ON SEQUENCE public.token_blacklist_outstandingtoken_id_seq TO "v-token-django_u-NPxPSwPwb3b9BlVb0Tuh-1741890919";
GRANT SELECT,USAGE ON SEQUENCE public.token_blacklist_outstandingtoken_id_seq TO "v-token-django_u-GBiwRJHL8Noio8n2kL0i-1741890920";
GRANT SELECT,USAGE ON SEQUENCE public.token_blacklist_outstandingtoken_id_seq TO "v-token-django_u-o184yLaE9u0z7ESsBMmg-1741890939";
GRANT SELECT,USAGE ON SEQUENCE public.token_blacklist_outstandingtoken_id_seq TO "v-token-django_u-h2WHcdBXleJd0vf6fTyo-1741890939";


--
-- Name: TABLE user_login; Type: ACL; Schema: public; Owner: v-token-django_u-w3DtxiWjV7qiMKHn3hG7-1741890674
--

REVOKE ALL ON TABLE public.user_login FROM "v-token-django_u-w3DtxiWjV7qiMKHn3hG7-1741890674";
GRANT SELECT,INSERT,DELETE,UPDATE ON TABLE public.user_login TO "v-token-django_u-NPxPSwPwb3b9BlVb0Tuh-1741890919";
GRANT SELECT,INSERT,DELETE,UPDATE ON TABLE public.user_login TO "v-token-django_u-GBiwRJHL8Noio8n2kL0i-1741890920";
GRANT SELECT,INSERT,DELETE,UPDATE ON TABLE public.user_login TO "v-token-django_u-o184yLaE9u0z7ESsBMmg-1741890939";
GRANT SELECT,INSERT,DELETE,UPDATE ON TABLE public.user_login TO "v-token-django_u-h2WHcdBXleJd0vf6fTyo-1741890939";


--
-- Name: SEQUENCE user_login_id_seq; Type: ACL; Schema: public; Owner: v-token-django_u-w3DtxiWjV7qiMKHn3hG7-1741890674
--

REVOKE ALL ON SEQUENCE public.user_login_id_seq FROM "v-token-django_u-w3DtxiWjV7qiMKHn3hG7-1741890674";
GRANT SELECT,USAGE ON SEQUENCE public.user_login_id_seq TO "v-token-django_u-NPxPSwPwb3b9BlVb0Tuh-1741890919";
GRANT SELECT,USAGE ON SEQUENCE public.user_login_id_seq TO "v-token-django_u-GBiwRJHL8Noio8n2kL0i-1741890920";
GRANT SELECT,USAGE ON SEQUENCE public.user_login_id_seq TO "v-token-django_u-o184yLaE9u0z7ESsBMmg-1741890939";
GRANT SELECT,USAGE ON SEQUENCE public.user_login_id_seq TO "v-token-django_u-h2WHcdBXleJd0vf6fTyo-1741890939";


--
-- Name: TABLE user_profiles; Type: ACL; Schema: public; Owner: v-token-django_u-w3DtxiWjV7qiMKHn3hG7-1741890674
--

REVOKE ALL ON TABLE public.user_profiles FROM "v-token-django_u-w3DtxiWjV7qiMKHn3hG7-1741890674";
GRANT SELECT,INSERT,DELETE,UPDATE ON TABLE public.user_profiles TO "v-token-django_u-NPxPSwPwb3b9BlVb0Tuh-1741890919";
GRANT SELECT,INSERT,DELETE,UPDATE ON TABLE public.user_profiles TO "v-token-django_u-GBiwRJHL8Noio8n2kL0i-1741890920";
GRANT SELECT,INSERT,DELETE,UPDATE ON TABLE public.user_profiles TO "v-token-django_u-o184yLaE9u0z7ESsBMmg-1741890939";
GRANT SELECT,INSERT,DELETE,UPDATE ON TABLE public.user_profiles TO "v-token-django_u-h2WHcdBXleJd0vf6fTyo-1741890939";


--
-- Name: TABLE user_profiles_friends; Type: ACL; Schema: public; Owner: v-token-django_u-w3DtxiWjV7qiMKHn3hG7-1741890674
--

REVOKE ALL ON TABLE public.user_profiles_friends FROM "v-token-django_u-w3DtxiWjV7qiMKHn3hG7-1741890674";
GRANT SELECT,INSERT,DELETE,UPDATE ON TABLE public.user_profiles_friends TO "v-token-django_u-NPxPSwPwb3b9BlVb0Tuh-1741890919";
GRANT SELECT,INSERT,DELETE,UPDATE ON TABLE public.user_profiles_friends TO "v-token-django_u-GBiwRJHL8Noio8n2kL0i-1741890920";
GRANT SELECT,INSERT,DELETE,UPDATE ON TABLE public.user_profiles_friends TO "v-token-django_u-o184yLaE9u0z7ESsBMmg-1741890939";
GRANT SELECT,INSERT,DELETE,UPDATE ON TABLE public.user_profiles_friends TO "v-token-django_u-h2WHcdBXleJd0vf6fTyo-1741890939";


--
-- Name: SEQUENCE user_profiles_friends_id_seq; Type: ACL; Schema: public; Owner: v-token-django_u-w3DtxiWjV7qiMKHn3hG7-1741890674
--

REVOKE ALL ON SEQUENCE public.user_profiles_friends_id_seq FROM "v-token-django_u-w3DtxiWjV7qiMKHn3hG7-1741890674";
GRANT SELECT,USAGE ON SEQUENCE public.user_profiles_friends_id_seq TO "v-token-django_u-NPxPSwPwb3b9BlVb0Tuh-1741890919";
GRANT SELECT,USAGE ON SEQUENCE public.user_profiles_friends_id_seq TO "v-token-django_u-GBiwRJHL8Noio8n2kL0i-1741890920";
GRANT SELECT,USAGE ON SEQUENCE public.user_profiles_friends_id_seq TO "v-token-django_u-o184yLaE9u0z7ESsBMmg-1741890939";
GRANT SELECT,USAGE ON SEQUENCE public.user_profiles_friends_id_seq TO "v-token-django_u-h2WHcdBXleJd0vf6fTyo-1741890939";


--
-- Name: TABLE user_profiles_groups; Type: ACL; Schema: public; Owner: v-token-django_u-w3DtxiWjV7qiMKHn3hG7-1741890674
--

REVOKE ALL ON TABLE public.user_profiles_groups FROM "v-token-django_u-w3DtxiWjV7qiMKHn3hG7-1741890674";
GRANT SELECT,INSERT,DELETE,UPDATE ON TABLE public.user_profiles_groups TO "v-token-django_u-NPxPSwPwb3b9BlVb0Tuh-1741890919";
GRANT SELECT,INSERT,DELETE,UPDATE ON TABLE public.user_profiles_groups TO "v-token-django_u-GBiwRJHL8Noio8n2kL0i-1741890920";
GRANT SELECT,INSERT,DELETE,UPDATE ON TABLE public.user_profiles_groups TO "v-token-django_u-o184yLaE9u0z7ESsBMmg-1741890939";
GRANT SELECT,INSERT,DELETE,UPDATE ON TABLE public.user_profiles_groups TO "v-token-django_u-h2WHcdBXleJd0vf6fTyo-1741890939";


--
-- Name: SEQUENCE user_profiles_groups_id_seq; Type: ACL; Schema: public; Owner: v-token-django_u-w3DtxiWjV7qiMKHn3hG7-1741890674
--

REVOKE ALL ON SEQUENCE public.user_profiles_groups_id_seq FROM "v-token-django_u-w3DtxiWjV7qiMKHn3hG7-1741890674";
GRANT SELECT,USAGE ON SEQUENCE public.user_profiles_groups_id_seq TO "v-token-django_u-NPxPSwPwb3b9BlVb0Tuh-1741890919";
GRANT SELECT,USAGE ON SEQUENCE public.user_profiles_groups_id_seq TO "v-token-django_u-GBiwRJHL8Noio8n2kL0i-1741890920";
GRANT SELECT,USAGE ON SEQUENCE public.user_profiles_groups_id_seq TO "v-token-django_u-o184yLaE9u0z7ESsBMmg-1741890939";
GRANT SELECT,USAGE ON SEQUENCE public.user_profiles_groups_id_seq TO "v-token-django_u-h2WHcdBXleJd0vf6fTyo-1741890939";


--
-- Name: SEQUENCE user_profiles_id_seq; Type: ACL; Schema: public; Owner: v-token-django_u-w3DtxiWjV7qiMKHn3hG7-1741890674
--

REVOKE ALL ON SEQUENCE public.user_profiles_id_seq FROM "v-token-django_u-w3DtxiWjV7qiMKHn3hG7-1741890674";
GRANT SELECT,USAGE ON SEQUENCE public.user_profiles_id_seq TO "v-token-django_u-NPxPSwPwb3b9BlVb0Tuh-1741890919";
GRANT SELECT,USAGE ON SEQUENCE public.user_profiles_id_seq TO "v-token-django_u-GBiwRJHL8Noio8n2kL0i-1741890920";
GRANT SELECT,USAGE ON SEQUENCE public.user_profiles_id_seq TO "v-token-django_u-o184yLaE9u0z7ESsBMmg-1741890939";
GRANT SELECT,USAGE ON SEQUENCE public.user_profiles_id_seq TO "v-token-django_u-h2WHcdBXleJd0vf6fTyo-1741890939";


--
-- Name: TABLE user_profiles_user_permissions; Type: ACL; Schema: public; Owner: v-token-django_u-w3DtxiWjV7qiMKHn3hG7-1741890674
--

REVOKE ALL ON TABLE public.user_profiles_user_permissions FROM "v-token-django_u-w3DtxiWjV7qiMKHn3hG7-1741890674";
GRANT SELECT,INSERT,DELETE,UPDATE ON TABLE public.user_profiles_user_permissions TO "v-token-django_u-NPxPSwPwb3b9BlVb0Tuh-1741890919";
GRANT SELECT,INSERT,DELETE,UPDATE ON TABLE public.user_profiles_user_permissions TO "v-token-django_u-GBiwRJHL8Noio8n2kL0i-1741890920";
GRANT SELECT,INSERT,DELETE,UPDATE ON TABLE public.user_profiles_user_permissions TO "v-token-django_u-o184yLaE9u0z7ESsBMmg-1741890939";
GRANT SELECT,INSERT,DELETE,UPDATE ON TABLE public.user_profiles_user_permissions TO "v-token-django_u-h2WHcdBXleJd0vf6fTyo-1741890939";


--
-- Name: SEQUENCE user_profiles_user_permissions_id_seq; Type: ACL; Schema: public; Owner: v-token-django_u-w3DtxiWjV7qiMKHn3hG7-1741890674
--

REVOKE ALL ON SEQUENCE public.user_profiles_user_permissions_id_seq FROM "v-token-django_u-w3DtxiWjV7qiMKHn3hG7-1741890674";
GRANT SELECT,USAGE ON SEQUENCE public.user_profiles_user_permissions_id_seq TO "v-token-django_u-NPxPSwPwb3b9BlVb0Tuh-1741890919";
GRANT SELECT,USAGE ON SEQUENCE public.user_profiles_user_permissions_id_seq TO "v-token-django_u-GBiwRJHL8Noio8n2kL0i-1741890920";
GRANT SELECT,USAGE ON SEQUENCE public.user_profiles_user_permissions_id_seq TO "v-token-django_u-o184yLaE9u0z7ESsBMmg-1741890939";
GRANT SELECT,USAGE ON SEQUENCE public.user_profiles_user_permissions_id_seq TO "v-token-django_u-h2WHcdBXleJd0vf6fTyo-1741890939";


--
-- PostgreSQL database dump complete
--

